ply
format ascii 1.0
element vertex 3433
property float x
property float y
property float z
end_header
0.4337870180606842 0.24292123317718506 2.334867238998413
0.4111340343952179 0.040320903062820435 2.8244128227233887
0.03201214596629143 -0.12485545128583908 3.3388240337371826
0.8790891170501709 0.07449351251125336 2.4721195697784424
0.6451279520988464 -0.013454877771437168 2.8638641834259033
0.3580636978149414 0.125623881816864 2.626457929611206
0.34239083528518677 0.3609820306301117 2.080444812774658
0.36452779173851013 0.3492183983325958 2.1024832725524902
-0.17472916841506958 0.18367967009544373 2.650017499923706
-0.27115848660469055 0.1848151981830597 2.659430503845215
-0.30878907442092896 0.15809747576713562 2.7312958240509033
0.13015176355838776 0.2867504358291626 2.3030803203582764
0.44773945212364197 0.26617833971977234 2.2856898307800293
0.5479145050048828 0.258399099111557 2.2643215656280518
0.04279283061623573 0.3491378128528595 2.192847728729248
0.7716348171234131 -0.020418720319867134 2.8434550762176514
0.2598041594028473 0.2846202552318573 2.2836802005767822
-0.16848574578762054 0.15586809813976288 2.6973650455474854
0.6274603009223938 0.11792168766260147 2.5674076080322266
0.5124762654304504 0.25330477952957153 2.2779295444488525
0.6019873023033142 0.059158261865377426 2.714679002761841
0.2280486673116684 0.40616703033447266 2.0060296058654785
0.15395449101924896 0.3896939158439636 2.059664011001587
0.0745219811797142 -0.16941820085048676 3.3895857334136963
0.37598833441734314 0.1683150976896286 2.510204315185547
0.13158142566680908 0.147355318069458 2.6421408653259277
-0.04558715224266052 0.3489367961883545 2.1971607208251953
0.5005744099617004 0.053335342556238174 2.7600128650665283
0.5624983310699463 0.2688436806201935 2.241849422454834
0.42434197664260864 0.26934394240379333 2.2853245735168457
0.5886585116386414 0.16503332555294037 2.4889373779296875
0.5080010294914246 0.011138316243886948 2.837606906890869
0.0703013688325882 -0.08343402296304703 3.2075390815734863
0.7720416784286499 0.05911290645599365 2.670743227005005
0.2156626582145691 0.34888970851898193 2.1470844745635986
0.4211089313030243 -0.018903346732258797 2.942142963409424
-0.07272086292505264 0.333723783493042 2.250486373901367
0.02134341187775135 0.16987532377243042 2.6147336959838867
0.5148007869720459 0.19406792521476746 2.4191436767578125
0.19318720698356628 0.3854643404483795 2.065861940383911
0.1910845786333084 0.368709534406662 2.091794490814209
0.16016289591789246 0.26495832204818726 2.3636958599090576
0.22364351153373718 0.3723813593387604 2.0693702697753906
0.8745168447494507 0.013873989693820477 2.598867893218994
-0.4729051887989044 0.3764004111289978 2.267360210418701
0.2648012936115265 0.08536627888679504 2.732182264328003
0.7201497554779053 -0.03518711403012276 2.8950302600860596
0.4382357895374298 0.348183274269104 2.094134569168091
0.3720169961452484 0.19063401222229004 2.465871810913086
-0.28607437014579773 -0.0038900028448551893 3.1257669925689697
0.26067936420440674 0.40742579102516174 1.9942162036895752
0.6234214305877686 -0.07387284934520721 3.0258052349090576
0.46428969502449036 0.35882407426834106 2.0628468990325928
0.6891773343086243 0.1736793965101242 2.4219255447387695
-0.21106909215450287 0.1619187444448471 2.700394868850708
0.5412926077842712 0.20618398487567902 2.3930914402008057
0.20387490093708038 0.3329519033432007 2.1795215606689453
-0.0014484298881143332 0.4132855534553528 2.045888662338257
0.4951830506324768 0.30993446707725525 2.157407760620117
0.15447278320789337 0.3442390263080597 2.1734540462493896
0.3316883146762848 0.39749574661254883 2.002660036087036
0.577462375164032 0.008364113979041576 2.830944299697876
0.41698983311653137 -0.09186528623104095 3.1327028274536133
0.129280224442482 0.055748097598552704 2.8496816158294678
0.4581000506877899 -0.009570589289069176 2.9240100383758545
0.525417149066925 0.23031555116176605 2.3451151847839355
0.7977902889251709 0.12161626666784286 2.5053188800811768
0.08430442214012146 0.02953435480594635 2.940890312194824
0.26090994477272034 0.15123619139194489 2.593013286590576
0.06603456288576126 0.06192340701818466 2.8736488819122314
0.4571393132209778 0.20506665110588074 2.416555404663086
0.28991201519966125 0.351913183927536 2.124258518218994
0.10020512342453003 0.28823620080947876 2.321430206298828
0.09570654481649399 0.2726523280143738 2.3539845943450928
0.7952814102172852 0.021872971206903458 2.749596357345581
-0.02178625948727131 0.19200792908668518 2.5800814628601074
0.7137429118156433 0.09017299115657806 2.611210823059082
0.09796605259180069 0.2541152536869049 2.3941495418548584
0.4258498251438141 0.21223466098308563 2.408043384552002
-0.030526071786880493 0.07714986056089401 2.885890245437622
0.6927786469459534 -0.05098189041018486 2.9426863193511963
0.6020911931991577 0.09732325375080109 2.63319730758667
-0.10152508318424225 0.1862412989139557 2.611253499984741
0.40941137075424194 0.25959011912345886 2.3163442611694336
0.41481339931488037 0.15093772113323212 2.557567596435547
0.46088355779647827 0.0633358433842659 2.746793270111084
0.3577892780303955 0.2118082195520401 2.4201300144195557
0.3321777284145355 0.11371701210737228 2.652515172958374
0.08388002961874008 0.21914173662662506 2.4700558185577393
-0.06478097289800644 0.10837727040052414 2.791987180709839
-0.4306284785270691 -0.0003833641530945897 3.155945301055908
0.21718817949295044 0.22260694205760956 2.433835744857788
0.02973528765141964 -0.03529363498091698 3.110342025756836
-0.01855200156569481 0.023511774837970734 3.010465383529663
0.30560851097106934 0.10337862372398376 2.706336736679077
0.620414137840271 0.2456655502319336 2.2767975330352783
-0.463684618473053 0.030896740034222603 3.0929768085479736
-0.3326287865638733 0.17514154314994812 2.6982460021972656
0.4096858501434326 -0.12624365091323853 3.2145862579345703
0.1334437131881714 0.40823814272880554 2.026765823364258
-0.16507531702518463 0.36347463726997375 2.2001230716705322
-0.1272815763950348 0.22147884964942932 2.5325441360473633
0.16210860013961792 0.2974301278591156 2.281984329223633
-0.07383822649717331 0.05874962732195854 2.9290177822113037
0.6713043451309204 -0.13510273396968842 3.089203357696533
0.5689640045166016 0.09503811597824097 2.657823085784912
0.41343599557876587 0.3414129912853241 2.11141037940979
0.053435396403074265 0.41234076023101807 2.03104567527771
0.2808501124382019 0.3046622574329376 2.2258596420288086
-0.08239711821079254 0.16888444125652313 2.6404123306274414
0.2966393828392029 0.2500312924385071 2.3503189086914062
-0.4735012352466583 0.1598445326089859 2.782461643218994
0.5180845260620117 0.0826796218752861 2.690476417541504
0.29573312401771545 0.27135610580444336 2.3032779693603516
0.4007018208503723 0.3808191418647766 2.0101780891418457
0.3874690532684326 0.2988906502723694 2.2317757606506348
-0.09029506891965866 0.3933253884315491 2.092134475708008
-0.5082584023475647 0.1801316887140274 2.7299790382385254
0.5839590430259705 0.31274425983428955 2.134895086288452
-0.38878849148750305 0.40844815969467163 2.1406688690185547
0.28159308433532715 0.21054399013519287 2.448239803314209
-0.07240139693021774 -0.10425392538309097 3.303576707839966
0.44877147674560547 0.2792891263961792 2.226916790008545
-0.45808976888656616 -0.021039318293333054 3.172424554824829
0.38939541578292847 0.13916358351707458 2.5821540355682373
0.4054570198059082 -0.16121701896190643 3.268324851989746
0.04296329617500305 0.2867165207862854 2.3298540115356445
-0.4280490279197693 0.273520827293396 2.497250556945801
0.5984849333763123 0.22969236969947815 2.3237478733062744
0.7331720590591431 -0.01308351382613182 2.831367254257202
-0.14002223312854767 0.12155374139547348 2.784666061401367
0.2130761295557022 0.17318883538246155 2.5494112968444824
-0.14835457503795624 -0.03811102360486984 3.1738858222961426
0.4671376943588257 0.311326801776886 2.172292947769165
0.4948129951953888 0.1838633269071579 2.4436140060424805
-0.04478680342435837 0.33027026057243347 2.244079351425171
0.45799365639686584 0.1680111140012741 2.4969983100891113
0.3357340395450592 0.3820021152496338 2.027435541152954
-0.06068134680390358 0.38151881098747253 2.114882707595825
0.473661869764328 -0.10200757533311844 3.1359875202178955
0.03492141515016556 0.4880865514278412 1.8833953142166138
-0.299704372882843 0.43671202659606934 2.054560661315918
0.11471541970968246 0.31528571248054504 2.250718832015991
0.7183136940002441 0.0562421940267086 2.705155372619629
0.008196872659027576 0.3223685920238495 2.259117364883423
-0.09582384675741196 0.46852871775627136 1.915615439414978
0.4438842535018921 -0.1562674194574356 3.277759552001953
0.2300359010696411 0.10517989099025726 2.716463327407837
0.43519675731658936 0.1600314974784851 2.525141477584839
0.37011635303497314 0.3312864899635315 2.1463351249694824
-0.129825621843338 0.4013636112213135 2.1192305088043213
0.33898308873176575 0.324222207069397 2.163245439529419
0.546309232711792 0.022427240386605263 2.803569793701172
0.7753497362136841 0.10544740408658981 2.5624356269836426
0.5803868174552917 0.2965441942214966 2.1675703525543213
0.11142122745513916 0.3395581841468811 2.190885305404663
0.7592971920967102 0.16259866952896118 2.44467830657959
0.1978125423192978 0.28020036220550537 2.3020825386047363
0.15089750289916992 0.4069744944572449 2.018744707107544
0.028849415481090546 0.41456615924835205 2.035393238067627
0.13694819808006287 0.3202093541622162 2.237220525741577
0.6854768991470337 0.0033484906889498234 2.818816900253296
0.10901378840208054 -0.17348907887935638 3.3980164527893066
0.34315434098243713 0.23429587483406067 2.37965989112854
0.13859160244464874 0.12729412317276 2.661637306213379
0.33842673897743225 -0.2340768426656723 3.5249011516571045
-0.0320243313908577 0.14339230954647064 2.695054769515991
0.14906153082847595 0.09507664293050766 2.748581886291504
0.33256641030311584 0.26365262269973755 2.3066868782043457
-0.17963963747024536 0.30180948972702026 2.3662350177764893
0.1009257510304451 -0.06497491896152496 3.143547773361206
0.6533279418945312 0.21895542740821838 2.331979274749756
-0.47037839889526367 0.19070203602313995 2.7062885761260986
0.010649595409631729 0.39067089557647705 2.0895283222198486
0.6047267913818359 0.30142226815223694 2.1502010822296143
0.7627589702606201 0.19012044370174408 2.3627498149871826
0.36099809408187866 0.24072635173797607 2.3720712661743164
0.10198919475078583 0.4211702048778534 2.004669666290283
0.7208015322685242 0.12521760165691376 2.5502171516418457
-0.11084525287151337 -0.02820318005979061 3.131502151489258
-0.22273214161396027 0.3778248429298401 2.1882476806640625
-0.3057080805301666 0.3081991672515869 2.3966128826141357
0.4145738184452057 0.18681810796260834 2.4549853801727295
-0.0951555147767067 0.12525376677513123 2.775533437728882
-0.33535104990005493 0.21965144574642181 2.6104891300201416
-0.39554476737976074 0.12900188565254211 2.823439598083496
0.40108010172843933 0.1783229559659958 2.491042137145996
0.27429506182670593 0.3805299401283264 2.0445590019226074
0.41088077425956726 0.3616322875022888 2.051177978515625
0.5315408706665039 0.1564069241285324 2.5113463401794434
0.6770736575126648 0.05568791180849075 2.7217164039611816
-0.20159290730953217 0.45801809430122375 1.981818675994873
-0.1378493756055832 0.3702528774738312 2.131511926651001
0.6029254794120789 0.2666696310043335 2.2508645057678223
0.3748815357685089 0.21014592051506042 2.4114935398101807
-0.04986888915300369 0.4101395905017853 2.069084644317627
0.09751446545124054 0.19004684686660767 2.5320427417755127
0.10206857323646545 0.13168533146381378 2.7141220569610596
0.09239352494478226 0.4106491804122925 2.0342531204223633
0.08207079023122787 0.09435975551605225 2.7664072513580322
-0.5017744302749634 0.10025129467248917 2.9260573387145996
0.12208697944879532 0.47492703795433044 1.8571155071258545
0.32073816657066345 0.17671968042850494 2.517749071121216
0.5263816714286804 -0.08140543848276138 3.054522752761841
0.28618788719177246 -0.0026150736957788467 2.9475104808807373
0.021930111572146416 0.04232160001993179 2.96195912361145
0.23017369210720062 0.46666672825813293 1.8516643047332764
0.31240466237068176 0.22100897133350372 2.4104673862457275
0.6676934957504272 -0.10355205833911896 3.055896282196045
0.49209117889404297 0.4587448239326477 1.935338020324707
0.6616211533546448 0.0879213735461235 2.6145179271698
0.0826740637421608 0.35916775465011597 2.13712477684021
0.0689094066619873 0.3190969228744507 2.241666316986084
0.31446072459220886 0.30118897557258606 2.234621286392212
-0.44647476077079773 0.18030034005641937 2.71328067779541
0.1753549575805664 0.5165186524391174 1.8749781847000122
-0.09567674994468689 0.15607833862304688 2.6866235733032227
0.5343112349510193 0.303930401802063 2.1683037281036377
0.3016757667064667 0.020787883549928665 2.8759639263153076
0.05990175902843475 0.2604437470436096 2.3934249877929688
0.4687323272228241 0.1738942563533783 2.4645473957061768
-0.4272915720939636 0.08724365383386612 2.9586727619171143
-0.3381679356098175 0.2600604295730591 2.5427494049072266
-0.4065130352973938 0.2600337266921997 2.502852439880371
0.009593885391950607 0.4746464788913727 1.881130337715149
0.38156723976135254 0.25015804171562195 2.3349690437316895
0.4221947193145752 0.3201650083065033 2.1668152809143066
0.17293688654899597 0.40097928047180176 2.0421180725097656
-0.3964742422103882 0.17205515503883362 2.74043345451355
0.35461798310279846 0.16056717932224274 2.5367672443389893
0.19698134064674377 0.2396312952041626 2.3950905799865723
-0.19581419229507446 0.2163216471672058 2.573232650756836
0.7026528716087341 0.22430719435214996 2.304831027984619
0.5847317576408386 0.1910228282213211 2.4160420894622803
0.3027975261211395 0.1385945826768875 2.584125518798828
-0.2652481198310852 -0.07360082864761353 3.2992677688598633
0.12705577909946442 0.3801676630973816 2.0867390632629395
-0.09740994870662689 0.010353689081966877 3.041200876235962
0.04403053596615791 -0.16164569556713104 3.386186122894287
0.07007433474063873 0.47349557280540466 1.866365909576416
-0.36274096369743347 0.2022370845079422 2.6514840126037598
0.6307427883148193 0.1924067586660385 2.395303726196289
0.0015034553362056613 0.09159532934427261 2.7978365421295166
0.5883878469467163 -0.09449008852243423 3.071031332015991
0.21257954835891724 0.2589888572692871 2.356536388397217
0.045101407915353775 0.11003390699625015 2.778632879257202
10.909266471862793 -13.09477710723877 42.88973617553711
0.45920315384864807 0.22748710215091705 2.358741521835327
0.322983980178833 0.14738987386226654 2.583327054977417
0.04899834841489792 0.3643454313278198 2.1489980220794678
0.32879209518432617 0.22763335704803467 2.3922982215881348
0.6501347422599792 0.15041938424110413 2.491071939468384
0.25784870982170105 0.39118850231170654 2.0254149436950684
-0.01708190143108368 0.16555024683475494 2.6349973678588867
-0.3622370660305023 0.27646711468696594 2.467216968536377
0.13383615016937256 0.342262864112854 2.185614585876465
0.36653608083724976 0.03177855163812637 2.8251068592071533
0.49205490946769714 0.21761994063854218 2.3754096031188965
0.26473745703697205 0.1927795261144638 2.5269439220428467
-0.5320655107498169 0.0861678272485733 2.932263135910034
-0.16985520720481873 0.39153948426246643 2.1449646949768066
0.12409965693950653 0.3915071189403534 2.073986768722534
-0.06159200519323349 0.3037949800491333 2.315882921218872
0.46474120020866394 -0.13030029833316803 3.1938955783843994
0.6791098117828369 0.20389311015605927 2.356356143951416
0.6705777645111084 0.14930565655231476 2.4735119342803955
-0.15381969511508942 0.3921106159687042 2.117251396179199
0.6218366026878357 0.1766112595796585 2.4344611167907715
0.5614478588104248 0.1553748995065689 2.493880033493042
0.6352285146713257 0.04941762611269951 2.725609540939331
-0.41526415944099426 0.3096601665019989 2.3946404457092285
0.506352961063385 0.22389952838420868 2.355276107788086
0.5794726014137268 0.21878644824028015 2.339454174041748
-0.2480875849723816 0.1323167085647583 2.7736012935638428
-0.3874298334121704 0.21989017724990845 2.60341215133667
0.29215094447135925 0.4018278121948242 1.9926508665084839
0.15221594274044037 0.2140585035085678 2.4907281398773193
0.6316087245941162 0.015643980354070663 2.804231882095337
-0.2858523428440094 0.24137842655181885 2.4998109340667725
0.24258728325366974 -0.14202454686164856 3.29461407661438
0.6883355975151062 0.2436305433511734 2.266326665878296
0.36827126145362854 0.3205992877483368 2.165881633758545
0.44584178924560547 0.221012681722641 2.3725953102111816
-0.07815505564212799 -0.013100170530378819 3.0818400382995605
0.704996645450592 0.14931441843509674 2.4770750999450684
-0.45634689927101135 0.23565174639225006 2.6121246814727783
0.15064497292041779 0.416058212518692 1.9918063879013062
-0.07894091308116913 -0.06373593211174011 3.243192434310913
0.07333708554506302 0.3940369784832001 2.0788605213165283
0.469292014837265 0.012247278355062008 2.8558743000030518
0.14605271816253662 0.24479971826076508 2.424004316329956
-0.11475127190351486 0.42462581396102905 1.916463851928711
2.676584243774414 -3.1659154891967773 14.762592315673828
0.48550450801849365 0.2360846996307373 2.344123125076294
-0.21227703988552094 0.2122616022825241 2.564830780029297
0.6668871641159058 0.25917956233024597 2.2357177734375
0.2371082752943039 -0.07426494359970093 3.126621961593628
0.6677675247192383 -0.04672970250248909 2.9386749267578125
0.24865581095218658 0.3718802034854889 2.0823817253112793
0.011218481697142124 0.4472024440765381 1.9122270345687866
0.7693696618080139 0.19377250969409943 2.3181703090667725
-0.3917185366153717 0.3032509386539459 2.393073558807373
-0.2556159794330597 0.3654017150402069 2.217738389968872
1.3306760787963867 -3.7949230670928955 18.094396591186523
0.12076717615127563 0.5093492865562439 1.8791108131408691
0.4047611951828003 0.3046310245990753 2.1920065879821777
0.05993185564875603 0.4972883462905884 1.8965222835540771
0.110362209379673 0.07782916724681854 2.786929130554199
0.755056619644165 0.010213719680905342 2.784036636352539
0.3043420612812042 0.16155532002449036 2.5736100673675537
0.5690749883651733 0.032066892832517624 2.792017698287964
-0.22583414614200592 0.3456719219684601 2.2700719833374023
0.08062610775232315 0.1266709566116333 2.7199363708496094
-0.16003917157649994 0.3185603618621826 2.3472936153411865
-0.12602105736732483 0.10427318513393402 2.819837808609009
0.7820371389389038 0.1603318303823471 2.42315411567688
0.3471935987472534 0.3410227298736572 2.1220693588256836
0.5662227869033813 -0.06351166218519211 3.010638475418091
-0.37321364879608154 0.30319666862487793 2.411482095718384
0.42956915497779846 0.12728136777877808 2.6116628646850586
-0.45517027378082275 0.15051688253879547 2.798379898071289
0.6339467763900757 -0.06259611248970032 2.995689630508423
-0.48578786849975586 0.00864318199455738 3.1187119483947754
2.204854965209961 -3.8642733097076416 17.614553451538086
-0.26600193977355957 0.1411399096250534 2.7661092281341553
0.22514651715755463 0.2678941786289215 2.3471269607543945
-0.09970678389072418 0.20301096141338348 2.569288492202759
0.25312885642051697 0.24333666265010834 2.362985134124756
0.06012425571680069 0.30932876467704773 2.2843451499938965
-0.3913247585296631 0.20396986603736877 2.6455955505371094
0.2731480002403259 0.12702040374279022 2.6279287338256836
-0.1624586433172226 0.06765734404325485 2.908808469772339
-0.32883450388908386 0.01910717412829399 3.092241048812866
0.6341302394866943 -0.04387550428509712 2.947201728820801
0.37415727972984314 0.37694427371025085 2.037909746170044
0.29952266812324524 -0.1798262894153595 3.3592612743377686
0.07715045660734177 0.38313332200050354 2.1213576793670654
0.37121573090553284 0.2435949295759201 2.3563010692596436
6.088491916656494 -13.711355209350586 47.36359405517578
0.24230130016803741 0.25613629817962646 2.360238552093506
0.37621432542800903 0.39727291464805603 1.9888758659362793
0.2185056358575821 -0.03467369079589844 3.0631039142608643
0.8790687918663025 0.12518996000289917 2.3539133071899414
0.1110614463686943 0.4087570011615753 2.0309934616088867
0.27467110753059387 0.3365737199783325 2.157585382461548
0.42493245005607605 0.3880448043346405 2.0055549144744873
0.5978085398674011 0.1244303286075592 2.576657772064209
0.6366430521011353 0.28846898674964905 2.209190845489502
0.22731997072696686 0.18848851323127747 2.518324136734009
0.5982885360717773 -0.11171083152294159 3.1250967979431152
0.4080493450164795 0.20575231313705444 2.4165477752685547
-0.34362807869911194 0.2726916968822479 2.433622121810913
0.3921046257019043 0.19727377593517303 2.4517829418182373
0.19316890835762024 0.2563883662223816 2.379422187805176
0.06485222280025482 0.4110921323299408 2.0181267261505127
0.2523512542247772 0.2662999629974365 2.331234931945801
3.1875998973846436 -2.4541640281677246 11.953083038330078
-0.3917808532714844 0.15452228486537933 2.759770631790161
0.6667366623878479 -0.06806832551956177 2.9776628017425537
0.20482072234153748 0.12765470147132874 2.657425880432129
-0.12326773256063461 0.33624014258384705 2.25197434425354
-0.16245713829994202 0.34137165546417236 2.2686243057250977
-0.3537605106830597 0.3303624093532562 2.3381667137145996
0.08242078125476837 0.4030986726284027 2.059262275695801
-0.2092270404100418 0.2824368178844452 2.393681287765503
0.711816668510437 0.04285287484526634 2.736971855163574
0.45839643478393555 0.32614192366600037 2.1424720287323
3.938001871109009 -7.603682518005371 28.634023666381836
0.7693382501602173 0.14438052475452423 2.487199544906616
0.3914448618888855 0.25289738178253174 2.3194353580474854
0.5568681955337524 0.2402874082326889 2.3024721145629883
-0.144218310713768 0.24486494064331055 2.4822490215301514
0.4728034734725952 0.2755816876888275 2.2445945739746094
0.03589500114321709 0.18324922025203705 2.5725021362304688
0.2536535859107971 0.12646286189556122 2.672335386276245
0.541094958782196 0.314550518989563 2.145881175994873
-0.275637149810791 0.3983767032623291 2.017385959625244
-0.00826367735862732 0.48461875319480896 1.8970868587493896
0.1338985413312912 0.395974338054657 2.0474534034729004
-0.12596802413463593 -0.00047677967813797295 3.075192451477051
4.525783538818359 -13.719132423400879 47.72842025756836
0.4568907618522644 0.395847350358963 2.011167526245117
0.30327004194259644 -0.13914276659488678 3.310206651687622
0.5299292802810669 0.3509907126426697 2.081563949584961
0.2517607510089874 -0.17736931145191193 3.375195264816284
0.016978060826659203 0.0958467647433281 2.8045692443847656
-0.27863609790802 0.32143908739089966 2.343662977218628
0.39889657497406006 0.36781546473503113 2.0483391284942627
0.5697686672210693 0.2815752327442169 2.1911208629608154
-0.1824159026145935 0.3684481680393219 2.1759262084960938
0.0964687168598175 0.0734819620847702 2.8197531700134277
0.2027207612991333 0.41394346952438354 1.995225429534912
0.30382949113845825 0.31546348333358765 2.211846113204956
-0.18018876016139984 0.24147213995456696 2.481057643890381
-0.019956663250923157 -0.08024603873491287 3.2306909561157227
-0.21629425883293152 -0.028391413390636444 3.180915117263794
0.3322308361530304 0.1724114567041397 2.497626781463623
-0.35705041885375977 0.26345881819725037 2.495877265930176
-0.1410357505083084 0.3839350938796997 2.1330413818359375
0.5371720194816589 0.06649908423423767 2.7274973392486572
0.6388804912567139 0.032255902886390686 2.7821812629699707
-0.4398997724056244 0.12739203870296478 2.841641426086426
0.7611009478569031 0.024213794618844986 2.750882148742676
-0.3531434237957001 0.18528427183628082 2.6992990970611572
-0.19507478177547455 0.32094046473503113 2.320345640182495
0.47944942116737366 0.2131941318511963 2.376203775405884
-0.03607965260744095 0.11324425041675568 2.783127784729004
0.5490574240684509 0.17420117557048798 2.4764349460601807
-0.3737010359764099 0.11327959597110748 2.8812785148620605
0.23722590506076813 0.16067685186862946 2.5915019512176514
-0.2800144851207733 0.3685275614261627 2.1705002784729004
0.06797271221876144 -0.1991022229194641 3.4524483680725098
0.5772153735160828 0.2575819790363312 2.2679479122161865
0.21836327016353607 0.3872820734977722 2.03471040725708
-0.4522567391395569 0.2770920693874359 2.47507381439209
0.6216953992843628 -0.02441909722983837 2.891969919204712
0.5846689343452454 0.03583040460944176 2.792344093322754
0.008755628019571304 0.36087918281555176 2.181056261062622
2.288011312484741 -2.9677367210388184 14.202746391296387
-0.4151601791381836 -0.057790227234363556 3.2538297176361084
0.7370700240135193 0.22734980285167694 2.2501609325408936
-0.33172541856765747 0.336414098739624 2.2998597621917725
0.7502202987670898 0.12822143733501434 2.543544054031372
-0.23144596815109253 0.32027649879455566 2.325376033782959
0.4920895993709564 0.3390141725540161 2.1238322257995605
0.26176178455352783 0.300508052110672 2.2482924461364746
-0.012107047252357006 0.5269061923027039 1.922824501991272
0.11324112117290497 0.41665562987327576 1.9910056591033936
0.2918447256088257 0.09405164420604706 2.725849151611328
-0.021466562524437904 0.33870333433151245 2.222844123840332
-0.034897372126579285 0.3663969933986664 2.1561834812164307
0.46264761686325073 0.042722031474113464 2.7768096923828125
0.2359590083360672 0.27954885363578796 2.320276975631714
0.6553530693054199 0.23039548099040985 2.3009958267211914
0.05042931064963341 0.10936298966407776 2.7282121181488037
0.014107655733823776 0.09417667984962463 2.75879168510437
-0.3198133707046509 0.6141077876091003 2.1508629322052
0.006316056475043297 0.12738992273807526 2.6953790187835693
-0.07399986684322357 0.4095821678638458 2.077260732650757
-0.36899513006210327 0.25683048367500305 2.4802119731903076
-0.020464731380343437 0.35281047224998474 2.202892541885376
0.1711917221546173 -0.14135904610157013 3.2035272121429443
-0.1830546110868454 0.010372409597039223 2.9380502700805664
-0.33956068754196167 0.6577200293540955 2.1866447925567627
-0.4025760889053345 0.7379803657531738 2.296820878982544
-0.3141719400882721 0.5548139810562134 2.119965076446533
-0.20474418997764587 -0.05779517814517021 3.0591208934783936
0.1772415190935135 0.4060600697994232 1.9966843128204346
-0.2148183435201645 0.6936318874359131 2.080693006515503
0.3423336446285248 0.009724011644721031 2.8880960941314697
-0.19189833104610443 0.6539604663848877 2.0484607219696045
-0.23794302344322205 0.3483413755893707 2.268173933029175
-0.254847913980484 0.586015522480011 2.0745625495910645
-0.0234677791595459 0.7706143260002136 2.004746437072754
-0.46369391679763794 0.4070737361907959 2.2679011821746826
0.44539666175842285 0.19882050156593323 2.4497742652893066
-0.3942452669143677 0.6823824644088745 2.2653236389160156
-0.30990469455718994 0.6852796077728271 2.1630377769470215
-0.4704177677631378 0.604802131652832 2.354785680770874
-0.29125240445137024 -0.05264325067400932 3.0458827018737793
-0.37768131494522095 0.7933240532875061 2.2821638584136963
-0.057176899164915085 0.396575003862381 2.1138877868652344
-0.3439687490463257 0.7614721059799194 2.232017755508423
-0.15342973172664642 0.7015208601951599 2.0371313095092773
-0.040071289986371994 0.07195375114679337 2.804551839828491
-0.0606156662106514 0.0045813024044036865 2.9432320594787598
0.18324388563632965 0.32474130392074585 2.214869260787964
-0.3430354595184326 0.28499913215637207 2.421027660369873
-0.3762250542640686 -0.04830494523048401 3.040107488632202
-0.02927410788834095 -0.16259072721004486 3.2294325828552246
-0.25356563925743103 0.8404273986816406 2.171156644821167
0.1032891720533371 0.39690545201301575 2.048142671585083
-0.4208405315876007 0.8108797073364258 2.343792200088501
-0.02597888745367527 0.8204907774925232 2.021921396255493
0.38371241092681885 0.3030068874359131 2.2049193382263184
0.15628357231616974 0.42200082540512085 1.9484695196151733
0.4555296003818512 0.03830501809716225 2.811603307723999
-0.47069332003593445 0.7855814099311829 2.4047205448150635
-0.4986419379711151 0.5417081117630005 2.3798837661743164
0.08674483001232147 -0.17164386808872223 3.2355663776397705
-0.20320932567119598 0.7792825102806091 2.1038382053375244
-0.26996085047721863 0.6817073225975037 2.119251251220703
0.28318271040916443 -0.13595262169837952 3.1788761615753174
-0.0846768245100975 -0.0064631360583007336 2.956451177597046
-0.24874036014080048 -0.07259709388017654 3.0838449001312256
0.7132302522659302 0.024085555225610733 2.7984344959259033
-0.6011719703674316 1.1189662218093872 2.343925952911377
-0.13664434850215912 0.026771776378154755 2.893059015274048
-0.2115868180990219 0.8284221291542053 2.1290366649627686
0.6306893229484558 -0.11396388709545135 3.087071418762207
-0.2828719913959503 0.6914209127426147 2.139098644256592
-0.3800694942474365 0.7081849575042725 2.25095534324646
0.8244127035140991 0.0023796858731657267 2.74872088432312
0.18948595225811005 0.11873277276754379 2.7070231437683105
-0.2926262617111206 0.33392593264579773 2.307739019393921
0.4634702503681183 0.33888477087020874 2.070467472076416
-0.19569426774978638 0.38551461696624756 2.1635355949401855
-0.2835143506526947 1.0234428644180298 2.250652551651001
0.7317692041397095 0.10509225726127625 2.601760149002075
0.03365981578826904 0.02093527279794216 2.9019346237182617
-0.2905736267566681 0.5427096486091614 2.0946898460388184
0.030269185081124306 -0.028531737625598907 2.9994583129882812
-0.08295390009880066 0.0519927442073822 2.849184274673462
0.3514915108680725 0.30549657344818115 2.2119791507720947
0.6320798397064209 0.26072460412979126 2.2051830291748047
-0.06221650913357735 1.115942120552063 2.040299892425537
-0.37158867716789246 0.7498218417167664 2.2568109035491943
-0.27276644110679626 0.8656424283981323 2.198167085647583
-0.2234055995941162 0.8867589831352234 2.161318063735962
0.1794770359992981 0.3944508135318756 2.025022029876709
0.06771527975797653 0.29752638936042786 2.3214807510375977
0.5273974537849426 0.32525357604026794 2.0832221508026123
-0.2928466498851776 0.6975515484809875 2.1575725078582764
0.017454836517572403 0.19695311784744263 2.5517594814300537
-0.14848287403583527 0.8605517148971558 2.1024551391601562
0.22129681706428528 -0.1394335925579071 3.1973254680633545
-0.082339346408844 0.9178200364112854 2.088730812072754
0.10984941571950912 0.13456712663173676 2.6702845096588135
-0.23949410021305084 0.8305237889289856 2.15272855758667
-0.25283411145210266 1.0015009641647339 2.227064609527588
0.36008429527282715 0.35880568623542786 2.0566630363464355
-0.12225336581468582 0.1992693692445755 2.5716192722320557
-0.16507942974567413 0.6598407030105591 2.0320146083831787
-0.2439340054988861 0.9812836647033691 2.215053081512451
0.2535157799720764 0.409805566072464 1.9468257427215576
0.6754842400550842 0.2563669979572296 2.200857400894165
0.5832040309906006 0.2886923849582672 2.147188663482666
0.5001022815704346 0.31349456310272217 2.1428701877593994
-0.19892092049121857 0.08082319051027298 2.802450656890869
-0.4708920419216156 0.3937120735645294 2.276254653930664
-0.4643293023109436 0.028739910572767258 2.9029910564422607
-0.44105055928230286 0.21725726127624512 2.5686817169189453
-0.19588923454284668 1.0005950927734375 2.1806142330169678
0.22802554070949554 -0.057032711803913116 3.032076120376587
-0.33143937587738037 0.5695650577545166 2.1489903926849365
-0.1249237135052681 0.8064875602722168 2.0652880668640137
-0.07754916697740555 -0.1165919378399849 3.1629638671875
-0.07557383924722672 -0.18218250572681427 3.2570056915283203
-0.5693641901016235 0.3480397164821625 2.4500412940979004
-0.2765480875968933 0.3608418405056 2.2739365100860596
-0.24530895054340363 -0.13685180246829987 3.186375617980957
-0.2828792631626129 0.8972623348236084 2.221172332763672
0.2779366970062256 -0.05275782570242882 3.023527145385742
0.10113170742988586 0.09946678578853607 2.740149974822998
0.43379971385002136 -0.04025289788842201 2.9739551544189453
-0.4935610890388489 0.6566663980484009 2.4102704524993896
0.4499256908893585 -0.20130936801433563 3.2476389408111572
-0.3807523250579834 0.24544155597686768 2.498500347137451
0.13539785146713257 0.08748925477266312 2.763829231262207
-0.218028724193573 -0.02179590053856373 2.9913861751556396
0.01697712391614914 1.1013556718826294 2.0382437705993652
-0.21650093793869019 -0.0865669772028923 3.10658597946167
0.5129085779190063 0.06479927897453308 2.7234394550323486
0.16373126208782196 0.10030160844326019 2.7210750579833984
-0.027119280770421028 0.3987804055213928 2.095242977142334
-0.3245154917240143 0.6424362063407898 2.16166353225708
-0.3465583026409149 0.6950651407241821 2.205155611038208
-0.1667994111776352 0.780326783657074 2.078909158706665
-0.13811957836151123 -0.14530082046985626 3.186992883682251
0.19663996994495392 0.0685877576470375 2.789249897003174
-0.2300400584936142 0.3285493552684784 2.3053197860717773
-0.3587191700935364 0.3020682632923126 2.387634038925171
-0.4571492373943329 0.8911083936691284 2.4126477241516113
-0.257293701171875 0.6283266544342041 2.0893490314483643
0.8090607523918152 -0.015831440687179565 2.7909765243530273
-0.2306148111820221 0.7879529595375061 2.126861572265625
0.7682517170906067 0.04339437186717987 2.7130510807037354
-0.37768903374671936 0.23000474274158478 2.5356035232543945
-0.20641884207725525 0.00047942603123374283 2.9540445804595947
-0.4076964259147644 0.18514384329319 2.631279945373535
0.1380566954612732 0.27713873982429504 2.3366739749908447
-0.1637127548456192 -0.09260517358779907 3.1244215965270996
-0.06136242672801018 0.061107486486434937 2.829148054122925
0.35196664929389954 0.2937223017215729 2.235640287399292
-0.6217305064201355 1.1480098962783813 2.270768880844116
-0.13246755301952362 1.1590712070465088 1.929644227027893
-0.16889579594135284 0.7324068546295166 2.0607495307922363
0.1763659566640854 0.23822741210460663 2.421647310256958
-0.33480384945869446 0.2953459918498993 2.4013798236846924
0.0963774248957634 0.4115109145641327 2.0071938037872314
0.24512428045272827 0.07801070809364319 2.7469258308410645
-0.2874836325645447 0.6515094041824341 2.1372230052948
-0.5078585743904114 0.516562283039093 2.3859035968780518
0.4408755600452423 0.2565377354621887 2.3085885047912598
0.4443682134151459 -0.24155782163143158 3.2716829776763916
-0.4028279185295105 0.7013756632804871 2.2818074226379395
0.030782857909798622 0.39765915274620056 2.0653488636016846
-0.5044134855270386 0.4030245542526245 2.3409178256988525
-0.2372579127550125 0.6174541711807251 2.0677907466888428
-0.021873200312256813 0.7084866762161255 1.9767667055130005
0.11666048318147659 0.41096076369285583 2.0037641525268555
-0.5839338898658752 0.5749847292900085 2.5631425380706787
-0.43123725056648254 0.44614073634147644 2.2296173572540283
0.28011706471443176 1.0929580926895142 1.6612831354141235
0.06871246546506882 -0.14256121218204498 3.186643600463867
0.015310714021325111 0.03879781439900398 2.866783618927002
-0.24178388714790344 0.1946820169687271 2.5819830894470215
-0.2546444535255432 0.5039418935775757 2.0373635292053223
-0.15828685462474823 0.5166335701942444 1.9631805419921875
-0.1453050971031189 1.118481159210205 2.107015609741211
-0.46052226424217224 0.46482548117637634 2.281134605407715
-0.25876086950302124 0.6495234966278076 2.0996851921081543
0.028489572927355766 0.0681811198592186 2.8112287521362305
0.15289725363254547 0.41542893648147583 1.981526494026184
-0.17931553721427917 -0.06630311161279678 3.0698976516723633
0.42346832156181335 0.012525973841547966 2.8669145107269287
-0.12076588720083237 0.862788736820221 2.0862483978271484
-0.2235998511314392 0.5443872809410095 2.0177717208862305
-0.645743191242218 1.1693575382232666 2.2237322330474854
0.8074934482574463 0.13707008957862854 2.4331653118133545
0.7794671058654785 0.09355266392230988 2.599411964416504
0.6506822109222412 0.24885249137878418 2.230618715286255
-0.2746269106864929 -0.09473305940628052 3.118285655975342
-0.46761685609817505 1.1312663555145264 2.26503849029541
0.22825364768505096 -0.005960309412330389 2.9506397247314453
0.3727472126483917 0.16605065762996674 2.5260705947875977
-0.34331196546554565 0.32167574763298035 2.3521077632904053
0.19538448750972748 1.0751965045928955 1.9864836931228638
-0.22743499279022217 0.2429274469614029 2.4810357093811035
-0.48763665556907654 0.47661879658699036 2.3471572399139404
-0.1380702406167984 1.097329020500183 2.1753599643707275
0.17838528752326965 0.3706716001033783 2.0983786582946777
-0.40189775824546814 0.9040697813034058 2.3526804447174072
0.7124136090278625 0.20312820374965668 2.338113784790039
0.4542607367038727 0.24719561636447906 2.3223345279693604
-0.5938007831573486 1.1367998123168945 2.288472890853882
-0.40043678879737854 0.2694684863090515 2.459859609603882
-0.42581886053085327 0.7316247224807739 2.3192286491394043
0.24020503461360931 0.03451484441757202 2.860058546066284
0.14326262474060059 0.36871233582496643 2.1192004680633545
-0.11821702867746353 -0.03288072347640991 3.0010831356048584
-0.521434485912323 0.6058514714241028 2.4568047523498535
-0.07142607122659683 0.18761205673217773 2.5805022716522217
-0.40885499119758606 0.8390653729438782 2.3341448307037354
0.6712465882301331 0.0804843008518219 2.664271354675293
0.18775241076946259 0.1680421084165573 2.5927250385284424
0.12223590910434723 0.15906187891960144 2.600961446762085
-0.5288794040679932 1.128859043121338 2.3021106719970703
0.350724995136261 0.15340939164161682 2.583320140838623
-0.02291540615260601 0.021445926278829575 2.9067811965942383
-0.2585954964160919 0.3377382159233093 2.2906322479248047
-0.4634574055671692 0.513028085231781 2.3191885948181152
0.47320687770843506 0.255903422832489 2.2996935844421387
-0.47590065002441406 0.5489724278450012 2.345883846282959
-0.3670954704284668 0.31903427839279175 2.3779051303863525
-0.06287352740764618 0.3859751522541046 2.1333303451538086
-0.22430887818336487 0.35371699929237366 2.2469449043273926
-0.27167999744415283 0.35953477025032043 2.246931791305542
0.08680978417396545 0.10802269726991653 2.720120668411255
0.03893854096531868 1.1188445091247559 1.9440616369247437
-0.4523675739765167 0.9724394083023071 2.4490370750427246
0.28943800926208496 0.009668080136179924 2.889176845550537
-0.4358135759830475 0.7698929905891418 2.3567557334899902
-0.34997761249542236 0.6375986337661743 2.1927719116210938
-0.2805759012699127 0.350517213344574 2.2834396362304688
-0.09220713376998901 -0.2069154977798462 3.2708613872528076
0.3109912872314453 -0.15358003973960876 3.1839609146118164
-0.3146393895149231 0.241972416639328 2.509446144104004
0.5236597061157227 0.15303881466388702 2.519864320755005
0.028558854013681412 0.7272384762763977 1.9647274017333984
0.6106768250465393 0.2709369957447052 2.238002300262451
-0.5054655075073242 1.1048284769058228 2.3522708415985107
0.2010880559682846 0.14511218667030334 2.6265745162963867
0.33341723680496216 -0.14569659531116486 3.178936243057251
0.36547160148620605 0.28154444694519043 2.270141839981079
-0.20586641132831573 0.3729918599128723 2.2082502841949463
-0.41028308868408203 0.9177513718605042 2.3612520694732666
-0.2787386476993561 0.33926770091056824 2.2840957641601562
-0.24837735295295715 0.08100153505802155 2.805023193359375
0.4444023370742798 0.19419395923614502 2.475411891937256
-0.397456556558609 0.5416749715805054 2.21589994430542
-1.063366174697876 0.5946110486984253 3.344757318496704
0.13774752616882324 0.24559710919857025 2.403754949569702
-0.5097261667251587 1.1186909675598145 2.313276529312134
-0.412235289812088 0.22978872060775757 2.5530240535736084
-0.46031811833381653 0.7028382420539856 2.358912467956543
-0.18705669045448303 -0.10328049957752228 3.1358704566955566
0.2858785390853882 0.38805097341537476 2.001460552215576
-0.22141580283641815 0.11374775320291519 2.741101026535034
-0.48904240131378174 0.10612814128398895 2.7750515937805176
0.010128254070878029 0.3054608404636383 2.3154232501983643
-0.3667954206466675 0.556823194026947 2.1837782859802246
-0.42353031039237976 1.1538819074630737 2.13525390625
0.06848287582397461 -0.11267969757318497 3.1653645038604736
-0.17845390737056732 -0.13682721555233002 3.192152261734009
-0.18248778581619263 1.1252098083496094 2.1267642974853516
-0.1067320853471756 1.1599116325378418 1.8954839706420898
-0.09840713441371918 0.3879954516887665 2.171325206756592
0.14542710781097412 0.19288046658039093 2.5366320610046387
-0.4948095679283142 0.5232349634170532 2.3710882663726807
-0.46393004059791565 0.23718196153640747 2.5671520233154297
-0.4910503327846527 1.1579675674438477 2.191389322280884
0.19605517387390137 1.081791877746582 1.9397728443145752
-0.3645341992378235 0.6213383674621582 2.201101303100586
-0.39588457345962524 0.6230344772338867 2.2417027950286865
0.36666643619537354 -0.036631990224123 2.966674566268921
-0.34479445219039917 0.17669042944908142 2.635651111602783
-0.11111100018024445 0.3668147623538971 2.2120590209960938
-0.4048249423503876 0.20232002437114716 2.596954822540283
0.49110427498817444 0.03703369200229645 2.7892208099365234
0.4582782983779907 0.16630975902080536 2.5178518295288086
0.022237557917833328 -0.003380758687853813 2.9385838508605957
0.015381992794573307 0.4208536744117737 2.0134081840515137
-0.37877699732780457 0.27305153012275696 2.4537222385406494
-0.2248411476612091 0.36944469809532166 2.2269463539123535
0.25308310985565186 0.11153686046600342 2.6791937351226807
-0.4587070047855377 0.5130279660224915 2.2998046875
0.3579353988170624 0.29561761021614075 2.2231123447418213
0.0035912280436605215 0.39853572845458984 2.079458475112915
-0.012246185913681984 -0.031710922718048096 2.9950766563415527
0.4213360548019409 0.15014541149139404 2.5994861125946045
-0.5111271739006042 0.534648060798645 2.3973515033721924
0.19614800810813904 0.15748284757137299 2.624535322189331
0.313631147146225 0.17139054834842682 2.564347982406616
-0.4701490104198456 0.9006379246711731 2.438756227493286
0.3669638931751251 0.009392836131155491 2.8739991188049316
0.49242717027664185 0.0029981068801134825 2.8691911697387695
-0.3745792806148529 0.6217845678329468 2.2246878147125244
-0.4048996865749359 0.6294745206832886 2.2588348388671875
-0.4301578104496002 0.5280565619468689 2.2656800746917725
-0.412623792886734 0.2724182903766632 2.460002899169922
-0.40092435479164124 0.5458711981773376 2.238828659057617
-0.3913591206073761 0.5442809462547302 2.2068967819213867
-0.11167740821838379 0.22974491119384766 2.500818967819214
0.7227450013160706 0.07165230065584183 2.6721863746643066
0.5859796404838562 0.052297066897153854 2.7465898990631104
-0.42395052313804626 0.24161195755004883 2.5288312435150146
-0.3218633830547333 0.2187242954969406 2.547985076904297
0.6444834470748901 0.2296203374862671 2.3046374320983887
0.25015807151794434 -0.03331618010997772 2.9673995971679688
-0.10160854458808899 -0.13668914139270782 3.1865127086639404
0.12050943821668625 0.31374168395996094 2.279226779937744
-0.36820635199546814 0.6438332796096802 2.2100846767425537
0.4417790174484253 0.21733805537223816 2.3922088146209717
0.5161343216896057 0.34097564220428467 2.0431923866271973
0.13227561116218567 -0.06340543925762177 3.048679828643799
-0.43288904428482056 0.009252038784325123 2.934525966644287
0.0397929884493351 0.39165642857551575 2.0758726596832275
0.12285591661930084 -0.17294777929782867 3.2547380924224854
0.583742082118988 -0.08622360974550247 3.037020206451416
0.3826948404312134 -0.18363995850086212 3.243199586868286
-0.42085620760917664 0.21622702479362488 2.576549768447876
0.38973569869995117 0.14012973010540009 2.6114981174468994
-0.3917621076107025 0.7568094730377197 2.2842891216278076
0.6417759656906128 0.062391601502895355 2.7166666984558105
-0.1551506668329239 -0.10588745027780533 3.141705274581909
-0.5707191228866577 1.1407357454299927 2.287461519241333
-0.47092199325561523 0.7516707181930542 2.396328926086426
-0.4363105893135071 0.05105729401111603 2.8688337802886963
0.33859071135520935 1.069893717765808 1.736628532409668
-0.42984825372695923 0.13643375039100647 2.7148776054382324
0.1751418560743332 0.10622735321521759 2.7122936248779297
-0.14271268248558044 0.17473556101322174 2.6203317642211914
-0.1268913745880127 0.4599287807941437 2.014082431793213
0.13895075023174286 -0.018958983942866325 2.9727253913879395
-0.46991872787475586 0.50847327709198 2.326894521713257
-0.12296371906995773 -0.12476810812950134 3.1758241653442383
-0.1505008339881897 0.5250817537307739 1.9406274557113647
-0.33987414836883545 0.4484705328941345 2.1153481006622314
-0.5317442417144775 1.1629105806350708 2.1633968353271484
-0.31735455989837646 -0.02626550942659378 2.9972031116485596
-0.41508254408836365 0.6621646285057068 2.2847232818603516
-0.36603865027427673 0.30708104372024536 2.3755929470062256
-0.4005313217639923 0.015375127084553242 2.952613592147827
0.052390266209840775 0.3562833070755005 2.1928958892822266
0.27393752336502075 0.13698682188987732 2.6340787410736084
-0.3583730161190033 0.3669174611568451 2.2842824459075928
0.504533588886261 -0.09662225097417831 3.0514891147613525
0.07647321373224258 -0.03383832797408104 2.997178792953491
-0.6358885169029236 0.5605382323265076 2.9077703952789307
-0.6378506422042847 0.5996648073196411 2.9231996536254883
-0.6430183053016663 0.6797256469726562 2.9029364585876465
-0.09001819789409637 0.08380372077226639 2.8044724464416504
-0.6251241564750671 0.45125511288642883 2.932509422302246
-0.5973037481307983 0.24508945643901825 2.9902572631835938
-0.6121874451637268 0.34468817710876465 2.9132347106933594
-0.5906215310096741 0.4936312735080719 2.67081880569458
-0.5847025513648987 0.4661802053451538 2.635995388031006
-0.6042364239692688 0.36893197894096375 2.744817018508911
-0.5955360531806946 0.5450989603996277 2.6649153232574463
-0.5884869694709778 0.47100284695625305 2.6657278537750244
0.5421097874641418 0.295890212059021 2.1681346893310547
-0.6111246943473816 0.33169442415237427 2.822553873062134
-0.6049239039421082 0.34961768984794617 3.029811382293701
-0.5807360410690308 0.3252331614494324 2.578890323638916
-0.6170309782028198 0.6264723539352417 2.7621426582336426
-0.5374487638473511 0.259566068649292 2.448230028152466
-0.6156100034713745 0.4357961118221283 2.795539379119873
-0.6068153977394104 0.35294097661972046 3.0592403411865234
-0.6112963557243347 0.3371937870979309 2.9657154083251953
-0.5855192542076111 0.43414053320884705 2.6226162910461426
-0.57806396484375 0.17470122873783112 3.0445775985717773
0.08939162641763687 0.09651520103216171 2.7632150650024414
-0.6001631021499634 0.5307164192199707 2.6853950023651123
-0.6331762075424194 0.884402871131897 2.798375129699707
-0.5737974047660828 0.23602722585201263 3.106473684310913
-0.6258366703987122 0.6475760340690613 2.808849334716797
-0.5325984358787537 0.14968299865722656 3.1790823936462402
-0.5987374186515808 0.2641158401966095 2.7648565769195557
-0.4727547764778137 0.8357075452804565 2.3924527168273926
-0.6138315796852112 0.3571050465106964 2.8818352222442627
-0.6045905947685242 0.29819557070732117 2.8175787925720215
-0.6061457991600037 0.33603960275650024 2.7720377445220947
-0.631337583065033 0.5194205045700073 2.9010932445526123
-0.6407285332679749 0.6468104720115662 3.0228211879730225
0.5182502865791321 0.22572074830532074 2.344923496246338
-0.3726849853992462 0.15819372236728668 2.6960699558258057
-0.5987173914909363 0.2503732740879059 2.789724588394165
-0.6095448732376099 0.37872767448425293 3.061830759048462
-0.11901891231536865 0.07656450569629669 2.824293851852417
-0.5982071757316589 0.37682896852493286 2.6927661895751953
-0.6226704716682434 0.5122268199920654 2.8033249378204346
-0.6078739762306213 0.41386109590530396 2.7621407508850098
-0.6090742349624634 0.29953527450561523 2.9282126426696777
-0.6010323762893677 0.2562660574913025 2.8794376850128174
-0.37462976574897766 0.2876732349395752 2.4548182487487793
-0.1245746836066246 0.21542659401893616 2.5298991203308105
-0.6005671620368958 0.581126868724823 2.699415922164917
-0.574687123298645 0.4034593105316162 2.6428756713867188
-0.09611628949642181 0.20416875183582306 2.5617260932922363
-0.6155848503112793 0.39347317814826965 3.0021207332611084
-0.6072866320610046 0.2981237769126892 2.973337173461914
-0.604190468788147 0.49405354261398315 2.692126512527466
-0.40432414412498474 1.037194848060608 2.3378756046295166
-0.1970352977514267 0.15599124133586884 2.6828277111053467
-0.16658799350261688 0.3716152310371399 2.1704158782958984
-0.6125925183296204 0.3174024224281311 2.8903305530548096
-0.5694673657417297 0.4110024869441986 2.5693020820617676
-0.5819277763366699 0.1084275022149086 2.941645622253418
-0.6005880236625671 0.3164905905723572 2.7339320182800293
-0.5612453818321228 0.19738566875457764 3.1104538440704346
-0.6023784279823303 0.258453369140625 2.9505364894866943
-0.5891571044921875 0.5147626399993896 2.6527605056762695
-0.22700490057468414 0.1263633817434311 2.7473223209381104
-0.6071559190750122 0.47230955958366394 2.733677387237549
-0.5495843291282654 0.0440891869366169 3.053121328353882
-0.6411260962486267 0.744982898235321 2.8620059490203857
-0.5951979756355286 0.36899495124816895 2.719309091567993
-0.551723837852478 0.18538552522659302 3.157966136932373
-0.6357606649398804 0.5765631794929504 2.962108612060547
-1.2623271942138672 0.6169717907905579 3.290886402130127
-0.5329870581626892 0.7651352882385254 2.508481979370117
-0.6012495756149292 0.3043358325958252 2.7565550804138184
-0.5885418653488159 0.2955363094806671 3.1024742126464844
-0.5937078595161438 0.3281162679195404 2.692758321762085
-0.546345591545105 0.11880361288785934 3.122945547103882
-0.16117502748966217 0.14753012359142303 2.681549072265625
-0.6230891346931458 0.47347480058670044 2.884723663330078
-0.37347760796546936 -0.008681854233145714 3.0004055500030518
-0.43012821674346924 0.8892372846603394 2.334298610687256
-0.6220386624336243 0.6957499980926514 2.8184494972229004
-0.290321409702301 0.14661677181720734 2.7068657875061035
-0.07860276103019714 0.33583131432533264 2.2588863372802734
-0.5802828669548035 0.19662094116210938 3.0301036834716797
-0.6089003086090088 0.5982497930526733 2.7346909046173096
-0.3488272726535797 -0.02726539596915245 3.0358388423919678
-0.5813195109367371 0.3622336983680725 2.6120102405548096
-0.6062778234481812 0.6464940905570984 2.7073442935943604
-0.6190035343170166 0.8735625147819519 2.7496297359466553
-0.32499364018440247 0.8112698793411255 2.181243896484375
-0.6203534603118896 0.8017471432685852 2.7688238620758057
-0.631996214389801 0.7861901521682739 2.7969751358032227
-0.41858506202697754 0.18769733607769012 2.648070812225342
-0.6133043766021729 0.3726767301559448 3.002500534057617
-0.5955553650856018 0.3502388000488281 2.7278213500976562
-0.6317955851554871 0.5622391700744629 3.084167718887329
-0.6043953895568848 0.24317418038845062 2.838158369064331
-0.4923020601272583 0.8194777965545654 2.432507038116455
-0.6279395818710327 0.48233357071876526 2.976968288421631
-0.6157149076461792 0.39340564608573914 2.893786907196045
-0.603668212890625 0.2677416205406189 2.9054505825042725
-0.530906081199646 -0.045851320028305054 3.0794317722320557
-0.5283703804016113 0.8387407660484314 2.5128190517425537
-0.63164883852005 0.5924142003059387 3.1461281776428223
-0.6137132048606873 0.4966282546520233 2.7379651069641113
-1.2642173767089844 0.6309084892272949 3.269915819168091
-0.632439136505127 0.6858991980552673 2.843247890472412
-0.17387746274471283 0.29912832379341125 2.3646929264068604
-0.6185135245323181 0.3664669394493103 2.9260127544403076
-0.5782449245452881 0.4066981077194214 2.61204195022583
-0.5937340259552002 0.4569462537765503 2.6776375770568848
-0.6205841898918152 0.7130957841873169 2.770613431930542
-0.5939190983772278 0.3168351650238037 3.046344518661499
-0.6135935187339783 0.33584460616111755 2.8519906997680664
-0.423328697681427 0.13836513459682465 2.750336170196533
-0.6317475438117981 0.5550843477249146 3.0100793838500977
-0.5905517339706421 0.17155581712722778 2.969691038131714
0.3280135691165924 0.1717713475227356 2.52607798576355
-0.5491981506347656 0.5135310888290405 2.515256404876709
0.6104407906532288 0.2643851339817047 2.1780107021331787
-0.6191308498382568 0.39588940143585205 2.8760969638824463
-0.6238703727722168 0.5477765202522278 2.788250684738159
-0.6145767569541931 0.3742888867855072 2.848536729812622
-0.406151682138443 0.23704208433628082 2.549485206604004
-0.5426270961761475 0.5140485167503357 2.483049154281616
-0.6132834553718567 0.693295955657959 2.7245941162109375
-0.5807585120201111 0.2673085629940033 3.1303606033325195
-0.6134220361709595 0.4128754138946533 2.8202707767486572
-0.12513044476509094 0.014065423049032688 2.9471218585968018
0.46434271335601807 0.2717818319797516 2.2376997470855713
-0.5907449722290039 0.07993105053901672 2.870588779449463
0.7851357460021973 0.08206645399332047 2.630880832672119
-0.5977498292922974 0.2872621417045593 2.6485981941223145
0.10833083093166351 -0.09762530773878098 3.117908239364624
0.5106067061424255 0.2484273463487625 2.3184468746185303
-0.5933085083961487 0.3060091435909271 2.6785621643066406
-0.5673282742500305 0.01586172729730606 2.9801270961761475
0.7317718267440796 0.15394382178783417 2.495839834213257
-1.3284045457839966 0.5596954822540283 3.374697208404541
-0.6477672457695007 0.7282053232192993 2.9183905124664307
0.5610860586166382 0.07803995162248611 2.701310634613037
-1.286433219909668 0.588340699672699 3.329641103744507
-0.4555007219314575 1.0160547494888306 2.4120988845825195
-0.5277190804481506 0.878236711025238 2.5205602645874023
-0.5846596956253052 0.23554348945617676 3.0508081912994385
-0.10383342951536179 0.040469691157341 2.893385410308838
-0.6155661344528198 0.5835648775100708 2.7465291023254395
-0.6305883526802063 0.5064360499382019 2.9236881732940674
-0.6163035035133362 0.46117261052131653 2.7896597385406494
-0.6037025451660156 0.36350372433662415 2.7942616939544678
-0.6125291585922241 0.3301934003829956 2.993924856185913
-0.3962719142436981 0.4060305953025818 2.149296522140503
-0.5910147428512573 0.4239910840988159 2.6595327854156494
-0.6175476312637329 0.4119245707988739 2.8574929237365723
-0.11626798659563065 0.1018076092004776 2.786881923675537
-0.6228188276290894 0.5083029866218567 2.8581128120422363
-0.6121096611022949 0.3835221230983734 3.032003879547119
0.0934300422668457 0.1259235292673111 2.6916234493255615
0.5633150339126587 0.2816597521305084 2.194437026977539
-0.604539692401886 0.2514723539352417 2.7225186824798584
-0.36760368943214417 0.4725559651851654 2.1227364540100098
-0.4968198239803314 0.6438837647438049 2.425433874130249
-0.593410313129425 0.4332619905471802 3.198000431060791
0.25519493222236633 0.19458667933940887 2.5158579349517822
-0.30776989459991455 0.2556837201118469 2.49965238571167
-0.5272666811943054 0.9060772657394409 2.515641927719116
0.055246058851480484 0.025950100272893906 4.2231926918029785
-0.16712746024131775 0.22886793315410614 2.495554208755493
0.2979922592639923 0.04489639401435852 2.818305492401123
-0.2483120858669281 0.18122266232967377 2.646470546722412
-0.4888475835323334 0.7222147583961487 2.3978936672210693
-0.6106252074241638 0.26661160588264465 2.935992479324341
-0.5930881500244141 0.35260072350502014 3.109468936920166
-0.3812437653541565 0.026150986552238464 2.937256336212158
-0.11460678279399872 -3.551801637513563e-05 2.95746111869812
-0.33769628405570984 0.15794958174228668 2.6948769092559814
0.1500156819820404 -0.17586036026477814 3.242098093032837
-0.6004301905632019 0.1687360554933548 2.8227858543395996
-0.5429304838180542 0.4068141281604767 3.3190436363220215
-0.6248317360877991 0.441886842250824 2.8945388793945312
0.37621861696243286 0.042129162698984146 2.827859401702881
-0.5893470644950867 0.2074701488018036 2.6279823780059814
-0.6039277911186218 0.38277667760849 2.810685157775879
-0.5957313179969788 0.14782968163490295 2.755251407623291
-0.3531476557254791 0.017120877280831337 2.9640214443206787
-0.6438076496124268 0.6628101468086243 2.9351489543914795
-0.6318379640579224 0.5009505152702332 3.013896942138672
-0.616067111492157 0.43689653277397156 2.8326375484466553
-0.5402699112892151 0.578606128692627 2.496026039123535
-0.6102381944656372 0.2803310751914978 2.87473201751709
0.3884407877922058 -0.1404450535774231 3.1497602462768555
-0.37901410460472107 0.13041959702968597 2.7676103115081787
-0.610646665096283 0.3918108642101288 2.7845730781555176
-0.5856262445449829 0.6799961924552917 2.6443495750427246
0.6165043711662292 0.17655150592327118 2.471670150756836
-0.6182288527488708 0.47342491149902344 2.832077741622925
-0.5806397199630737 0.45377257466316223 3.2412657737731934
0.20732563734054565 0.19550837576389313 2.5089590549468994
-0.295083612203598 0.3940599858760834 2.017164468765259
1.9808478355407715 0.9760087132453918 1.5697029829025269
-0.5195245742797852 0.6013253927230835 2.4666333198547363
-0.6251285076141357 0.6226916313171387 2.821834087371826
-0.4493764638900757 0.6987934112548828 2.306605100631714
-0.3114902675151825 0.20762652158737183 3.9469406604766846
-0.6116480231285095 0.37140896916389465 2.8227968215942383
-0.11015813797712326 0.39538219571113586 2.09363055229187
-0.28138571977615356 -0.016186827793717384 3.0058207511901855
-0.6134593486785889 0.6659676432609558 2.7585930824279785
0.7560811638832092 0.18996647000312805 2.3831002712249756
-0.5542708039283752 0.22673825919628143 3.1560962200164795
0.05816793814301491 0.12785448133945465 4.033829212188721
0.32789692282676697 -0.043223924934864044 2.9696102142333984
-0.5146709084510803 0.1312279999256134 3.205784559249878
-0.6179407238960266 0.4263552129268646 3.0000905990600586
-0.49694040417671204 0.9011115431785583 2.4561638832092285
-0.4580007791519165 0.5540652871131897 2.317873001098633
-0.5995200276374817 0.2773793637752533 3.004192590713501
0.079307921230793 0.16006174683570862 4.0193190574646
-0.6022325754165649 0.4408092200756073 3.130427837371826
-0.5594682097434998 0.17628972232341766 3.1128921508789062
-0.38414913415908813 0.28058338165283203 2.500934600830078
0.2501579225063324 -0.11815065145492554 3.1200222969055176
-1.1788650751113892 0.6825809478759766 3.1877999305725098
0.16370752453804016 -0.032845113426446915 2.9804165363311768
-0.6805869340896606 0.9841285943984985 2.6870853900909424
-0.5809863209724426 0.20649078488349915 3.0680134296417236
-0.33711475133895874 0.16790178418159485 2.6698310375213623
-0.6105133891105652 0.43840980529785156 2.771533727645874
-0.38965120911598206 0.16584013402462006 2.676156759262085
-0.6212517023086548 0.46377453207969666 2.9938597679138184
0.2637595534324646 0.0007679038099013269 2.9110186100006104
-0.9933305382728577 0.7857033610343933 3.024200201034546
-0.6310653686523438 0.5422535538673401 3.0243542194366455
-0.10002108663320541 0.13402412831783295 2.6789698600769043
-0.6326186656951904 0.5598579049110413 2.9358513355255127
0.11358155310153961 -0.11911054700613022 3.1548640727996826
-0.6039462089538574 0.5010087490081787 3.1866462230682373
1.7859281301498413 0.9794610142707825 1.5715974569320679
-1.186341643333435 0.6977245807647705 3.1636180877685547
0.16746886074543 0.02518486976623535 2.877131700515747
-0.3767283260822296 0.11042094230651855 2.7716946601867676
-0.5974259972572327 0.24093973636627197 2.717434883117676
-0.37083297967910767 0.21195591986179352 2.5843639373779297
0.7739788889884949 0.12424804270267487 2.5379621982574463
-0.5888804197311401 0.946764349937439 2.6384992599487305
0.7481067180633545 0.010039322078227997 2.800053119659424
-0.04560607671737671 -0.06118379160761833 3.070633888244629
-0.5946354866027832 0.2788735628128052 3.0518076419830322
-0.617235004901886 0.4448065161705017 3.055933713912964
0.21859069168567657 -0.1046462282538414 3.1221585273742676
-0.6155950427055359 0.4600268304347992 2.8202273845672607
1.982771635055542 0.9230948686599731 1.3420878648757935
-0.6153912544250488 0.5311568379402161 2.7224748134613037
-0.6304702758789062 0.42560240626335144 2.905123472213745
-0.6871356964111328 1.1548758745193481 2.3040757179260254
1.2296431064605713 1.0014920234680176 1.5567028522491455
-0.6306101679801941 0.541029691696167 3.0396385192871094
0.2346188724040985 0.013198070228099823 2.8875582218170166
-0.623760998249054 0.44997644424438477 2.876382350921631
-0.14347340166568756 0.3609970808029175 3.7197232246398926
-0.5814452767372131 0.06766863912343979 2.8999032974243164
-0.6240978240966797 0.4589678645133972 2.8553361892700195
-1.2858563661575317 0.5735772848129272 3.3552749156951904
-0.6184098124504089 0.389017254114151 2.8493149280548096
-0.5643326044082642 0.7936726212501526 2.6242079734802246
-0.620940089225769 0.5043946504592896 3.0695292949676514
0.6463086605072021 0.17234374582767487 2.44484281539917
-0.5947723984718323 0.582167387008667 2.7654054164886475
-0.36602070927619934 0.1967872977256775 2.6344659328460693
-0.39073213934898376 0.07334450632333755 2.87361216545105
0.046317532658576965 0.12007531523704529 4.082976818084717
-0.3246728777885437 0.20090153813362122 2.5911612510681152
-0.001144099049270153 0.07295895367860794 4.151201248168945
-0.5777085423469543 0.3968254327774048 2.6565449237823486
-0.1596442013978958 0.3153459429740906 2.3365859985351562
2.0533406734466553 0.9512745141983032 1.603306770324707
-1.1991076469421387 0.7391830682754517 3.087653398513794
0.014705128967761993 0.11551979929208755 2.721094846725464
-0.31788235902786255 0.3452798128128052 2.314631462097168
-0.47924864292144775 0.7101976871490479 2.3690309524536133
0.6357178092002869 0.21073967218399048 2.374258041381836
-0.4119219481945038 0.4905737638473511 2.1755001544952393
-0.5826994180679321 0.1769525557756424 2.9965786933898926
0.6087846159934998 0.03548155352473259 2.7324531078338623
-0.43021658062934875 0.4888400733470917 2.239670753479004
0.7956096529960632 0.25208422541618347 2.2366294860839844
-0.425223171710968 0.052857063710689545 2.897698163986206
-0.6536689400672913 0.574448823928833 2.9367778301239014
-1.0788792371749878 0.7079811692237854 3.144986867904663
-0.5828713774681091 0.5158482193946838 2.6087305545806885
-0.4558417797088623 0.5146528482437134 2.2726571559906006
0.391679048538208 0.03867793828248978 2.7979021072387695
-0.6097561120986938 0.5707069039344788 2.778524160385132
0.7012090682983398 0.18913136422634125 2.4046823978424072
-0.558002233505249 0.8164782524108887 2.5981624126434326
-0.535702645778656 0.45334792137145996 2.4934000968933105
-0.648444652557373 0.6580975651741028 2.9851810932159424
-0.13187305629253387 0.136623352766037 2.714298725128174
-0.44040995836257935 0.008274024352431297 2.9624063968658447
-0.5510266423225403 0.28018003702163696 2.5049471855163574
0.19585612416267395 -0.042099881917238235 3.0018014907836914
-0.3798350989818573 1.1171822547912598 2.2669551372528076
-0.6206154227256775 0.42659831047058105 2.8760082721710205
-0.518579363822937 0.9370405077934265 2.505851984024048
-0.5637214183807373 0.2565958499908447 3.15756893157959
-0.46386682987213135 0.24210801720619202 3.901174306869507
2.8304619789123535 0.8712868094444275 1.3450429439544678
-0.5450776219367981 0.16270378232002258 3.1694724559783936
-0.6190799474716187 0.3964296579360962 2.9533019065856934
-0.6083134412765503 0.7447389960289001 2.698793888092041
-0.617238461971283 0.514094889163971 2.838036060333252
0.3761751651763916 0.03796018287539482 2.771294355392456
-0.8862220048904419 0.6913126707077026 3.1972463130950928
-0.6030428409576416 0.8984099626541138 2.701744318008423
-0.5248667597770691 0.46134981513023376 2.37180233001709
0.2394827902317047 0.16262410581111908 2.5884313583374023
-0.38349437713623047 0.3495359718799591 3.7090559005737305
-0.61113041639328 0.3100608289241791 2.7904438972473145
0.6823663115501404 0.15500372648239136 2.449233055114746
-0.023602521046996117 0.013443352654576302 4.215447902679443
-0.6092268228530884 0.4943721294403076 3.1057937145233154
0.2188514769077301 -0.09166623651981354 3.056844711303711
-0.12152189016342163 0.06379193812608719 2.8564882278442383
0.10721320658922195 -0.003537698183208704 2.910550594329834
0.0893426239490509 0.21654891967773438 2.4964427947998047
-0.3846917450428009 0.10261958837509155 2.7976136207580566
-0.5680450201034546 0.7968162894248962 2.6108055114746094
-1.3026597499847412 0.5713145136833191 3.3692591190338135
-0.41063836216926575 0.7227992415428162 2.262397527694702
-1.1817896366119385 0.6877633929252625 3.17400860786438
0.5496996641159058 0.2949332296848297 2.0473122596740723
-0.5891699194908142 0.24561704695224762 3.0770103931427
-0.020875152200460434 0.38232025504112244 2.130361795425415
-0.7686870098114014 0.9306502938270569 2.764824151992798
-0.575980007648468 0.12956616282463074 3.0114529132843018
-0.2739962637424469 0.2549167275428772 2.489478349685669
-0.607370138168335 0.5057339668273926 2.767613172531128
-0.6290343403816223 0.3766593635082245 2.8086602687835693
-0.44093433022499084 0.3928772509098053 2.2598533630371094
-0.5872204303741455 0.25483575463294983 3.03098726272583
-0.5037463903427124 0.48515990376472473 2.409916639328003
-0.47810521721839905 1.0017815828323364 2.444453716278076
-0.6323981285095215 0.49078866839408875 2.961512804031372
-0.5493931174278259 0.5804573893547058 2.5391480922698975
-0.5358309745788574 0.5850587487220764 2.512486219406128
0.23909422755241394 -0.2580219805240631 3.287916660308838
0.6135486364364624 0.0859815701842308 2.683257579803467
0.5392740368843079 0.14377720654010773 2.5719425678253174
-0.36372071504592896 0.2119554579257965 2.6081480979919434
-0.557023286819458 0.39450380206108093 3.282238006591797
-0.44779911637306213 0.5154166221618652 2.2454042434692383
0.3628581762313843 0.18930363655090332 2.496480703353882
-0.5948527455329895 0.9076009392738342 2.6474924087524414
-0.178177148103714 0.2946412265300751 3.8024463653564453
0.39699238538742065 0.0727606937289238 2.718018054962158
-0.6131995916366577 0.5064236521720886 2.655066728591919
-0.5105767250061035 0.3140210509300232 3.3103954792022705
-0.5706174373626709 0.927916407585144 2.555466413497925
-0.5796222686767578 0.28765979409217834 2.595649242401123
-0.135031595826149 1.2240592241287231 1.9978018999099731
-0.5168467164039612 0.3487541675567627 3.0850954055786133
-0.48821088671684265 0.44707974791526794 3.170747995376587
0.18512451648712158 -0.06979279220104218 3.081585645675659
-0.40608489513397217 0.3955579102039337 3.312587261199951
-0.26555970311164856 0.2372218519449234 3.4401705265045166
0.027547581121325493 0.22911733388900757 2.3616061210632324
0.4446248412132263 -0.08318578451871872 3.0729618072509766
0.8395089507102966 0.007652956992387772 2.7501096725463867
-0.500508189201355 0.4047010540962219 3.149519443511963
-0.022728396579623222 0.31832557916641235 2.1920254230499268
0.529608428478241 -0.10564662516117096 3.1167383193969727
0.1566871702671051 0.3177974820137024 2.1456797122955322
0.04270786792039871 0.3539135456085205 2.0661332607269287
0.14225110411643982 0.32961294054985046 2.0892410278320312
0.7291637659072876 0.05127262324094772 2.742466449737549
0.6494163274765015 -0.004560038447380066 2.8701980113983154
0.6128419637680054 -0.1035633310675621 3.074477195739746
-0.4218748211860657 0.4168611764907837 3.291076183319092
0.5014243721961975 0.30753904581069946 2.08347487449646
0.3751552700996399 -0.1462060511112213 3.20127272605896
-0.42454561591148376 0.32319363951683044 3.2834630012512207
0.08801979571580887 -0.06311017274856567 3.072097063064575
0.6957992315292358 -0.040356412529945374 2.9366276264190674
0.08031975477933884 0.17664869129657745 2.5448572635650635
-0.402228444814682 0.4193085730075836 3.35483717918396
0.3778882324695587 -0.10721322894096375 3.138359308242798
0.7960293292999268 0.06846160441637039 2.6756558418273926
0.7991055250167847 0.1096218004822731 2.567444324493408
0.23213544487953186 0.32185429334640503 2.119023084640503
0.7332526445388794 0.062382347881793976 2.708543539047241
0.29760921001434326 0.25220268964767456 2.363119602203369
0.08694349974393845 -0.002063038991764188 2.962857723236084
-0.495785653591156 0.3882097005844116 3.1674795150756836
-0.43322065472602844 0.27127259969711304 3.238752603530884
0.2769715189933777 -0.1245095431804657 3.1713805198669434
-0.2221870869398117 0.1908179670572281 2.568800210952759
-0.2987109124660492 0.22071008384227753 2.516144275665283
0.05958973243832588 0.34617456793785095 2.0933902263641357
-0.3107338547706604 0.3046036660671234 3.410867929458618
-0.25756508111953735 0.1250571608543396 3.3995633125305176
-0.45175057649612427 0.360795259475708 3.2371909618377686
0.25861653685569763 0.1476425975561142 2.59926700592041
0.5943397283554077 1.3752418756484985 0.7967510223388672
0.47870761156082153 0.2989756166934967 2.14133882522583
-0.5973498225212097 0.4371844530105591 2.7009358406066895
-0.4257149398326874 0.34806570410728455 3.268219232559204
-0.01771361380815506 -0.06872719526290894 3.1164259910583496
0.736425518989563 0.16863998770713806 2.466872453689575
-0.3282647728919983 0.40900373458862305 3.431546688079834
0.3572518229484558 -0.07964752614498138 3.092444896697998
-0.053800344467163086 0.28964918851852417 2.266460418701172
-0.4062044024467468 0.4507085978984833 3.3354651927948
-0.3163653314113617 0.4854951500892639 3.4924581050872803
-0.365586519241333 0.35220861434936523 3.3649981021881104
-0.4716165363788605 0.5446380376815796 3.2851972579956055
-0.03372632712125778 0.13828183710575104 2.680265426635742
-0.3687402307987213 0.5414197444915771 3.41991925239563
-0.2801676094532013 0.3273024260997772 3.4818129539489746
0.13900595903396606 0.10349815338850021 2.6781094074249268
0.05523797497153282 -0.07237730920314789 3.1099753379821777
-0.4258638322353363 0.5286844372749329 3.344522476196289
0.24959653615951538 -0.16290266811847687 3.2414867877960205
0.6473867893218994 0.14508719742298126 2.500304937362671
0.04410402476787567 0.3087003827095032 2.202227830886841
0.11629801243543625 0.3541870415210724 2.0540249347686768
0.473715603351593 -0.12830056250095367 3.1517937183380127
0.19804958999156952 -0.11713217198848724 3.2009975910186768
0.4214625656604767 -0.16100305318832397 3.2042946815490723
-0.508567750453949 0.3129997253417969 3.0926833152770996
0.5149115920066833 0.06641757488250732 2.7287447452545166
0.5379846692085266 -0.005895053502172232 2.8375401496887207
-0.3606465458869934 0.45715367794036865 3.428138494491577
-0.13816064596176147 0.365016371011734 2.0662386417388916
-0.3652007579803467 0.16907797753810883 2.632418394088745
-0.1513451635837555 0.33896636962890625 2.1383614540100098
-0.04043487459421158 0.17099788784980774 3.5169808864593506
-0.4213978350162506 0.593818724155426 3.3709020614624023
-0.08509572595357895 0.34928658604621887 2.084428310394287
-0.02198818139731884 0.16097688674926758 2.624833106994629
0.08409282565116882 -0.1829216182231903 3.279541492462158
-0.4793562889099121 0.3830001652240753 3.194756031036377
-0.48216336965560913 0.5665469169616699 3.2550411224365234
0.6661932468414307 0.0798092857003212 2.675483465194702
0.44986259937286377 -0.04794485121965408 3.005948543548584
-1.176613450050354 0.9778329133987427 2.869884729385376
0.8401094079017639 -0.00015832192730158567 2.7902021408081055
-0.20437827706336975 0.37415921688079834 1.9627399444580078
-0.0012354784412309527 0.18240146338939667 2.553223133087158
0.0757765993475914 0.3773003816604614 1.98220694065094
-0.25874119997024536 0.23822200298309326 2.443311929702759
-0.5403001308441162 0.5780137777328491 3.0997822284698486
-0.0351673923432827 0.3708649277687073 2.0239150524139404
-0.2387678474187851 0.32088857889175415 2.2108371257781982
0.6087616682052612 0.0636209100484848 2.7236673831939697
0.20282626152038574 0.1681598722934723 2.5552990436553955
-0.10607017576694489 0.2999466061592102 2.2562153339385986
0.38296061754226685 0.3145759701728821 2.082789659500122
-0.18352016806602478 0.2916896939277649 2.2936556339263916
0.6891959309577942 0.016108239069581032 2.7891194820404053
-0.47101879119873047 0.3098415434360504 2.3046810626983643
-0.11845550686120987 0.35999202728271484 3.830887794494629
0.2220565676689148 -0.18604199588298798 3.2684154510498047
-0.47740206122398376 0.2580633759498596 3.149801731109619
0.5964755415916443 0.06423228979110718 2.7455241680145264
-0.4192611873149872 0.2558157444000244 3.251426935195923
-0.2698793113231659 0.3914881944656372 3.5057196617126465
-0.17689886689186096 0.32982972264289856 3.526719331741333
-0.2695862650871277 0.27061963081359863 3.439279794692993
-0.3447954058647156 0.2709081768989563 2.3878848552703857
0.2526180148124695 0.3255309760570526 2.0852620601654053
-0.13141946494579315 0.3084939122200012 3.538465738296509
-0.39040327072143555 0.4814690053462982 3.3965911865234375
0.11306227743625641 0.2458769530057907 3.9808571338653564
-0.43797317147254944 0.17174969613552094 2.67480731010437
0.33191052079200745 0.31650111079216003 2.153719186782837
-0.5420508980751038 0.31182771921157837 3.001192092895508
-0.3884705603122711 0.2330130636692047 2.4698634147644043
-0.5967506766319275 0.2826088070869446 2.5828981399536133
-0.3500231206417084 0.4420994818210602 3.396692991256714
0.2488950490951538 0.30591508746147156 2.2127060890197754
0.0012336731888353825 -0.09079673141241074 3.156026601791382
-0.4650939404964447 0.3718815743923187 3.2156598567962646
-0.5924863219261169 0.4643692076206207 2.6363346576690674
-0.0698499083518982 0.3649217486381531 2.0369062423706055
-0.45766574144363403 0.47222015261650085 3.2757952213287354
0.49499303102493286 0.04176783561706543 2.8528130054473877
-0.4742588400840759 0.4202188551425934 3.231732130050659
-0.5049085021018982 0.4655543863773346 3.1565756797790527
-0.4465743899345398 0.5210577845573425 3.631964921951294
-0.39287129044532776 0.08556677401065826 2.851966619491577
-0.5779083371162415 0.30318981409072876 2.8430380821228027
-0.5298246741294861 0.23719225823879242 3.00864315032959
0.03557184711098671 0.1907692402601242 2.525548219680786
0.4866322875022888 0.041184864938259125 2.7927277088165283
-0.5975796580314636 0.6115548610687256 2.8311283588409424
0.5089738965034485 -0.16399261355400085 3.1838796138763428
-0.45611804723739624 0.418269544839859 3.2541608810424805
0.5670801997184753 0.2376658022403717 2.299396514892578
-0.5262888669967651 0.5027542114257812 3.126758575439453
0.40819159150123596 -0.1137789934873581 3.108445405960083
-0.10923989862203598 0.3263585865497589 2.1715824604034424
0.8429853320121765 0.1264297366142273 2.516848087310791
-0.46632975339889526 0.19946061074733734 3.135676622390747
-0.43869876861572266 0.16563346982002258 2.688274383544922
0.23060597479343414 0.3069736659526825 2.316918134689331
0.6970648169517517 0.011433962732553482 2.8288681507110596
0.6967504620552063 0.10461187362670898 2.6366121768951416
0.10722357034683228 0.36623814702033997 1.9830001592636108
-0.3210558295249939 0.4617992341518402 3.4513773918151855
-0.42499858140945435 0.22816069424152374 2.509117364883423
-0.4034861624240875 0.16032245755195618 2.6625735759735107
0.01933319866657257 -0.15280629694461823 3.2503039836883545
0.10649829357862473 0.15446040034294128 2.593125820159912
0.11424973607063293 0.28732651472091675 2.2192416191101074
-0.03111397475004196 -0.15004341304302216 3.293172597885132
0.5251883864402771 -0.10042932629585266 3.0904762744903564
-0.4611929655075073 0.2457461953163147 2.4887807369232178
-0.323198139667511 0.42276522517204285 3.4665799140930176
0.7821568250656128 -0.013600680977106094 2.85210919380188
0.7442549467086792 -0.014345264993607998 2.8962647914886475
0.1458074450492859 -0.10743388533592224 3.206458806991577
0.08002174645662308 0.3817870616912842 1.9507101774215698
-0.5966587066650391 0.5641087889671326 2.6791281700134277
-0.35548993945121765 0.3929406702518463 3.403917074203491
-0.18627461791038513 0.3370037078857422 2.164437770843506
-0.16445977985858917 -0.07856253534555435 3.1676652431488037
0.07164719700813293 -0.11667004227638245 3.20438814163208
-0.1044231504201889 0.41774412989616394 3.7625973224639893
-0.36701223254203796 0.19552747905254364 3.3276712894439697
0.4051494300365448 0.19521431624889374 2.4141652584075928
-0.5773792266845703 0.544945478439331 2.9341182708740234
0.6510159373283386 0.042196158319711685 2.7777786254882812
-0.03745107725262642 0.4444870352745056 3.720733880996704
-0.1619315892457962 0.3096746504306793 2.204953670501709
3.214310646057129 0.454281210899353 3.3599774837493896
-0.44217658042907715 0.4829195737838745 3.297960042953491
-0.3514632284641266 0.2752602994441986 2.3665614128112793
0.6639561057090759 0.13962413370609283 2.5289835929870605
0.6217525601387024 0.11133516579866409 2.6266860961914062
-0.4170995056629181 0.10951193422079086 2.7928695678710938
0.16823452711105347 0.3260451555252075 3.8587253093719482
0.13395488262176514 0.08760451525449753 2.7560243606567383
-0.02000279538333416 -0.12261912226676941 3.2198500633239746
-0.20456260442733765 0.017685510218143463 2.9848520755767822
-0.07960531860589981 -0.03171801194548607 3.0631420612335205
1.1749159097671509 1.3486162424087524 0.8359658718109131
-0.6973885297775269 0.6183430552482605 3.5870649814605713
0.24525023996829987 -0.08159946650266647 3.1573009490966797
-0.08146528899669647 -0.0369013287127018 3.077889919281006
0.1708732396364212 0.38828137516975403 3.7273616790771484
0.14556299149990082 0.2459472268819809 2.4136083126068115
1.8065210580825806 0.7968974113464355 2.1203536987304688
0.604257345199585 -0.0632539764046669 2.998173475265503
-0.3249727189540863 0.25873926281929016 3.389904499053955
-0.5157468914985657 0.3571360409259796 3.1207945346832275
-0.3938389718532562 0.3309931457042694 3.3264360427856445
-0.5882552266120911 0.3637252748012543 2.7766802310943604
0.5045343041419983 -0.140789195895195 3.1671688556671143
0.05321022868156433 0.2759197950363159 2.280491352081299
-0.3191479742527008 0.2672041654586792 3.3773953914642334
0.4658711552619934 -0.22011767327785492 3.2041332721710205
0.6087601184844971 0.04492883384227753 2.761276960372925
-0.471520334482193 0.5003520846366882 3.2750656604766846
0.5197145938873291 -0.14103205502033234 3.1391665935516357
-0.33476969599723816 0.27229198813438416 3.3626959323883057
-0.3573898375034332 0.23471146821975708 3.341524124145508
0.3303229510784149 -0.01094783004373312 2.953606367111206
-0.4977561831474304 0.3178405463695526 3.0719876289367676
-0.006016019731760025 0.36616024374961853 2.0270779132843018
-0.2659587860107422 0.31933096051216125 3.483154296875
0.4665958881378174 0.03547888249158859 2.763385534286499
0.26612043380737305 0.05780434235930443 2.79953670501709
0.17035876214504242 -0.11536860466003418 3.2039053440093994
-0.3956613838672638 0.20949536561965942 2.505844831466675
0.13152365386486053 0.27921295166015625 2.216012716293335
-0.539212703704834 0.5147250890731812 3.038250207901001
0.4490443170070648 -0.10638997703790665 3.1337506771087646
0.32486987113952637 0.1490357220172882 2.582961082458496
0.10258208215236664 0.3317464292049408 2.1012258529663086
0.16404373943805695 -0.0888514518737793 3.127549886703491
0.2513808310031891 0.29101043939590454 2.2442915439605713
0.5111774802207947 -0.08189710229635239 3.0544519424438477
-0.560619056224823 0.38812020421028137 2.369480609893799
-0.3553360104560852 0.4166642129421234 3.3875362873077393
-0.4413340985774994 0.23478780686855316 3.2040836811065674
0.13170568645000458 0.12370076030492783 2.6687161922454834
0.06462795287370682 0.005862158723175526 2.927460193634033
-0.3595874607563019 0.46943357586860657 3.4164071083068848
0.19670557975769043 0.2577275037765503 2.378228187561035
-0.427441269159317 0.42201268672943115 3.2775299549102783
0.08292417228221893 0.10899689048528671 2.7236573696136475
-0.35725241899490356 0.26468706130981445 3.250499963760376
0.4211164712905884 0.26317036151885986 2.2653424739837646
-0.1005864292383194 -0.006058976985514164 3.04693865776062
-0.0343543142080307 0.2519095242023468 3.5000548362731934
-0.36616402864456177 0.543432891368866 3.3355846405029297
0.5755813717842102 0.06375431269407272 2.726494789123535
-0.12094754725694656 -0.013168091885745525 3.0668554306030273
0.21225102245807648 0.180923730134964 2.520872116088867
-0.27258241176605225 0.3427670896053314 3.371060609817505
-0.3491627275943756 0.4971621036529541 3.332679033279419
-0.13507677614688873 0.3802267611026764 3.4939820766448975
-0.37439408898353577 0.10280103236436844 3.17891001701355
0.006435655523091555 0.12595200538635254 3.4660584926605225
-0.47738611698150635 0.18814384937286377 3.039992094039917
0.22808586061000824 -0.04336297884583473 3.0500690937042236
-0.4007067382335663 0.264319509267807 3.1967904567718506
-0.10572141408920288 0.30274543166160583 3.4792380332946777
0.1184198409318924 0.37072235345840454 2.0149013996124268
-0.5001624822616577 0.5300458073616028 3.1103177070617676
-0.3822418749332428 0.18769454956054688 3.1959588527679443
0.07334284484386444 0.27992668747901917 3.550595283508301
0.03679725527763367 0.20534101128578186 3.518789052963257
-0.0013811050448566675 0.04990861937403679 2.8926620483398438
0.039152272045612335 0.06405787914991379 2.841531991958618
-0.20872707664966583 0.14976371824741364 2.682612657546997
0.007813370786607265 -0.0608016774058342 3.1385574340820312
-0.43822160363197327 0.4594649076461792 3.2042934894561768
-0.33897265791893005 0.16678693890571594 3.23905086517334
0.4889962673187256 0.23466435074806213 2.3341917991638184
0.1655852049589157 0.3878742456436157 1.9710679054260254
-0.07718236744403839 -0.04302378371357918 3.1249139308929443
-0.2544485628604889 0.0415707603096962 2.9746861457824707
-0.0581338070333004 -0.0567757822573185 3.149541139602661
0.7557781338691711 0.1585286259651184 2.4861950874328613
0.15712101757526398 0.24373285472393036 2.373300552368164
-0.37200185656547546 0.06729710847139359 2.929548978805542
-0.1805390864610672 0.08339611440896988 2.845994710922241
-0.36250126361846924 0.09311433136463165 3.189236879348755
-0.11919766664505005 -0.03448748588562012 3.1139636039733887
-0.157129168510437 0.001976392697542906 3.0427801609039307
-0.34442755579948425 0.09164579957723618 3.2074992656707764
-0.012746840715408325 -0.05479327589273453 3.1284005641937256
-0.3705402910709381 0.2655010223388672 3.235692262649536
-0.10841818153858185 0.046537186950445175 2.922677993774414
0.578959047794342 0.11676031351089478 2.6160929203033447
0.0009201784851029515 -0.07645350694656372 3.173893690109253
-0.24534276127815247 0.21929015219211578 3.353482246398926
0.017090657725930214 0.04104090481996536 2.9028851985931396
-0.3832012116909027 0.2318495213985443 3.2028512954711914
-0.21700866520404816 0.0202808678150177 3.0071210861206055
0.4591548442840576 0.06879683583974838 2.7474353313446045
-0.05695332959294319 0.13383427262306213 3.4503324031829834
-0.14470688998699188 0.04852261766791344 3.3580262660980225
-0.07847065478563309 0.1212053894996643 3.429361581802368
0.5713484287261963 -0.09969130903482437 3.0835628509521484
-0.1934465914964676 0.07114534080028534 3.343958616256714
-0.2310643494129181 0.34264156222343445 2.126077175140381
-0.29624029994010925 0.33732035756111145 3.343715190887451
-0.06932617723941803 -0.004605217836797237 3.033911943435669
0.13714639842510223 -0.048535533249378204 3.078604221343994
-0.10254888981580734 0.14941368997097015 2.672123670578003
-0.30648961663246155 0.3439459502696991 3.334078073501587
-0.1701517403125763 0.22927555441856384 3.4170353412628174
0.22935740649700165 0.36399370431900024 2.019810438156128
-0.508435845375061 0.21197623014450073 2.9808287620544434
-0.23858797550201416 0.010478546842932701 3.035787343978882
-0.2199808657169342 0.09197220206260681 3.33072566986084
-0.4151397943496704 0.14448830485343933 2.745262622833252
0.4439503848552704 -0.09563728421926498 3.1185450553894043
0.5376361608505249 0.154037207365036 2.51880145072937
-0.27662423253059387 0.32531601190567017 2.2336246967315674
0.15612860023975372 -0.12313212454319 3.2385711669921875
-0.43532535433769226 0.2584792375564575 2.4161739349365234
-0.16476485133171082 0.05901826173067093 3.353485584259033
-0.16345901787281036 0.1904950886964798 3.40594482421875
0.30574092268943787 -0.07360371947288513 3.091627359390259
-0.3468361496925354 0.21483813226222992 3.2453246116638184
0.6623958945274353 -0.06304565817117691 2.9882307052612305
-0.05372513085603714 0.06926650553941727 2.853761672973633
-0.3617038130760193 0.20997925102710724 3.231597661972046
0.7919878959655762 0.12445491552352905 2.529729127883911
-0.022141730412840843 -0.02283947914838791 3.4030210971832275
-0.3786287307739258 0.07850617915391922 2.896225690841675
0.05634239688515663 0.03854214400053024 2.9002363681793213
-0.024994052946567535 0.05898571386933327 3.4322893619537354
0.6315138936042786 0.023103361949324608 2.8151021003723145
0.6515347957611084 -0.08854129910469055 3.040912628173828
-0.09437035769224167 -0.01593349315226078 3.076205015182495
-0.37473952770233154 0.13414087891578674 2.760037660598755
0.4137807786464691 -0.08431016653776169 3.090519428253174
-0.2538119852542877 0.33920344710350037 2.1471869945526123
-0.2775396406650543 0.01727082021534443 3.033299684524536
0.08709129691123962 0.29248863458633423 2.2409143447875977
-0.017071781679987907 0.0309766735881567 2.9415488243103027
0.17253069579601288 0.10670477896928787 2.7104833126068115
0.45461446046829224 0.09805984795093536 2.7155303955078125
-0.34628915786743164 0.3127537667751312 3.278890609741211
-0.4269348382949829 0.15923987329006195 2.6889355182647705
-0.03243323042988777 0.0016264973673969507 3.4119415283203125
-0.30263298749923706 0.3437023460865021 2.135584592819214
-0.2609832286834717 0.3694882094860077 3.3941385746002197
-0.327252596616745 0.1155899241566658 3.236327648162842
-0.22132670879364014 -0.013118644244968891 3.0971333980560303
0.13652881979942322 -0.10553490370512009 3.200658082962036
-0.426764577627182 0.4248310923576355 3.2019050121307373
-0.32127922773361206 0.31326499581336975 2.2181100845336914
-0.020469266921281815 -0.06835044175386429 3.1814985275268555
-0.3369608223438263 0.34711048007011414 3.3103015422821045
-0.17637719213962555 -0.05689457058906555 3.312725782394409
0.39570143818855286 -0.04028790816664696 3.006821632385254
0.1906134933233261 -0.1201569065451622 3.2191317081451416
-0.05554460361599922 0.11094764620065689 3.439377784729004
-0.3642693758010864 0.32057371735572815 2.2163069248199463
-0.32987385988235474 0.19813360273838043 3.2687313556671143
-0.3297392427921295 0.05911501124501228 2.9345598220825195
0.04957646131515503 0.11094637960195541 2.7296302318573
-0.2734161913394928 0.37741443514823914 3.3829777240753174
0.07057321071624756 -0.019151801243424416 3.047994613647461
0.09532111138105392 0.07506553083658218 2.80800199508667
0.0304495170712471 -0.08729265630245209 3.187337875366211
-0.18467390537261963 0.14647726714611053 3.3772599697113037
-0.09519363939762115 0.15028564631938934 2.647263526916504
-0.38678741455078125 0.17610464990139008 2.635681390762329
-0.3953288495540619 0.5323103070259094 3.283595085144043
-0.22586782276630402 0.3867463171482086 3.430270195007324
0.13199913501739502 0.06474555283784866 2.8260788917541504
-0.056547753512859344 0.023057278245687485 2.9775912761688232
-0.4407847225666046 0.21008789539337158 2.5536482334136963
-0.3900024890899658 0.21013052761554718 2.551862955093384
-0.3399805426597595 0.3092408776283264 2.245124340057373
-0.45897483825683594 0.09149286150932312 3.0436158180236816
0.4636353850364685 0.053505029529333115 2.778553009033203
-0.4564540982246399 0.2633269429206848 2.3954203128814697
-0.31831008195877075 0.05283292382955551 2.960805892944336
0.3451610505580902 0.021330617368221283 2.879345655441284
-0.3461895287036896 0.09744042158126831 2.8444721698760986
0.33914193511009216 -0.04489778354763985 3.0335581302642822
0.5003894567489624 0.22206814587116241 2.3714840412139893
-0.3526290953159332 -0.030899951234459877 3.1651129722595215
-0.4335341155529022 0.27270081639289856 3.175206422805786
-0.3850191831588745 0.360848605632782 3.2494149208068848
-0.35884615778923035 0.14697280526161194 3.216587781906128
0.061591986566782 -0.03967905789613724 3.079174518585205
-0.22648414969444275 0.17758874595165253 3.353105306625366
-0.1431538611650467 -0.025237830355763435 3.1009457111358643
-0.007249089423567057 0.10307037830352783 2.7647502422332764
-0.2951561212539673 0.4512341022491455 3.392136812210083
-0.32605764269828796 0.41652005910873413 3.335702419281006
-0.35822412371635437 0.3447704017162323 3.276296615600586
0.3582046627998352 -0.11807704716920853 3.1736109256744385
0.3384656608104706 0.3405410051345825 2.0773062705993652
0.0573662593960762 0.1504071056842804 3.5050160884857178
-0.37088099122047424 0.18728388845920563 2.6061675548553467
-0.10096373409032822 0.07418876886367798 3.4054160118103027
-0.11116660386323929 0.11704651266336441 3.4158265590667725
-0.11316026747226715 0.0813346803188324 3.401982307434082
0.4723137319087982 0.24419233202934265 2.2959952354431152
-0.3059574365615845 0.3184119462966919 3.327277898788452
-0.4266137182712555 0.24842898547649384 2.461498737335205
0.22468586266040802 0.12107677012681961 2.6634650230407715
-0.24563273787498474 0.4138264060020447 3.4237725734710693
-0.2271239161491394 0.1994660496711731 3.367408275604248
0.201119527220726 0.38560351729393005 1.9592021703720093
0.4580550789833069 -0.09452379494905472 3.0882437229156494
-0.35292860865592957 0.4544881284236908 3.3189597129821777
-0.05404547601938248 0.113289974629879 2.738778591156006
-0.0911867693066597 0.32725954055786133 3.499681234359741
-0.494005411863327 0.3868764638900757 3.070014476776123
0.6165763139724731 0.12809734046459198 2.5709216594696045
-0.4190201461315155 0.18558789789676666 2.6336922645568848
-0.48121559619903564 0.24073758721351624 3.054426670074463
-0.14671769738197327 0.029444493353366852 2.9664623737335205
-0.2830069661140442 0.29709649085998535 3.346571445465088
-0.0695715993642807 0.05086696520447731 3.4110348224639893
-0.4277268052101135 0.23797470331192017 3.146385669708252
0.42469319701194763 -0.11908352375030518 3.152435541152954
0.07540276646614075 0.31298425793647766 2.1827447414398193
-0.3172535002231598 0.4286843240261078 3.3554749488830566
-0.3379049301147461 0.16885848343372345 2.6507821083068848
0.29598504304885864 -0.05500134453177452 3.05904483795166
-0.11235907673835754 0.3545333743095398 3.5024192333221436
-0.3064311444759369 0.0022373280953615904 3.221102237701416
0.2469378113746643 -0.10021395981311798 3.162900686264038
-0.07418596744537354 -0.0677107721567154 3.186741590499878
-0.2651577889919281 0.003665570868179202 3.060415267944336
-0.23530913889408112 0.027691874653100967 2.9825644493103027
0.06443585455417633 -0.05034821107983589 3.105492353439331
0.6664356589317322 0.017027370631694794 2.8209125995635986
0.21816730499267578 0.40209802985191345 1.9211148023605347
-0.09634748846292496 -0.06270195543766022 3.1776881217956543
-0.43472713232040405 0.17384953796863556 3.109682321548462
-0.4087969958782196 0.19853265583515167 3.16899037361145
-0.45547983050346375 0.199318066239357 2.589829444885254
-0.14110876619815826 -0.04286554828286171 3.145693302154541
-0.07250829041004181 0.16318032145500183 3.4478697776794434
-0.36772826313972473 0.11935687810182571 3.201953649520874
0.3120843172073364 -0.12014131993055344 3.1985795497894287
-0.15138402581214905 0.293644517660141 3.45265793800354
-0.056312691420316696 0.20464462041854858 3.4691262245178223
-0.3424833118915558 0.4146376848220825 3.3226253986358643
-0.09333107620477676 0.15348118543624878 3.4387948513031006
0.3483159840106964 -0.09429317712783813 3.1273016929626465
-0.36335626244544983 0.1485740691423416 2.726447820663452
-0.39012610912323 0.14436747133731842 2.7344303131103516
-0.3908602297306061 0.18716976046562195 2.603715419769287
-0.014299063943326473 -0.07315632700920105 3.1598615646362305
0.6506457328796387 0.12569738924503326 2.5738492012023926
-0.12995043396949768 0.03290141001343727 3.3699448108673096
-0.4268537163734436 0.3547631800174713 3.193031072616577
-0.2183067947626114 -0.04595654457807541 3.2914633750915527
-0.41870227456092834 0.2522549331188202 2.425788402557373
-0.16949540376663208 0.008472123183310032 3.007878303527832
-0.3683064877986908 0.2023181915283203 2.568187713623047
-0.3777138888835907 0.39478281140327454 3.26171612739563
0.8538174033164978 0.08778531849384308 2.622399091720581
-0.07889509201049805 0.018062859773635864 3.393543004989624
0.0029324768111109734 0.017312513664364815 2.9712636470794678
0.4430515468120575 0.11775389313697815 2.636488437652588
-0.1530017852783203 0.08648715913295746 3.377859354019165
-0.27086079120635986 0.08783450722694397 3.2806625366210938
0.09763336926698685 -0.13120485842227936 3.270528793334961
0.06423968821763992 -0.08855696022510529 3.1806342601776123
-0.2833382487297058 0.17333325743675232 3.3073747158050537
-0.12685489654541016 -0.07270483672618866 3.1991634368896484
0.23672588169574738 0.014497598633170128 2.9080750942230225
-0.39089685678482056 0.16063858568668365 2.676619291305542
-0.016196584329009056 0.10816971957683563 2.755032539367676
-0.048479508608579636 0.005509148817509413 3.0063493251800537
-0.13519544899463654 0.033768389374017715 2.955082416534424
0.021172555163502693 -0.10954323410987854 3.2267916202545166
0.7754504084587097 0.035191018134355545 2.7530689239501953
-0.016576917842030525 0.2325432449579239 2.404968500137329
-0.292071670293808 0.1796230673789978 3.2997982501983643
0.37824809551239014 0.24310795962810516 2.320279598236084
0.29325637221336365 0.3719079792499542 1.992879867553711
0.36971884965896606 -0.00837837252765894 2.939985990524292
0.348678857088089 -0.10588337481021881 3.150048017501831
-0.2740762531757355 0.313071072101593 3.359995126724243
-0.23356661200523376 0.06989336013793945 2.8916006088256836
-0.00521762715652585 -0.0642888993024826 3.188964366912842
-0.33684849739074707 0.05322163552045822 2.961531639099121
0.09794723242521286 0.13276056945323944 2.667121648788452
-0.2001820057630539 0.4923470914363861 3.475240707397461
0.026471488177776337 0.4397735893726349 1.7943049669265747
-0.029727529734373093 -0.08085170388221741 3.2058165073394775
-0.04591896012425423 0.35559970140457153 3.5334417819976807
-0.322914719581604 0.2532411813735962 3.2875895500183105
-0.3646754324436188 0.3291699290275574 3.2601144313812256
-0.2143980711698532 0.1221565455198288 3.348679542541504
-0.17127859592437744 0.22547459602355957 2.496401071548462
0.6341588497161865 0.1561914086341858 2.4957118034362793
0.021766668185591698 0.08909547328948975 3.46146297454834
-0.3214629590511322 0.1625470072031021 2.676076650619507
-0.13460960984230042 0.07406295090913773 3.382476806640625
-0.3459194302558899 0.10348419100046158 3.219320058822632
-0.3243522644042969 0.46913301944732666 3.3615074157714844
-0.08706478774547577 0.022430231794714928 3.4025821685791016
-0.07390347868204117 0.14616093039512634 3.4386117458343506
0.21156102418899536 0.00331196840852499 2.939140558242798
0.04888245463371277 -0.06369978189468384 3.134284257888794
-0.28940635919570923 0.21968314051628113 3.317580461502075
0.03511485829949379 0.41739678382873535 3.651400327682495
-0.241243377327919 0.1723984330892563 3.3325958251953125
0.5380856990814209 -0.08378125727176666 3.0699260234832764
-0.13697946071624756 0.0789225697517395 2.8468194007873535
0.5123845934867859 -0.06332004070281982 3.026984691619873
0.6820977330207825 -0.07705652713775635 3.0041301250457764
-0.3331328332424164 0.10612168908119202 2.814521312713623
0.34837302565574646 -0.03299576789140701 2.9981300830841064
-0.22109344601631165 0.46140965819358826 3.450657606124878
-0.18297401070594788 -0.0213994849473238 3.095301866531372
-0.2703638970851898 0.026495490223169327 3.008587121963501
-0.1284743994474411 0.04959684610366821 2.920657157897949
-0.5143734216690063 0.13593611121177673 2.9419779777526855
-0.007400451693683863 0.3509489893913269 2.0771238803863525
-0.11252003163099289 0.06413600593805313 2.881319046020508
-0.18641403317451477 0.18772383034229279 3.3898186683654785
-0.2414644956588745 0.09034866839647293 3.321092367172241
-0.2907686233520508 0.09243670105934143 3.2539637088775635
0.67302006483078 -0.026969127357006073 2.9153711795806885
0.11297813057899475 0.16969075798988342 2.566534996032715
-0.0799170657992363 -0.05853014811873436 3.171395778656006
-0.30750247836112976 0.5368185639381409 3.393779754638672
0.6423277854919434 -0.07175708562135696 3.015723466873169
0.2824087142944336 -0.11678691953420639 3.1793606281280518
-0.061937447637319565 0.26190561056137085 3.4931938648223877
-0.2259543538093567 0.18862231075763702 3.3611955642700195
0.14513179659843445 -0.05360978841781616 3.1001789569854736
0.36837828159332275 0.1942259669303894 2.4751219749450684
0.5617852807044983 -0.06941169500350952 3.02240252494812
-0.017915410920977592 -0.08876476436853409 3.2163074016571045
-0.3852512538433075 0.15406224131584167 3.185856580734253
-0.30959245562553406 0.396456778049469 3.349393844604492
-0.16451650857925415 0.17499496042728424 3.400791883468628
-0.05131261795759201 -0.008783940225839615 3.043181896209717
-0.4100048542022705 0.46847474575042725 3.2417550086975098
0.3348405063152313 0.3143693506717682 2.1892313957214355
0.20833462476730347 0.23271869122982025 2.3700129985809326
-0.2004653662443161 -0.04659171402454376 3.2965993881225586
-0.4260930120944977 0.17515793442726135 3.1170907020568848
0.17680755257606506 0.035699501633644104 2.8802330493927
-0.08407152444124222 -0.05711882561445236 3.160975694656372
0.3132822513580322 0.3246171772480011 2.1318814754486084
0.4015229344367981 0.36254599690437317 2.0135560035705566
-0.1984390765428543 0.058104824274778366 3.331995964050293
-0.3472256362438202 0.354530930519104 3.301445960998535
-0.24054203927516937 0.49492478370666504 3.450007200241089
-0.18498778343200684 0.3373778462409973 2.1289432048797607
0.5050531625747681 -0.08977849781513214 3.097346782684326
-0.07365235686302185 -0.07212240248918533 3.1708672046661377
0.2627641558647156 0.18827247619628906 2.5095815658569336
0.41744163632392883 -0.10119832307100296 3.1516191959381104
0.3983069956302643 -0.08762185275554657 3.080359935760498
-0.5072500109672546 0.18574734032154083 2.6437597274780273
-0.5258907079696655 0.13653872907161713 2.9252467155456543
-0.03920594975352287 0.0724962130188942 3.428217887878418
0.6892809867858887 0.06300269067287445 2.70225191116333
-0.5019324421882629 0.15844842791557312 2.7056829929351807
-0.2902087867259979 0.060748711228370667 2.9539904594421387
0.2877071797847748 0.11719529330730438 2.6582162380218506
-0.47913873195648193 0.12825430929660797 2.835313081741333
-0.305514395236969 0.0837947428226471 3.245586395263672
0.2502427101135254 0.1568353921175003 2.5910325050354004
0.17043761909008026 -0.12080512940883636 3.222508668899536
-0.17210522294044495 0.03953491523861885 3.343993663787842
-0.22717472910881042 0.3254856467247009 2.194084644317627
0.6137585043907166 0.2632445991039276 2.2488396167755127
0.44818755984306335 0.27276089787483215 2.2901878356933594
-0.2294074445962906 0.16480037569999695 2.641148567199707
0.3579562306404114 0.09085257351398468 2.708390951156616
0.022179236635565758 0.2422865778207779 3.4756598472595215
0.6673344373703003 0.2737430930137634 2.225781202316284
0.09160721302032471 0.12452329695224762 3.4598095417022705
-0.05530067905783653 0.31881335377693176 3.4751100540161133
0.15747691690921783 0.018097195774316788 3.4374094009399414
-0.10783838480710983 0.11565591394901276 3.4212160110473633
0.6995376944541931 0.28710415959358215 2.1629323959350586
0.06274554133415222 0.27352654933929443 3.4903311729431152
0.6019220948219299 0.05625951290130615 3.3013157844543457
0.121339812874794 0.29536229372024536 2.263286828994751
0.18926718831062317 0.08219032734632492 3.451697826385498
0.4799671173095703 0.3374502956867218 2.103224992752075
0.2005646675825119 0.20970076322555542 3.4826104640960693
0.03949010372161865 0.11666528135538101 3.4508299827575684
0.0472484789788723 0.0166422501206398 3.431598663330078
0.12183619290590286 0.22052490711212158 3.487156867980957
0.3611964285373688 0.22385914623737335 3.4637768268585205
0.4647791385650635 0.20852285623550415 2.4082295894622803
0.7517486214637756 0.024139974266290665 2.8238284587860107
0.08861296623945236 0.3585635721683502 3.5165581703186035
0.12378886342048645 0.07107844203710556 3.45023512840271
0.5244641304016113 -0.10844826698303223 3.1506240367889404
0.8492559194564819 0.01742810197174549 2.7430880069732666
0.6787666082382202 0.2973775565624237 2.132319927215576
0.10583313554525375 0.21406883001327515 3.482673406600952
0.11278976500034332 0.013650293461978436 3.4329609870910645
0.0980071946978569 0.03944198414683342 2.792178153991699
0.4596748352050781 0.29249972105026245 2.2040114402770996
0.6294712424278259 0.34691235423088074 2.046138286590576
0.3091621696949005 0.394079327583313 2.0151283740997314
0.29061153531074524 0.08893442153930664 2.706937551498413
0.1872967630624771 0.2586635947227478 2.3401498794555664
0.17588262259960175 -0.1433544158935547 3.2872328758239746
0.13720035552978516 0.07584210485219955 2.7634050846099854
0.17906485497951508 0.3571825325489044 3.518915891647339
0.2423224002122879 0.15355421602725983 3.467383623123169
-0.472433865070343 0.19352038204669952 2.438390016555786
0.5766667127609253 0.22567525506019592 2.325579881668091
0.1656234711408615 0.12798617780208588 3.456808567047119
-0.07339886575937271 0.043502628803253174 3.403587579727173
-0.025140918791294098 0.31119754910469055 3.4719536304473877
0.10332687199115753 -0.03519715368747711 3.4233081340789795
0.365011066198349 0.2561672031879425 3.4719743728637695
0.09036878496408463 0.2731822729110718 2.308387279510498
0.06107034906744957 0.08045192062854767 2.7314178943634033
0.23392915725708008 0.05867106094956398 3.444120407104492
0.2572597861289978 -0.056868478655815125 3.405606269836426
0.6320570111274719 0.016896240413188934 3.2715306282043457
0.20950448513031006 0.2621414363384247 3.496208906173706
0.02029353938996792 0.29455748200416565 3.4842236042022705
0.2296910285949707 0.011309916153550148 3.4285693168640137
0.010651202872395515 0.0003147581883240491 3.4174106121063232
0.13481152057647705 0.16135352849960327 3.474558115005493
-0.1032920628786087 0.01524257380515337 3.394068479537964
0.03234433755278587 0.33880797028541565 3.499614715576172
0.23838761448860168 0.11272673308849335 3.4570093154907227
0.04176170378923416 -0.041349153965711594 3.414264440536499
-0.014200969599187374 0.36992743611335754 3.4934210777282715
0.21901661157608032 0.20996221899986267 3.4829554557800293
0.06987243890762329 0.10335991531610489 3.449932098388672
-0.10675191879272461 0.3970404863357544 2.064579486846924
0.7384771704673767 0.0641494020819664 2.7024483680725098
0.3757345378398895 -0.028759540989995003 2.9702680110931396
0.15481768548488617 -0.028176199644804 3.427980422973633
0.11211404949426651 0.0967927947640419 3.4532201290130615
0.5612286329269409 0.052191492170095444 3.3230087757110596
-0.017800606787204742 0.3590645492076874 2.144477605819702
0.37270230054855347 0.21297834813594818 2.416480302810669
-0.0005544595187529922 0.30869773030281067 3.4855666160583496
-0.2186274528503418 0.4598260819911957 3.4014739990234375
0.3679006099700928 0.35863760113716125 2.0867631435394287
0.372507244348526 0.08155608922243118 3.4206197261810303
0.017071979120373726 0.21727390587329865 2.4180033206939697
0.31575441360473633 -0.06998518109321594 3.06899356842041
0.05108025297522545 0.25115498900413513 2.3606131076812744
-0.23760373890399933 0.3719732165336609 3.383213758468628
0.1888357251882553 0.010295066982507706 3.4352619647979736
0.09352786839008331 0.245714470744133 3.488039255142212
0.2855513393878937 -0.0923689603805542 3.1375977993011475
0.0510992668569088 0.19014695286750793 2.5002212524414062
-0.13558760285377502 0.4471193850040436 3.4606010913848877
0.5649110078811646 0.13448259234428406 3.3480231761932373
0.05463288351893425 0.2544776201248169 3.4705469608306885
0.6927215456962585 0.10232704132795334 2.6268231868743896
-0.06843500584363937 0.20937050879001617 3.440903425216675
0.7015232443809509 0.25985434651374817 2.267181158065796
0.23864224553108215 0.28728488087654114 2.2653205394744873
0.159531831741333 0.05935680866241455 3.4452974796295166
-0.0607183538377285 0.347979873418808 2.152240037918091
0.12585370242595673 0.26223981380462646 2.3485724925994873
0.4837883710861206 -0.17506788671016693 3.305584192276001
0.776003897190094 0.26355409622192383 2.2473161220550537
0.28127408027648926 0.24619685113430023 2.349320650100708
0.8263552188873291 0.03950129821896553 2.744913101196289
0.21684838831424713 -0.12324643135070801 3.4051501750946045
-0.12372370809316635 0.39062267541885376 3.4467921257019043
-0.05664907768368721 0.24965885281562805 3.454186201095581
0.6612881422042847 -0.0932244285941124 3.0567638874053955
0.17164883017539978 0.21585462987422943 2.41440486907959
0.48987290263175964 0.12422098964452744 3.3884167671203613
-0.33887356519699097 0.07215385138988495 2.777904748916626
0.4277995228767395 0.22334326803684235 2.3952956199645996
0.21520362794399261 0.38652923703193665 3.5183613300323486
-0.003061839146539569 0.11438088119029999 3.4465091228485107
0.2242094874382019 0.34594395756721497 3.5195119380950928
0.7559158205986023 0.3590218126773834 3.927389621734619
0.21209679543972015 0.2944120764732361 2.244062662124634
-0.006732904817909002 0.05030914768576622 2.815019130706787
0.8201478719711304 0.186838299036026 2.40761137008667
-0.046368617564439774 -0.09228669106960297 3.1249008178710938
0.07481170445680618 0.1642725020647049 3.4662692546844482
0.7304211258888245 0.2917100191116333 2.170930862426758
0.10338544845581055 0.38602739572525024 3.5240304470062256
0.056340936571359634 0.3338281214237213 3.4989302158355713
-0.5270581245422363 0.04358422011137009 2.7348215579986572
0.38028064370155334 0.32634878158569336 2.1624176502227783
0.087131567299366 0.038351189345121384 3.4401819705963135
0.1079016774892807 0.2688733637332916 3.492602825164795
0.07673528790473938 -0.021986421197652817 3.422083854675293
0.5141607522964478 0.28575706481933594 2.212876081466675
2.937037229537964 1.4131193161010742 1.5300918817520142
0.13661342859268188 0.11838119477033615 3.462122678756714
0.7527496814727783 0.10563455522060394 2.6060385704040527
0.4475991129875183 0.26287761330604553 2.2661292552948
-0.30193233489990234 -0.09324648231267929 3.079996347427368
-0.31686121225357056 0.4966500699520111 3.3479721546173096
0.12829282879829407 0.2953830659389496 3.5012331008911133
-0.0970262661576271 0.15459084510803223 3.4241089820861816
0.4886326193809509 0.2878980040550232 2.2074942588806152
0.016404062509536743 0.051198381930589676 3.42651104927063
-0.35687705874443054 -0.041166793555021286 2.960022449493408
0.43473491072654724 0.14180900156497955 3.4239678382873535
-0.4443783164024353 0.17628951370716095 2.5445659160614014
0.06274976581335068 0.239160418510437 2.3999013900756836
0.3373735845088959 0.1908694952726364 3.4553205966949463
0.010452361777424812 0.03808140754699707 2.8122613430023193
-0.13198527693748474 0.14298902451992035 3.400277853012085
0.9285185933113098 0.12916219234466553 2.353052854537964
0.6727519631385803 0.20443972945213318 2.3789212703704834
0.50791996717453 0.3702981173992157 2.0132110118865967
0.18349705636501312 -0.1327591985464096 3.2065508365631104
0.22112099826335907 -0.05815843865275383 3.4105639457702637
-0.05884481221437454 0.06048743426799774 3.4182028770446777
-0.06804980337619781 0.23533883690834045 3.4491376876831055
0.45526158809661865 0.23109638690948486 2.3627188205718994
0.2491295039653778 -0.12563066184520721 3.2258617877960205
0.6280745267868042 0.05101253464818001 3.279428720474243
0.5712873339653015 -0.057754650712013245 3.060081720352173
0.07681005448102951 0.38888394832611084 3.5210440158843994
0.09843207895755768 -0.14220267534255981 3.2539796829223633
1.0264259576797485 0.3853258192539215 3.8858134746551514
0.0427425280213356 -0.011289922520518303 3.4194672107696533
-0.4245884418487549 0.04029222950339317 2.8184590339660645
0.10493400692939758 -0.10105133056640625 3.1600584983825684
0.26653677225112915 -0.11893098056316376 3.225644588470459
0.13117265701293945 0.4457709789276123 3.544907808303833
-0.08883117884397507 0.33648401498794556 2.1822192668914795
0.8319242000579834 0.114833302795887 2.5752205848693848
0.3158420920372009 0.2564789652824402 3.4801878929138184
0.06093720719218254 0.33887267112731934 2.1639301776885986
-0.4754388630390167 0.12065447866916656 2.6509087085723877
0.4312783181667328 -0.11687924712896347 3.3351287841796875
0.7199671864509583 0.0430525504052639 2.765864372253418
-0.015062914229929447 0.08987890183925629 2.7436413764953613
0.8526856303215027 0.1754249483346939 2.4108898639678955
0.047781024128198624 -0.15147465467453003 3.2572033405303955
0.10262730717658997 0.21442508697509766 3.4641246795654297
0.15065252780914307 0.12819643318653107 2.620910882949829
0.009671345353126526 0.47797173261642456 3.6544249057769775
0.4512724280357361 0.08651403337717056 3.398226499557495
0.422244131565094 -0.11277775466442108 3.1758806705474854
-0.24816620349884033 0.3306422531604767 2.2099995613098145
0.3181903064250946 -0.13257993757724762 3.3754146099090576
0.30840691924095154 0.23170633614063263 3.477137565612793
0.018671587109565735 0.3074606657028198 2.23533296585083
0.7956899404525757 0.1976657509803772 2.35561203956604
0.48799312114715576 0.1838463395833969 2.470595598220825
0.3191000521183014 0.1753596067428589 2.522487163543701
-0.5371370911598206 0.0941140204668045 2.629976511001587
0.20006008446216583 0.1717766374349594 3.4718170166015625
0.14475706219673157 0.4134347140789032 3.530517816543579
0.9391990900039673 0.057042740285396576 2.488548517227173
0.08573675155639648 0.26576706767082214 3.4976539611816406
0.6698281168937683 -0.0022445826325565577 2.8792901039123535
0.8214820027351379 0.3496314287185669 3.955705165863037
0.4686305522918701 -0.11046382039785385 3.1570286750793457
0.09264266490936279 0.24030213057994843 2.3941996097564697
-0.3978655934333801 0.17295359075069427 2.580932378768921
0.5719296336174011 0.34203487634658813 2.0972700119018555
0.48823118209838867 0.13541939854621887 2.5678017139434814
0.17611955106258392 -0.1462615430355072 3.2510781288146973
0.058453526347875595 0.12746590375900269 3.456106662750244
0.39629289507865906 -0.12167322635650635 3.193732261657715
0.35391268134117126 0.24018971621990204 2.3485982418060303
-0.21530693769454956 0.16601838171482086 2.589416742324829
0.348253071308136 -0.11976691335439682 3.196497678756714
0.16349878907203674 0.25215640664100647 2.317438840866089
0.39567968249320984 0.18228167295455933 3.4506618976593018
2.5073418617248535 1.167348861694336 2.096079111099243
0.15852081775665283 0.1599363088607788 3.481367826461792
0.2759894132614136 -0.014204537495970726 2.9362776279449463
0.14479896426200867 0.0984811782836914 3.4549474716186523
-0.7317003607749939 0.6346442699432373 3.347829818725586
0.023241553455591202 -0.0024967489298433065 2.915100336074829
0.30434373021125793 0.18736104667186737 3.4682202339172363
-0.019531579688191414 0.14052416384220123 3.43133807182312
0.7642994523048401 0.3645758330821991 3.8932626247406006
0.2481580525636673 -0.2088329941034317 3.3392159938812256
0.881074070930481 0.1613946408033371 2.4058926105499268
-0.008352250792086124 -0.08717556297779083 3.394660711288452
0.5187426805496216 0.2483169436454773 2.2932982444763184
-0.16820402443408966 0.3105478286743164 3.423858880996704
0.7395969033241272 0.2509455978870392 2.307614326477051
1.0423579216003418 0.3948502242565155 3.8553671836853027
-0.05458349734544754 0.6773475408554077 1.5497628450393677
0.5269584059715271 -0.12212909758090973 3.2951817512512207
0.2237301915884018 -0.03207008168101311 3.421844959259033
0.2171730101108551 0.44152146577835083 3.6955831050872803
0.6753520369529724 0.11419395357370377 3.267977714538574
-0.26470857858657837 0.3788573741912842 2.1108531951904297
-0.28425899147987366 0.37021955847740173 3.346656084060669
-0.03381543979048729 0.13579361140727997 3.4353444576263428
-0.25805696845054626 0.08621843159198761 2.7681148052215576
0.06297139078378677 0.3004893362522125 2.2492904663085938
0.023434193804860115 0.36415329575538635 3.5047121047973633
-0.9724538326263428 0.7206202745437622 3.1636526584625244
0.5579785108566284 0.2534322440624237 2.253859281539917
0.15176932513713837 0.3197769820690155 3.530363082885742
-0.3027007281780243 0.2661823630332947 2.3243408203125
-0.12515150010585785 0.48748114705085754 3.4698197841644287
0.4790669083595276 -0.04802398383617401 3.003370523452759
0.5499042272567749 0.09217022359371185 3.347024917602539
0.04243467003107071 -0.05335773900151253 3.404590606689453
0.2775275707244873 0.37852972745895386 3.880411386489868
0.17714810371398926 0.15404346585273743 3.4757795333862305
0.3901270627975464 0.16888198256492615 2.503638744354248
0.23923803865909576 0.12635403871536255 2.6556153297424316
-0.015974441543221474 -0.13576044142246246 3.241459846496582
0.6191327571868896 0.014046845957636833 2.8453991413116455
0.32087236642837524 0.2566557228565216 2.3046021461486816
0.23364579677581787 0.26149922609329224 3.4995951652526855
0.07029035687446594 0.12861984968185425 3.456205129623413
-0.8149064183235168 0.6277976632118225 3.330923557281494
0.02162354066967964 0.3677598834037781 2.107403039932251
0.44643309712409973 -0.1332017332315445 3.3340516090393066
0.7388895750045776 0.031162362545728683 2.789357900619507
0.32785218954086304 0.10519467294216156 3.4412784576416016
-0.14980442821979523 -0.05870761722326279 3.0524439811706543
0.8361609578132629 0.20118877291679382 2.342144012451172
2.6633665561676025 1.2653135061264038 1.8557217121124268
0.5792037844657898 0.3508892357349396 2.0270185470581055
0.027310417965054512 -0.13217324018478394 3.26399827003479
0.17633359134197235 0.4126776456832886 3.5417418479919434
0.5530393719673157 0.05046679824590683 2.7189862728118896
-0.2091318517923355 -0.04090214893221855 3.026359796524048
0.42072251439094543 0.13767407834529877 3.429192066192627
0.04647095873951912 -0.1261587142944336 3.4103219509124756
0.06478805094957352 0.009466961957514286 2.8692102432250977
0.5956570506095886 0.062054626643657684 2.6968719959259033
0.6491141319274902 0.32462096214294434 2.0870656967163086
0.7574639916419983 0.052516236901283264 2.7352523803710938
-0.37864404916763306 0.17654293775558472 2.5317516326904297
0.044557731598615646 0.21710801124572754 3.4666900634765625
0.8079573512077332 0.3641238808631897 3.9122118949890137
0.6107566356658936 0.03732714056968689 2.7968907356262207
0.43011876940727234 0.1772739291191101 3.4251201152801514
-0.515681266784668 0.12596917152404785 2.5230817794799805
0.6800656914710999 0.35648325085639954 3.923459053039551
0.5943237543106079 -0.05241287872195244 3.018791437149048
-0.2631956934928894 0.44780755043029785 3.4042162895202637
0.3866661489009857 -0.13336053490638733 3.187775135040283
0.10718689113855362 -0.08313722908496857 3.39131760597229
0.18639706075191498 0.30969446897506714 3.5065176486968994
0.3978908061981201 0.24847100675106049 2.3035645484924316
0.6009501814842224 -0.024701640009880066 2.93276047706604
-1.046154260635376 0.8932196497917175 2.910984754562378
0.7022625803947449 -0.002185773104429245 2.913447380065918
-0.8762552738189697 0.6845057606697083 3.2451140880584717
0.145211324095726 0.2993569076061249 2.221158981323242
-0.6811334490776062 0.5521463751792908 3.4561471939086914
0.3014804720878601 -0.12319424748420715 3.218688726425171
0.17889133095741272 0.31698375940322876 2.1855740547180176
0.44579750299453735 0.21316377818584442 2.429189443588257
0.30763211846351624 -0.058272525668144226 3.399034023284912
0.3769177198410034 0.39652520418167114 3.83693790435791
0.37985721230506897 0.400591105222702 1.9559298753738403
0.23417174816131592 0.23001351952552795 2.3800296783447266
0.21106944978237152 0.11717857420444489 2.664872169494629
-0.27561071515083313 0.13897185027599335 3.318387746810913
2.8646657466888428 1.3644890785217285 1.672153353691101
0.016240715980529785 -0.07634342461824417 3.0877041816711426
-0.3778166174888611 0.5315312743186951 3.555082082748413
-0.4940587878227234 0.10014580935239792 2.626988172531128
0.2644736170768738 0.36208251118659973 2.0687308311462402
0.020993037149310112 0.17732995748519897 2.5434787273406982
0.7912552356719971 0.36833927035331726 3.9077110290527344
0.023998171091079712 -0.012898443266749382 3.422128200531006
0.6824495792388916 0.0268775075674057 2.786125421524048
0.17746636271476746 0.4184750020503998 3.524062395095825
0.4062778055667877 0.15488547086715698 3.42327880859375
0.2750324010848999 0.27323681116104126 2.288137912750244
0.02160642109811306 0.20413734018802643 3.466233491897583
0.10900402814149857 0.25753411650657654 2.382138967514038
0.028887039050459862 -0.13707557320594788 3.20462965965271
0.1221633180975914 0.17224472761154175 3.478037118911743
2.685717821121216 1.1729103326797485 1.956333041191101
0.30624526739120483 -0.04069368913769722 2.99117374420166
0.33520030975341797 -0.14410504698753357 3.2214179039001465
0.41124850511550903 0.3321422040462494 3.947066068649292
0.8158425092697144 0.07619688659906387 2.6673424243927
-0.018769986927509308 -0.0829768255352974 3.1093661785125732
0.5786367058753967 -0.015478294342756271 3.2908222675323486
0.24269331991672516 0.3857855200767517 3.5220961570739746
0.22643330693244934 0.41391050815582275 3.8008322715759277
-0.358862042427063 0.5479727983474731 3.5291967391967773
-0.17295029759407043 0.44432249665260315 3.7616629600524902
-0.20463532209396362 0.4829545319080353 3.6422183513641357
2.289048671722412 1.242875099182129 2.0319271087646484
0.7141843438148499 0.09577258676290512 2.639702081680298
2.3156909942626953 1.3305116891860962 1.5723620653152466
0.13056743144989014 -0.09638357907533646 3.1604561805725098
0.5421328544616699 0.4512666165828705 3.6838996410369873
-0.26388275623321533 -0.06166099011898041 3.04044246673584
0.8561100959777832 0.19098526239395142 2.3227639198303223
-0.3340521454811096 -0.06565865874290466 3.0756866931915283
2.5708398818969727 1.2126103639602661 2.0019381046295166
0.29822027683258057 -0.1073605939745903 3.1714937686920166
0.9224819540977478 0.19669470191001892 2.1752729415893555
0.06258831918239594 0.4221718907356262 3.738086462020874
0.69873046875 0.1279197484254837 2.51159405708313
-0.3337722718715668 0.49590277671813965 3.6254079341888428
0.5269120335578918 -0.01821095682680607 2.9338369369506836
2.26448392868042 0.9765079021453857 2.510314702987671
0.20729157328605652 -0.005909299477934837 2.8973774909973145
0.5424527525901794 -0.03070562332868576 3.314927101135254
-1.6422022581100464 2.4081201553344727 0.773466944694519
0.2694742977619171 0.1313074678182602 2.603884220123291
0.025093955919146538 0.06346127390861511 2.7743866443634033
0.3545975983142853 -0.021411504596471786 2.97817325592041
0.9699941873550415 -0.0017524330178275704 2.78218150138855
0.018695469945669174 0.4451747238636017 3.7281930446624756
0.2574777603149414 0.39059197902679443 3.84330415725708
-0.031884126365184784 0.019942423328757286 3.3791985511779785
0.41291019320487976 0.2429237812757492 3.4759624004364014
-0.06736523658037186 0.421056866645813 2.027019739151001
-0.09338410943746567 0.45276275277137756 1.9513914585113525
0.3308981955051422 0.2158980369567871 3.4851574897766113
-0.11252281814813614 0.06125595420598984 2.901223659515381
0.6977726221084595 0.4370808005332947 3.419621467590332
0.09435000270605087 -0.07790938764810562 3.184194803237915
0.2431013435125351 0.1926010698080063 3.483921527862549
0.8944593071937561 0.341668963432312 3.140279531478882
0.07914920896291733 -0.038237787783145905 3.0946388244628906
-0.5093358159065247 0.18339180946350098 2.6777591705322266
-0.12596815824508667 0.09736859798431396 2.822749137878418
0.09401538223028183 0.4383729100227356 1.963950514793396
-0.04007777199149132 0.04737190529704094 3.389831066131592
0.382699579000473 0.23680566251277924 3.482722759246826
0.08913165330886841 -0.0340711772441864 3.396066188812256
0.23000986874103546 0.009814257733523846 2.919651508331299
0.5061241388320923 0.34178557991981506 3.485888719558716
0.47616294026374817 0.2823585271835327 3.4729599952697754
0.25103959441185 0.26681262254714966 3.5116186141967773
0.07351646572351456 0.05837327986955643 3.4199366569519043
0.18607749044895172 0.4569057822227478 1.8939749002456665
0.79841548204422 0.4517219364643097 3.3397672176361084
-0.020566629245877266 0.03703444078564644 2.923485279083252
0.04474164918065071 0.44332027435302734 1.972791075706482
0.25413385033607483 0.07505124807357788 2.751056671142578
-0.07762216776609421 0.11127239465713501 2.7620818614959717
0.32698869705200195 0.3624523878097534 2.0938165187835693
0.7544534802436829 0.10699021816253662 2.547210693359375
-0.05448542535305023 -0.06184205785393715 3.20119571685791
0.08674003183841705 0.47021061182022095 1.8871906995773315
0.3691096603870392 0.1726236790418625 2.52295184135437
-0.5666208863258362 0.210097998380661 2.499816656112671
0.4235376715660095 0.28573670983314514 3.497946262359619
0.33473098278045654 0.16750234365463257 2.5214524269104004
0.6018988490104675 0.3819422125816345 3.4552152156829834
0.6424495577812195 0.30122748017311096 2.174229145050049
-0.19426994025707245 0.36885133385658264 3.960982084274292
0.1297318935394287 -0.016062848269939423 3.404399871826172
-0.42359593510627747 0.3062193691730499 2.341122627258301
0.4938497841358185 0.3806592524051666 3.504988670349121
0.3708741366863251 0.4493615925312042 1.8554097414016724
0.29387640953063965 0.14538799226284027 2.603959560394287
0.5573724508285522 0.36617371439933777 3.4761195182800293
0.47596561908721924 0.20625007152557373 3.4481894969940186
0.07165228575468063 0.12887966632843018 2.6855666637420654
0.5799434185028076 0.27802878618240356 2.226607084274292
0.6074948906898499 0.18723027408123016 2.4123849868774414
-0.03236923739314079 -0.06590201705694199 3.3594605922698975
0.45690178871154785 0.05259449779987335 2.754143238067627
1.6935888528823853 4.18343448638916 -2.6434943675994873
0.2074979543685913 0.08313585817813873 3.443218231201172
0.9740704894065857 0.5475479960441589 3.271411418914795
0.301641583442688 0.19147956371307373 2.4465556144714355
-0.05562559887766838 0.44650334119796753 1.9453779458999634
-0.41090062260627747 0.336166650056839 2.2867374420166016
1.6367082595825195 5.853574275970459 -5.353530406951904
0.19650457799434662 0.1075160801410675 2.6750969886779785
-0.3659380376338959 0.20744621753692627 2.5970888137817383
0.5790022611618042 0.1291303038597107 2.528327226638794
0.38566359877586365 0.3003380000591278 3.50492000579834
-0.33659303188323975 0.2687378525733948 2.4347615242004395
0.07819066196680069 0.4167235791683197 2.0336601734161377
0.33115094900131226 0.24230772256851196 2.3708465099334717
-0.47118690609931946 0.20033426582813263 2.6078481674194336
-0.3883208930492401 0.2754836082458496 2.4273412227630615
0.1058410108089447 0.3816389739513397 3.876646041870117
-0.41445115208625793 0.06584850698709488 2.9540884494781494
-0.1039712056517601 -0.01906338892877102 3.114168882369995
0.1310485303401947 0.07233579456806183 3.4370555877685547
-0.011794015765190125 0.04219364374876022 3.396652936935425
0.022132905200123787 0.36619138717651367 3.895684242248535
0.5265645384788513 0.1329321563243866 2.541123151779175
0.03764694556593895 0.45296892523765564 1.9133464097976685
0.5267539024353027 0.24414949119091034 2.3290061950683594
-0.07797867059707642 0.3425803482532501 4.018388271331787
0.19304318726062775 0.12501630187034607 3.457777976989746
0.29988861083984375 0.16609585285186768 3.471092700958252
1.0840842723846436 0.5759482383728027 3.19140362739563
0.5337294936180115 0.3939339220523834 3.4878246784210205
-0.2934737801551819 0.38237470388412476 2.1321234703063965
0.24082890152931213 0.4323609173297882 1.9491828680038452
-0.08184517174959183 -0.04386843368411064 3.170308828353882
0.35193297266960144 0.43854469060897827 3.62931489944458
-0.010208014398813248 0.37136921286582947 3.9154982566833496
0.29173946380615234 0.14950953423976898 2.542830228805542
-0.41502904891967773 0.20056374371051788 2.6105268001556396
0.28803887963294983 0.16516722738742828 2.553950309753418
0.40478795766830444 0.18333591520786285 3.4589998722076416
-0.3219577670097351 0.29949772357940674 2.3697690963745117
0.8709263801574707 0.04331441596150398 2.5966620445251465
1.2849087715148926 0.7058905363082886 2.903484344482422
1.0150169134140015 0.5832491517066956 3.1827518939971924
0.9234390258789062 0.07292956113815308 2.4344589710235596
1.1452994346618652 0.5556433796882629 3.103558301925659
0.895956814289093 0.24046717584133148 2.087515354156494
-0.11009825766086578 0.13120539486408234 2.732515573501587
-0.9368168115615845 0.7480501532554626 2.8421380519866943
0.6299052238464355 0.38134774565696716 3.4355239868164062
0.828605592250824 0.3975416123867035 3.267012357711792
0.33517512679100037 0.4034654200077057 1.9914792776107788
0.31060168147087097 0.12223483622074127 3.456275463104248
0.4635273814201355 0.3799622356891632 3.515810012817383
0.11912558227777481 0.13739486038684845 2.669262647628784
0.33685654401779175 0.21042273938655853 2.4412031173706055
0.4424751102924347 0.4531439542770386 1.81977379322052
0.6868148446083069 0.15053215622901917 2.492262840270996
0.37340229749679565 0.364875853061676 3.5427329540252686
-0.08109322190284729 4.137007713317871 -2.805023431777954
-0.21553905308246613 0.2636096477508545 2.4247257709503174
-0.1401195377111435 -0.005889487452805042 3.0940351486206055
-0.19779843091964722 -0.013670122250914574 3.1261606216430664
0.17443883419036865 0.35626456141471863 3.8960158824920654
0.754870593547821 0.2649186849594116 2.217684030532837
0.3282717168331146 0.04749144986271858 2.8366878032684326
0.8167397975921631 0.21612448990345 2.291677474975586
0.35173046588897705 0.28122466802597046 3.506805419921875
0.6665304899215698 0.40358880162239075 3.4222490787506104
0.19763563573360443 0.39496374130249023 3.5549826622009277
0.26282885670661926 -0.006949509494006634 2.9683680534362793
0.13224609196186066 0.18684059381484985 2.491988182067871
-0.04175977781414986 -0.06910732388496399 3.1737091541290283
0.6864497661590576 0.4666273295879364 3.4487879276275635
-0.11851537972688675 -0.003966810181736946 3.0724399089813232
-0.05808774381875992 0.36360490322113037 3.9486536979675293
0.8387954831123352 0.2147161215543747 2.2691760063171387
0.8451088070869446 0.2443225085735321 3.1620829105377197
1.4297881126403809 4.534356117248535 -3.374504804611206
-0.41714540123939514 0.05585174635052681 3.0097038745880127
0.5829442143440247 0.42162758111953735 3.6505329608917236
0.7807610630989075 0.12686127424240112 2.4936416149139404
0.7934551239013672 0.2658962905406952 2.15438175201416
0.4094153940677643 0.47077515721321106 1.8443483114242554
-0.0793461799621582 -0.06438083201646805 3.1670663356781006
0.378421425819397 0.25549739599227905 2.315856456756592
-0.21567168831825256 0.24305814504623413 2.488525390625
0.5848326086997986 0.30052921175956726 3.422283887863159
0.6754414439201355 0.44532832503318787 3.5813703536987305
0.10950145125389099 0.07596202939748764 3.4368605613708496
0.3721042275428772 0.2958625257015228 3.50553297996521
0.006700658705085516 -0.07861747592687607 3.2036306858062744
1.60663902759552 4.611242294311523 -3.367751121520996
1.2720731496810913 0.6458088159561157 2.997642755508423
-0.3467312455177307 0.23525212705135345 2.5270276069641113
0.26596298813819885 0.11621227115392685 2.649714708328247
0.47220543026924133 0.22767488658428192 2.3529839515686035
0.6523511409759521 4.39026403427124 -3.1371910572052
0.7180260419845581 -0.031167788431048393 2.862123727798462
0.33079880475997925 0.4655473828315735 3.5879461765289307
0.2595307230949402 0.4609116017818451 1.9096698760986328
-0.0779338851571083 0.019253844395279884 3.006056785583496
0.8233768939971924 -0.002922398503869772 2.739675283432007
0.4275614619255066 0.3497818112373352 2.0912904739379883
-0.006787155754864216 0.46377870440483093 1.9269791841506958
0.23002345860004425 0.1980305314064026 2.4984753131866455
-0.2469613403081894 0.347242534160614 2.2399208545684814
-0.30202504992485046 0.2600099742412567 2.4534103870391846
-0.17242807149887085 0.4275319576263428 2.0085794925689697
0.8618839383125305 0.14712479710578918 2.3767213821411133
0.164761021733284 0.34001314640045166 2.210559606552124
0.7934480905532837 0.46247509121894836 3.500838279724121
-1.009731411933899 0.8276897072792053 2.8460042476654053
1.1556141376495361 4.574896812438965 -3.505544662475586
-0.25371217727661133 0.1447533220052719 2.739006519317627
-0.15549473464488983 0.07858563214540482 2.858638048171997
-0.1298431009054184 0.35563763976097107 3.9692142009735107
0.6197853088378906 0.3239901065826416 3.4212145805358887
-0.3913244903087616 0.09497778117656708 2.887878894805908
0.5304341912269592 -0.03180145099759102 2.912721872329712
0.08654821664094925 0.16728532314300537 2.5537726879119873
0.23569539189338684 0.36783066391944885 3.8389694690704346
-0.26798689365386963 0.11146755516529083 2.811047315597534
-0.3796563446521759 0.34578144550323486 2.240710973739624
-0.10037977248430252 0.16782526671886444 2.599438428878784
0.9530431628227234 0.4415174424648285 3.0679354667663574
0.31969353556632996 0.18989714980125427 2.466218948364258
0.22288265824317932 0.3407222628593445 3.548301935195923
0.5763314962387085 0.007562263403087854 2.797531843185425
-0.4401356875896454 0.11025595664978027 2.8366618156433105
0.2768378257751465 0.08440090715885162 2.724353551864624
0.6747567653656006 0.01248619519174099 3.2675602436065674
0.0019176556961610913 0.11751121282577515 2.7587454319000244
0.8029765486717224 0.11473405361175537 2.4951272010803223
0.3532247245311737 0.20971786975860596 2.4254350662231445
0.6404030919075012 0.04822779819369316 2.7240545749664307
0.6522589921951294 -0.036865875124931335 2.9261350631713867
0.0041463724337518215 -0.06065968796610832 3.1397857666015625
0.7917748689651489 0.19319069385528564 3.249213933944702
0.5191890001296997 -0.09259495139122009 3.0862717628479004
0.5458930134773254 0.024549022316932678 2.818340539932251
-0.3938644528388977 0.22156307101249695 2.618487596511841
0.7216437458992004 0.026207517832517624 3.228039264678955
0.17404139041900635 0.3451581299304962 2.140129327774048
0.38266175985336304 0.36077094078063965 2.010537624359131
0.6153594255447388 -0.016500305384397507 2.892148494720459
0.6017401814460754 0.27375397086143494 2.1468441486358643
0.6222942471504211 0.054648466408252716 3.335231065750122
0.6761162281036377 0.06813704967498779 3.296380043029785
0.8526015877723694 0.20618663728237152 3.1631908416748047
0.7199759483337402 0.09224272519350052 3.269348621368408
0.35238125920295715 -0.08193684369325638 3.1177310943603516
0.44481441378593445 -0.04658197611570358 3.005682945251465
0.6845769882202148 0.0771520733833313 2.6413450241088867
0.5707318186759949 0.008247737772762775 2.8411130905151367
0.42167410254478455 -0.0339176282286644 2.994121551513672
0.36654263734817505 0.1891813576221466 2.4744348526000977
0.3490772247314453 0.28732991218566895 2.211031675338745
0.5501816272735596 0.20745693147182465 2.341212034225464
0.6818571090698242 0.04584317281842232 2.7160050868988037
0.0512467697262764 0.07867984473705292 2.835388422012329
-0.1302054524421692 -0.08420813083648682 3.198375940322876
0.24232245981693268 0.1544301062822342 2.5979838371276855
-0.014454570598900318 0.1452058106660843 2.6923747062683105
0.05385246500372887 0.03342254459857941 2.908268451690674
0.6518614888191223 -0.03467815741896629 3.262376070022583
0.49721449613571167 0.3509681224822998 1.9943934679031372
0.00908469408750534 0.059599559754133224 2.886716365814209
-0.205403670668602 0.42146798968315125 2.0927393436431885
0.32029980421066284 0.22575615346431732 2.3925411701202393
0.7436935305595398 0.1562642902135849 2.40675950050354
0.640480101108551 -0.0744815245270729 3.014317512512207
-0.4027309715747833 0.18351905047893524 2.719838857650757
0.5653452277183533 0.03270367532968521 2.7976529598236084
-0.4662705957889557 0.17585845291614532 2.7343223094940186
0.6356436610221863 0.02192569337785244 2.791118860244751
0.6042343378067017 0.24047724902629852 2.227112054824829
0.775449275970459 0.17023827135562897 2.348926067352295
-0.11135265976190567 0.045241281390190125 2.9444518089294434
0.33513808250427246 -0.045896828174591064 3.0353844165802
0.46394509077072144 0.005286316387355328 2.8922622203826904
-0.20934735238552094 -0.004805279430001974 3.067760467529297
0.5123493671417236 0.17197933793067932 2.4581069946289062
0.5310819149017334 0.06295247375965118 2.729940176010132
0.6836097836494446 -0.05276975780725479 3.2202534675598145
-0.1303367018699646 -0.038024064153432846 3.1182076930999756
0.6558359265327454 0.003140451619401574 2.831087589263916
0.6314414739608765 0.23744498193264008 3.4192941188812256
0.338869571685791 0.38810300827026367 1.9547423124313354
0.2998294532299042 0.22174635529518127 2.4123849868774414
0.7925664782524109 0.15573902428150177 3.222902297973633
0.6337695121765137 0.2731424868106842 2.1391971111297607
0.8205205798149109 0.20825763046741486 3.210742473602295
0.20311470329761505 0.19798816740512848 2.509631633758545
0.4286370277404785 -0.01927359402179718 2.965236186981201
0.10803941637277603 0.1327706128358841 2.6889748573303223
0.455349862575531 0.02368992380797863 2.8523905277252197
0.7593698501586914 0.191376730799675 2.305529832839966
0.500688374042511 0.22175978124141693 2.334648847579956
0.7302916646003723 0.052098918706178665 3.239812135696411
0.18590284883975983 0.07937159389257431 2.7890772819519043
0.6604918241500854 0.04685154929757118 2.7162961959838867
0.19531989097595215 -0.017324095591902733 3.0060911178588867
0.34655240178108215 0.16359063982963562 2.547569513320923
0.5408580303192139 -0.058448921889066696 3.0066771507263184
0.45217323303222656 -0.07467422634363174 3.0710885524749756
0.8571932911872864 0.2677310109138489 3.188323736190796
0.44204142689704895 0.23271870613098145 2.3292124271392822
0.537562370300293 -0.07293838262557983 3.039027214050293
0.41972512006759644 -0.11642400175333023 3.1746459007263184
0.021686481311917305 0.07551136612892151 2.841262102127075
0.2712212800979614 0.01800222136080265 2.916531801223755
0.5520435571670532 -0.03907687962055206 2.9848644733428955
0.4165697395801544 0.01840703748166561 2.862708330154419
0.367275208234787 -0.11023418605327606 3.1657555103302
0.8926311731338501 0.3111353814601898 3.1644020080566406
0.5105639100074768 0.06402838230133057 2.733677387237549
0.4130120873451233 -0.004248504526913166 2.9281153678894043
0.7280932068824768 -0.009956222958862782 3.195894718170166
0.7549955248832703 0.0073188054375350475 2.789046049118042
0.660679042339325 -0.0644717589020729 2.9872066974639893
0.6851462125778198 -0.04525003954768181 2.9425714015960693
0.6932797431945801 0.015355413779616356 2.797518491744995
0.9381309747695923 0.35118263959884644 3.100773334503174
0.40024256706237793 -0.032761041074991226 2.9850735664367676
0.8968101143836975 0.2574014365673065 3.117955207824707
0.7593056559562683 0.11786467581987381 3.2470600605010986
0.5678963661193848 0.008045120164752007 3.3497073650360107
0.773277223110199 -0.021353403106331825 2.850369930267334
0.6994237899780273 -0.0959758386015892 3.1835813522338867
0.005813616327941418 0.31015121936798096 2.2901151180267334
0.44278186559677124 0.0004709581844508648 2.9074740409851074
0.8472119569778442 0.2917506992816925 3.2272000312805176
0.41340720653533936 -0.10217675566673279 3.1482760906219482
0.37539514899253845 -0.0655471533536911 3.073361873626709
0.2623545229434967 0.3096178472042084 2.1978561878204346
0.3349457383155823 -0.08105162531137466 3.1079890727996826
-0.3981457054615021 0.35162729024887085 2.3265438079833984
-0.011151154525578022 0.05431589111685753 2.908456563949585
0.19010388851165771 0.18319086730480194 2.550589084625244
0.3921220004558563 -0.09531246870756149 3.131659507751465
0.5721579194068909 0.07823855429887772 2.6676857471466064
0.7909861207008362 0.18997275829315186 3.2318811416625977
0.5289070010185242 -0.026925990357995033 3.3608696460723877
0.03799847885966301 -0.07041323184967041 3.147724151611328
0.6555699110031128 0.00680731562897563 3.282017707824707
0.6606407165527344 0.02897140569984913 3.2900378704071045
0.14557665586471558 0.11858146637678146 2.7210886478424072
0.3070169985294342 0.2961374819278717 2.2078309059143066
-0.28456029295921326 0.2301570326089859 2.577120780944824
-0.48351404070854187 0.2048160880804062 2.6658875942230225
0.4046734571456909 -0.12915068864822388 3.1938107013702393
0.6920720338821411 0.08327627927064896 3.2903597354888916
0.6397469639778137 -0.012810864485800266 2.874194622039795
0.13945913314819336 0.39358898997306824 2.0362274646759033
0.5746577382087708 -0.0954398363828659 3.081535577774048
0.6710134744644165 0.011089736595749855 2.805514335632324
0.3150657117366791 -0.10609091818332672 3.1631429195404053
-0.10497048497200012 0.10957895964384079 2.799410581588745
0.6870359778404236 0.09987491369247437 2.572556972503662
0.22940634191036224 0.18163985013961792 2.546370267868042
0.06704356521368027 -0.12167897075414658 3.2373368740081787
0.4946064054965973 0.2609042823314667 2.2397658824920654
0.8235698938369751 0.15129634737968445 3.1721348762512207
-0.0598909892141819 0.1330086588859558 2.7446908950805664
-0.47626760601997375 0.12531857192516327 2.838836669921875
0.2575351595878601 0.09454062581062317 2.7346978187561035
0.2421339452266693 0.4215734601020813 1.9037057161331177
0.33427178859710693 0.41103848814964294 1.8807156085968018
0.609569251537323 0.10550841689109802 2.590946912765503
0.6350215673446655 -0.08108494430780411 3.0571181774139404
0.1622922569513321 -0.12319783866405487 3.2362802028656006
0.5985225439071655 -0.09143920987844467 3.0608561038970947
0.5810454487800598 -0.07230282574892044 3.029818296432495
-0.4854440987110138 0.31554335355758667 2.418269157409668
0.39633646607398987 -0.013693486340343952 2.945180654525757
0.4359194338321686 -0.11078151315450668 3.147197723388672
0.7056887745857239 0.18261943757534027 2.3391404151916504
-0.49566414952278137 0.27409863471984863 2.515928268432617
0.4892478287220001 -0.08106297254562378 3.0723989009857178
-0.09798716753721237 0.06212947145104408 2.8927431106567383
0.6056095361709595 -0.12624014914035797 3.286135673522949
0.19778233766555786 -0.12043620645999908 3.2140374183654785
0.8382501006126404 0.3061678111553192 3.255650281906128
0.4819411039352417 0.17652633786201477 2.4763171672821045
0.6337755918502808 0.10276756435632706 2.6148030757904053
0.488474041223526 0.03849917650222778 2.7991087436676025
0.6891508102416992 -0.0023074555210769176 2.82964825630188
0.2827897071838379 0.14461442828178406 2.619854688644409
0.08835891634225845 0.34805306792259216 2.142073631286621
0.894371747970581 0.392070472240448 3.2321603298187256
0.3860740065574646 -0.0758133977651596 3.089686155319214
0.131063774228096 0.23276953399181366 2.443812131881714
0.7430559396743774 0.06497568637132645 2.6336662769317627
-0.32409390807151794 0.32958704233169556 2.287855386734009
0.15021555125713348 0.1800549477338791 2.573775053024292
0.021520042791962624 0.11714661121368408 2.743215799331665
0.09639143198728561 0.2674294412136078 2.386301279067993
0.15579700469970703 0.4035918116569519 1.9900318384170532
0.6063851714134216 0.033247772604227066 2.771519899368286
0.22607901692390442 -0.12989339232444763 3.2319703102111816
0.5926316976547241 0.009355561807751656 3.3302736282348633
0.25107914209365845 0.4330092668533325 1.8672693967819214
-0.35207897424697876 0.27621549367904663 2.4649658203125
0.17492832243442535 0.15471181273460388 2.6211507320404053
0.7315760254859924 -0.0817367434501648 3.15311336517334
0.2521500289440155 0.2090035080909729 2.472071886062622
0.02602108009159565 -0.08235644549131393 3.187932014465332
0.3680424690246582 -0.10954204201698303 3.151685953140259
0.3541661202907562 -0.12446720153093338 3.192460060119629
-0.43861258029937744 0.21690750122070312 2.648329973220825
0.44043275713920593 0.11061376333236694 2.6421010494232178
0.6754233837127686 0.011955720372498035 2.788478374481201
0.5634196400642395 0.16008256375789642 2.47973370552063
0.41770246624946594 -0.07781502604484558 3.089600086212158
0.12037794291973114 0.09809322655200958 2.7609291076660156
0.7244461178779602 0.07644234597682953 2.620391368865967
-0.4395923614501953 0.2928938865661621 2.46551513671875
0.19480185210704803 0.2266240417957306 2.4306418895721436
0.6505718231201172 0.031253501772880554 2.7750892639160156
-0.40150660276412964 0.11006949096918106 2.8650407791137695
0.7731919288635254 0.07312784343957901 2.6171040534973145
0.7579519152641296 0.06224863603711128 3.213583469390869
0.5654484033584595 -0.07527163624763489 3.040945053100586
0.8482173085212708 0.2141897976398468 3.181823253631592
0.2609485685825348 -0.12626583874225616 3.228370189666748
-0.42698371410369873 0.2046043425798416 2.677631139755249
-0.4906611740589142 0.24637353420257568 2.560842275619507
0.3393670618534088 0.1833672672510147 2.5020108222961426
0.5986149907112122 0.13885757327079773 2.53086519241333
0.4779837131500244 -0.04786616563796997 3.002258539199829
0.7746843695640564 0.06562229990959167 2.636918783187866
0.42055708169937134 0.36658549308776855 1.9828561544418335
0.0574636235833168 -0.05003685504198074 3.104520082473755
0.7780866622924805 0.10052957385778427 2.5296151638031006
-0.022203603759407997 0.20904801785945892 2.541980743408203
0.8178671002388 0.1646595448255539 3.1949331760406494
0.046227551996707916 0.30581775307655334 2.2958760261535645
0.4456791877746582 0.20903514325618744 2.3881661891937256
-0.048192352056503296 0.09365074336528778 2.822308301925659
0.11527060717344284 -0.14829088747501373 3.267756462097168
-0.1558959037065506 0.03330833837389946 2.9683997631073
0.332174688577652 -0.008453283458948135 2.953050374984741
0.7256340980529785 -0.006990834604948759 2.8478593826293945
0.2103877067565918 0.16267572343349457 2.58052396774292
0.34340065717697144 -0.11477068066596985 3.1696696281433105
0.5977392792701721 -0.03458431363105774 2.934343099594116
-0.5006275773048401 0.16026298701763153 2.773867607116699
-0.0312899611890316 -0.0613023117184639 3.1622776985168457
0.3633708655834198 0.1308475285768509 2.616157054901123
0.6805944442749023 -0.028123561292886734 3.2345001697540283
0.5376655459403992 -0.09530877321958542 3.088315725326538
0.5712847113609314 0.1001766249537468 2.6285502910614014
0.8765803575515747 0.23759931325912476 3.1328539848327637
0.7693267464637756 0.06918833404779434 3.1920652389526367
0.23355695605278015 -0.02570641227066517 3.0120930671691895
0.2941378355026245 0.29541757702827454 2.23500657081604
0.5197961330413818 0.21930420398712158 2.353982925415039
0.7384326457977295 0.21078826487064362 2.258659839630127
0.1615077406167984 -0.10372277349233627 3.198732614517212
0.4850211441516876 0.30769243836402893 2.096156120300293
0.6196560859680176 0.005433216691017151 2.8424417972564697
0.34605008363723755 -0.028572332113981247 2.995332717895508
0.591472327709198 -0.045154374092817307 3.302751064300537
-0.06156576797366142 0.3255954384803772 2.2787444591522217
0.7676277756690979 0.056803323328495026 2.6602530479431152
-0.030036361888051033 0.3898487389087677 2.094057083129883
0.2506399154663086 -0.12727120518684387 3.2116386890411377
0.722194254398346 0.16104190051555634 2.387118101119995
-0.352389395236969 0.265463650226593 2.5029678344726562
0.1012222021818161 -0.008867948316037655 3.0046215057373047
0.03544798493385315 0.08309312164783478 2.847895383834839
0.37378787994384766 -0.12247330695390701 3.1889920234680176
0.05845239758491516 -0.0247365590184927 3.051987648010254
1.004073977470398 0.3460178077220917 2.9017467498779297
0.6458489894866943 0.03287949040532112 2.752687454223633
-0.1815093606710434 0.05464844033122063 2.9339382648468018
0.1783418357372284 -0.06955892592668533 3.12127685546875
0.4093548655509949 0.11498354375362396 2.648514747619629
0.21658584475517273 0.3399294912815094 2.146994113922119
0.30096185207366943 -0.01354263350367546 2.97462797164917
0.6186435222625732 0.22974254190921783 2.2549853324890137
0.7627899646759033 0.06795889884233475 3.2016711235046387
0.25069451332092285 -0.09621015191078186 3.1613028049468994
0.40815430879592896 0.17799361050128937 2.4853687286376953
0.3961433172225952 -0.08818693459033966 3.104569911956787
0.39353013038635254 0.2419469952583313 2.3175928592681885
0.13307727873325348 0.26626792550086975 2.3792645931243896
0.6660934090614319 -0.030676662921905518 2.9071788787841797
0.06337966024875641 -0.06804285943508148 3.1288821697235107
0.4499615430831909 0.3697846829891205 1.9232051372528076
0.08029553294181824 0.4024536907672882 2.0277092456817627
0.2859843373298645 -0.049277160316705704 3.0650551319122314
0.7895756363868713 0.06738127022981644 3.177325963973999
0.6178810000419617 -0.056054580956697464 2.9832446575164795
0.27901923656463623 0.11162508279085159 2.7057113647460938
-0.25783011317253113 0.27172064781188965 2.471590280532837
0.684921145439148 0.25159934163093567 2.1702370643615723
0.6742375493049622 0.1890070140361786 2.3534274101257324
-0.35742461681365967 0.2289866954088211 2.5572967529296875
0.41631612181663513 0.30325812101364136 2.1628928184509277
0.3511867821216583 0.09419265389442444 2.70896577835083
0.7232708930969238 0.2220151126384735 2.23042368888855
0.2337440699338913 0.11964462697505951 2.682861089706421
0.10579874366521835 -0.0029851719737052917 2.9951131343841553
0.1511119306087494 0.13041168451309204 2.7041873931884766
-0.2592945992946625 0.0794047862291336 2.89211368560791
0.5053184032440186 -0.05659237876534462 3.0277960300445557
0.6746347546577454 0.12975919246673584 2.5046348571777344
0.25739148259162903 0.34060168266296387 2.1132447719573975
-0.28784874081611633 0.5740883350372314 1.77325439453125
0.6848589777946472 0.06351024657487869 2.672060251235962
0.669863224029541 0.11715732514858246 2.5267484188079834
0.3074025809764862 -0.06905800104141235 3.0919206142425537
0.6591765284538269 0.2604435980319977 2.173164129257202
0.49871113896369934 0.20098638534545898 2.3875999450683594
-0.4850364923477173 0.30157557129859924 2.4389359951019287
0.6294508576393127 -0.001657636254094541 3.292401075363159
0.17994873225688934 -0.0035247942432761192 2.9775469303131104
0.4404778480529785 0.17555607855319977 2.5141310691833496
0.47234660387039185 0.17566168308258057 2.4857194423675537
0.6334642171859741 -0.09215020388364792 3.0494651794433594
0.5601609349250793 -0.04692212864756584 3.320873260498047
0.188604474067688 0.2801438570022583 2.3160762786865234
0.23976445198059082 -0.0624675489962101 3.0986835956573486
0.9943820834159851 0.2713252007961273 2.8464887142181396
0.6483266949653625 -0.05962321162223816 2.99776291847229
0.3525086045265198 0.13233529031276703 2.626157760620117
0.7226224541664124 0.11005405336618423 2.5301570892333984
0.7059561014175415 0.11050745099782944 2.5530755519866943
0.7399988770484924 0.01374658104032278 2.776909828186035
0.35186609625816345 -0.021479738876223564 2.9770658016204834
-0.2468058466911316 0.33751046657562256 2.295661449432373
0.5412593483924866 0.2224275916814804 2.3062329292297363
0.7836928963661194 0.05356477573513985 3.118760585784912
0.6209796667098999 0.27325543761253357 2.1766953468322754
0.4623662829399109 -0.050130248069763184 3.024327039718628
-0.42487832903862 0.041448332369327545 2.9738125801086426
0.29533064365386963 -0.13402779400348663 3.2324435710906982
0.5852035880088806 0.020251478999853134 2.816188097000122
-0.1037215068936348 -0.08052944391965866 3.184014081954956
0.2380238026380539 0.041492778807878494 2.8539607524871826
0.26306357979774475 0.1866215020418167 2.5054571628570557
-0.29398924112319946 0.2970055341720581 2.4122157096862793
-0.022236386314034462 0.40226998925209045 2.10312819480896
0.8684188723564148 0.21984970569610596 3.1446032524108887
0.0026582239661365747 -0.027774963527917862 3.068474531173706
0.7032010555267334 -0.03455695882439613 3.21230411529541
-0.4062441885471344 0.15007692575454712 2.788963794708252
0.6582844257354736 -0.046112414449453354 2.9559366703033447
-0.3792632222175598 0.20356006920337677 2.6599926948547363
0.9091507196426392 0.2069328874349594 3.0530266761779785
0.715689480304718 0.11892867088317871 2.5065433979034424
0.5924720168113708 -0.022266266867518425 2.9120447635650635
0.3995411694049835 0.22705602645874023 2.366042137145996
-0.0024269944988191128 0.4310985505580902 1.997707724571228
0.46980616450309753 -0.12608899176120758 3.1631412506103516
1.013119101524353 0.5197016000747681 3.0542492866516113
0.06010976806282997 -0.08993227779865265 3.190917730331421
0.3984813392162323 0.4063088893890381 1.8042289018630981
0.16266976296901703 -0.06737841665744781 3.117654800415039
-0.38222166895866394 0.37975144386291504 2.239121675491333
0.6257920265197754 -0.03870783746242523 3.279057264328003
-0.07232138514518738 -0.012281549163162708 3.063662528991699
0.3793332874774933 0.18045386672019958 2.50807785987854
0.3686029016971588 0.146820068359375 2.5976037979125977
0.4141295254230499 0.2040943056344986 2.4213833808898926
0.7537978887557983 -0.0024404770229011774 3.171147584915161
0.7859379053115845 -0.01278877817094326 2.8237016201019287
0.44644972681999207 0.06455977261066437 2.7858800888061523
0.9967495203018188 0.5704818367958069 2.34702205657959
1.036708950996399 0.39907106757164 2.7743382453918457
0.45016422867774963 0.24410635232925415 2.2921650409698486
0.07249313592910767 0.05191158875823021 2.8988289833068848
1.089953064918518 0.6169179081916809 2.9904286861419678
-0.42436566948890686 0.3333846628665924 2.39811110496521
1.0531225204467773 0.44188201427459717 2.789029359817505
0.9767160415649414 0.39303305745124817 2.3514082431793213
0.5313716530799866 0.24823418259620667 2.2637059688568115
0.35304075479507446 0.3770776391029358 1.9238533973693848
0.7680709958076477 0.21390964090824127 3.370908737182617
0.793889582157135 0.09542354941368103 2.577657699584961
1.0845236778259277 0.5728470683097839 2.815791130065918
1.0661529302597046 0.537029504776001 2.98116397857666
0.8999417424201965 0.4668569266796112 2.1616063117980957
1.1012135744094849 0.6543479561805725 2.66603946685791
1.027040719985962 0.4600469470024109 2.5172581672668457
0.985335111618042 0.4337126612663269 2.3600926399230957
0.9779314398765564 0.5051019787788391 2.312061071395874
-0.04452341049909592 0.3069518208503723 2.3242177963256836
0.9598656296730042 0.34858500957489014 2.320000171661377
1.0474852323532104 0.45875084400177 2.5884978771209717
1.041281819343567 0.5518706440925598 2.4847054481506348
1.042404055595398 0.5943629741668701 2.458315849304199
1.0559029579162598 0.6089789867401123 2.502268075942993
0.5534821152687073 0.214029461145401 2.362409830093384
-0.07987412065267563 0.3552263081073761 2.1905324459075928
1.035804033279419 0.40458670258522034 2.6087682247161865
0.048495035618543625 -0.14410844445228577 3.252577066421509
1.102702260017395 0.6371356844902039 2.846536874771118
0.949604868888855 0.47204574942588806 2.274832010269165
0.9897251129150391 0.48250773549079895 2.367332696914673
0.1541060209274292 0.3277050256729126 2.178645372390747
0.326837956905365 0.3472335934638977 2.0438101291656494
1.0115978717803955 0.3215397298336029 2.562793016433716
1.0772911310195923 0.5234319567680359 2.8009703159332275
1.055556058883667 0.48143765330314636 2.652456283569336
1.0108685493469238 0.42316973209381104 2.452585458755493
0.9222267866134644 0.47365033626556396 2.202354669570923
0.24988041818141937 0.14063476026058197 2.630356550216675
1.0331227779388428 0.39259257912635803 2.749103546142578
1.0652583837509155 0.4975740611553192 2.810150146484375
0.16204264760017395 -0.1579432487487793 3.220655679702759
1.1178879737854004 0.6936920881271362 2.7752444744110107
0.1847243458032608 0.328321248292923 2.1836864948272705
1.028812289237976 0.5156010985374451 2.4525089263916016
1.018960952758789 0.5284690260887146 2.4250171184539795
0.9245694875717163 0.327605277299881 3.2076985836029053
0.6001379489898682 0.3001858592033386 2.009260654449463
0.9043271541595459 0.3678473234176636 2.178257465362549
0.518835186958313 0.3193909525871277 2.0336854457855225
0.9970570802688599 0.737564742565155 2.3300812244415283
1.0932289361953735 0.5999518036842346 2.833706855773926
0.9372905492782593 0.34395936131477356 2.266042947769165
-0.29535356163978577 0.00990995392203331 3.068930149078369
0.20465850830078125 -0.0502052903175354 3.0817787647247314
0.9661664962768555 0.5091626048088074 2.2787256240844727
-0.10650335997343063 0.42466896772384644 1.9876389503479004
-0.18956686556339264 0.176178440451622 2.706979274749756
1.018735408782959 0.5787159204483032 2.3979547023773193
0.6076502799987793 0.20987629890441895 2.343614339828491
0.724821150302887 0.06202908605337143 2.680725574493408
0.071050263941288 0.4274963140487671 1.921788215637207
1.091683268547058 0.5886957049369812 2.7886900901794434
1.0204927921295166 0.46305134892463684 2.4548487663269043
1.0565292835235596 0.4557437002658844 2.67069935798645
1.0271495580673218 0.37642762064933777 2.8211324214935303
1.0076404809951782 0.5931752920150757 2.357752799987793
0.884296178817749 0.43890538811683655 3.379626989364624
0.003576891263946891 0.020137960091233253 3.0087990760803223
1.0688292980194092 0.5506160855293274 2.8451876640319824
1.0229002237319946 0.36471545696258545 2.6695375442504883
1.106550931930542 0.6480877995491028 2.7633347511291504
0.8778075575828552 0.4795103371143341 2.129728317260742
0.3569212257862091 0.04648295417428017 2.842283010482788
0.9284903407096863 0.43310537934303284 2.2279624938964844
1.0270861387252808 0.489531934261322 2.4772818088531494
1.0419316291809082 0.4305999279022217 2.6641957759857178
-0.27502113580703735 0.2544513940811157 2.551746368408203
0.4240153431892395 0.26377594470977783 2.2573108673095703
1.0102958679199219 0.4898073971271515 3.1537981033325195
0.04187086969614029 0.41190868616104126 1.9592130184173584
0.48704829812049866 0.03971225395798683 2.839841842651367
1.0490235090255737 0.5472046732902527 3.314804792404175
1.0792231559753418 0.5755621194839478 2.9305505752563477
-0.10550666600465775 0.3864882290363312 2.1168928146362305
1.0324589014053345 0.4563238322734833 2.4962315559387207
0.4702475666999817 -0.11417167633771896 3.1238553524017334
1.037983775138855 0.4924342930316925 2.504012107849121
-0.122943215072155 0.32729384303092957 2.2911901473999023
1.0434540510177612 0.47317904233932495 2.563316583633423
0.13038606941699982 0.1914391815662384 2.5856714248657227
0.3151252269744873 0.3736552894115448 1.9464396238327026
1.060178518295288 0.5195334553718567 2.58670711517334
0.9853105545043945 0.49242880940437317 3.210697889328003
1.0826325416564941 0.5892136096954346 2.627336263656616
1.0834038257598877 0.5835773348808289 2.760540008544922
-0.19421172142028809 -0.03947977349162102 3.144294261932373
0.13794082403182983 0.14546090364456177 2.6737101078033447
0.36139121651649475 0.34129655361175537 2.027479887008667
0.6939929127693176 0.11520419269800186 2.5761289596557617
0.2244758903980255 0.3807342052459717 1.9746818542480469
0.38433706760406494 0.33508896827697754 2.0514190196990967
0.6816533207893372 0.17428214848041534 2.413668632507324
-0.05953821912407875 -0.025219328701496124 3.0972256660461426
0.38515210151672363 0.07416196912527084 2.792267322540283
-0.44742920994758606 0.28104168176651 2.523041009902954
0.582874596118927 0.22870106995105743 2.2939977645874023
1.0255385637283325 0.37751859426498413 2.5442862510681152
-0.3474608361721039 0.38013485074043274 2.2565550804138184
-0.32852980494499207 0.41080689430236816 2.137523651123047
0.9010862708091736 0.5594200491905212 2.1608455181121826
1.06985604763031 0.5310717225074768 2.637282609939575
-0.3593713939189911 0.35163965821266174 2.3016510009765625
1.0801786184310913 0.6065521240234375 2.591850757598877
0.9265806674957275 0.3551657497882843 2.227104663848877
0.6864972710609436 -0.010880382731556892 2.892897129058838
1.038985252380371 0.4561823606491089 2.637479305267334
-0.21489575505256653 0.4226785898208618 2.04579758644104
-0.14653927087783813 0.4108172357082367 2.0431413650512695
0.20269833505153656 -0.0998532846570015 3.1487958431243896
-0.040993280708789825 0.4424978792667389 1.9484525918960571
1.048730731010437 0.42254701256752014 2.817107677459717
0.19898678362369537 -0.0095461905002594 2.987131357192993
0.5884126424789429 0.21802358329296112 2.3170127868652344
1.075179934501648 0.755983293056488 2.4831299781799316
0.9735180735588074 0.16019408404827118 2.6555044651031494
1.0630450248718262 0.5726975798606873 2.546416997909546
0.6573278307914734 0.1304447054862976 2.5423543453216553
1.1024036407470703 0.6509385108947754 2.7008297443389893
0.9675112962722778 0.42367827892303467 2.312790870666504
1.0275734663009644 0.4426060914993286 2.9783847332000732
1.0741533041000366 0.5255283117294312 2.738785743713379
-0.35573992133140564 0.398310124874115 2.1741297245025635
0.6614669561386108 0.2258724868297577 2.267552614212036
1.032127022743225 0.444720983505249 2.995476484298706
0.16119332611560822 0.4199768006801605 1.8788814544677734
0.9984158277511597 0.3630780577659607 2.4334208965301514
1.0358139276504517 0.4109247922897339 2.8632471561431885
0.2606732249259949 0.2090572863817215 2.460805892944336
0.9473510980606079 0.37099209427833557 2.2815628051757812
1.0777400732040405 0.6916086077690125 2.5352776050567627
-0.15811921656131744 -0.053106848150491714 3.1676480770111084
1.0074347257614136 0.2490755021572113 2.607504367828369
0.9787198901176453 0.3437280058860779 2.39565372467041
1.272395372390747 0.6352774500846863 3.068939208984375
1.0088597536087036 0.5300443768501282 2.39310622215271
0.913360595703125 0.5493445992469788 2.187364101409912
0.5069910287857056 0.21816487610340118 2.361374616622925
1.0777034759521484 0.5350290536880493 2.667536735534668
0.14707376062870026 0.006914376746863127 2.9704477787017822
1.1544911861419678 0.6332044005393982 3.112961530685425
0.8830140829086304 0.42841726541519165 2.1281533241271973
0.5465595126152039 0.07722803950309753 2.696756601333618
-0.23001189529895782 0.40198999643325806 2.0747528076171875
0.2575969398021698 -0.05544329807162285 3.062730073928833
1.0189074277877808 0.42849063873291016 2.4829962253570557
0.17636720836162567 -0.03510041907429695 3.0530107021331787
0.9402691125869751 0.22581778466701508 2.3102455139160156
0.367693156003952 0.27860891819000244 2.251131772994995
1.054856538772583 0.4827026128768921 2.6242194175720215
0.08561215549707413 -0.09993430227041245 3.1744728088378906
0.8449481129646301 0.15627558529376984 3.2206780910491943
0.18427419662475586 -0.1705523282289505 3.262769937515259
0.2765139937400818 0.38501429557800293 1.9769431352615356
0.7774644494056702 0.16939124464988708 2.386475086212158
0.9943331480026245 0.548839271068573 3.2664132118225098
0.12390000373125076 0.39598217606544495 1.9988592863082886
-0.3190693259239197 0.38066932559013367 2.228121757507324
0.7641841173171997 0.1597049981355667 2.421229362487793
0.665911853313446 0.16523362696170807 2.4436936378479004
0.3037652373313904 0.1886514276266098 2.5240609645843506
1.0483429431915283 0.47052013874053955 2.536956787109375
0.7846735119819641 0.1581626981496811 2.4230759143829346
0.018475336953997612 -0.051427096128463745 3.1072447299957275
0.9212775826454163 0.25498369336128235 2.2300844192504883
1.0351245403289795 0.40430858731269836 2.5833535194396973
1.0670406818389893 0.5238553881645203 2.6631927490234375
-0.5604814887046814 0.2276846021413803 2.6826748847961426
-0.5286999344825745 0.3384004533290863 2.3262410163879395
0.5986757874488831 0.1599874049425125 3.8162426948547363
1.0319199562072754 0.5402533411979675 3.0876781940460205
1.08743155002594 0.5815881490707397 2.6729705333709717
1.0349369049072266 0.7170718908309937 2.406531572341919
0.9416390061378479 0.4018864333629608 2.2519145011901855
0.9669569730758667 0.44644826650619507 2.3011863231658936
0.3507683575153351 0.3024345934391022 2.181497812271118
0.9964943528175354 0.4086076319217682 2.412543535232544
0.9652163982391357 0.5948147177696228 2.264763355255127
-0.016056649386882782 0.3664902150630951 2.150014877319336
0.9644547700881958 0.5398193001747131 3.3088948726654053
0.22329925000667572 -0.2084239423274994 3.27099871635437
0.9490433931350708 0.4080207943916321 2.272320508956909
1.0484130382537842 0.4625456929206848 2.8524158000946045
1.0400891304016113 0.3898017704486847 2.6896557807922363
1.0317375659942627 0.40785399079322815 2.537097215652466
0.15683655440807343 -0.19768548011779785 3.273914337158203
0.2316804975271225 0.36920759081840515 2.0217089653015137
0.39282673597335815 0.0580907016992569 2.801703453063965
0.4972086548805237 0.26529160141944885 2.218583822250366
1.0077487230300903 0.5184006690979004 3.1411373615264893
0.2509912848472595 -0.2664777338504791 3.299586534500122
1.0901416540145874 0.5805978178977966 2.85615873336792
0.40655791759490967 0.35415154695510864 1.9738866090774536
-0.4307454526424408 0.3857048749923706 2.162856340408325
0.12519165873527527 0.03290078416466713 2.9162933826446533
0.9302586913108826 0.42510107159614563 3.2957472801208496
0.14277303218841553 0.41471025347709656 1.9149636030197144
0.4854215681552887 0.3078829348087311 2.06424880027771
0.009471236728131771 0.021160418167710304 2.987579107284546
1.0735771656036377 0.5268624424934387 2.8767545223236084
1.0706485509872437 0.5369626879692078 2.959881067276001
-0.3265804350376129 0.3528544306755066 2.3107917308807373
1.0888746976852417 0.5677691698074341 3.0315744876861572
0.11803382635116577 0.2431820034980774 2.4074220657348633
1.0816264152526855 0.5470516085624695 2.694962501525879
0.12457680702209473 0.40860986709594727 1.9476988315582275
0.9368790984153748 0.4835793077945709 2.2441153526306152
-0.09115934371948242 -0.07523196190595627 3.203648805618286
1.0392343997955322 0.47432199120521545 2.710050582885742
1.0456079244613647 0.4444429874420166 2.6155240535736084
0.2827242612838745 -0.09592107683420181 3.115222930908203
0.3553556203842163 0.28205254673957825 2.2873334884643555
-0.2835986912250519 0.05927456170320511 2.9999094009399414
1.0793932676315308 0.6003573536872864 2.5692501068115234
0.265785813331604 -0.2049279808998108 3.2720818519592285
0.4559060037136078 0.2424669861793518 2.3088343143463135
0.32209664583206177 -0.26997384428977966 3.270076274871826
-0.5021213889122009 0.09028115123510361 2.928335189819336
0.17175038158893585 -0.0794360339641571 3.1005759239196777
0.17349712550640106 0.21173864603042603 2.4995174407958984
-0.9268795251846313 1.7239594459533691 0.8202695250511169
0.06596384197473526 0.4295746684074402 1.8924293518066406
1.021741271018982 0.46114853024482727 3.0371882915496826
-0.32335585355758667 0.42426276206970215 2.0840744972229004
0.11068347841501236 0.23126210272312164 2.4758074283599854
0.6261674761772156 0.034947000443935394 2.7587714195251465
1.067104697227478 0.533162534236908 2.5948827266693115
-0.20031429827213287 0.03947531059384346 3.0144591331481934
-0.1862373799085617 0.2374410778284073 2.5610365867614746
0.9466982483863831 0.4358602464199066 3.232374906539917
1.058590292930603 0.533320963382721 2.5568156242370605
0.6169180274009705 0.09817570447921753 2.6193549633026123
0.44508588314056396 0.29638341069221497 2.199915647506714
1.0458036661148071 0.5143634676933289 2.5345427989959717
0.7260539531707764 0.0892302393913269 2.613976001739502
0.9903444051742554 0.6123992800712585 2.3221349716186523
0.9435521364212036 0.3319854438304901 2.2840306758880615
1.035612940788269 0.4313773810863495 2.5655219554901123
-0.18503423035144806 0.09150237590074539 2.9477975368499756
1.0140876770019531 0.5285934805870056 3.1950292587280273
0.20290982723236084 0.07235423475503922 2.821638822555542
0.4440000057220459 0.31419241428375244 2.0632379055023193
0.7516764998435974 0.1697014421224594 2.35898756980896
0.1792721301317215 0.2049810141324997 2.5381572246551514
0.7328970432281494 0.18172217905521393 2.379977226257324
0.9989963173866272 0.2774656116962433 2.908935308456421
0.021124621853232384 0.2508610188961029 2.4793131351470947
0.9586881995201111 0.41050809621810913 2.298945665359497
0.668027937412262 0.04465440288186073 2.7372372150421143
1.08224356174469 0.5981507897377014 2.604801893234253
1.056005835533142 0.5572295188903809 2.540672540664673
0.6222628355026245 0.20638781785964966 2.325956106185913
0.9140322804450989 0.4090306758880615 2.23415470123291
1.0626566410064697 0.543079137802124 3.1035144329071045
0.5685344338417053 0.01464522909373045 2.8556039333343506
1.358764410018921 0.7331549525260925 2.766876459121704
0.772036075592041 0.11137064546346664 2.548248529434204
0.9858804941177368 0.5686448216438293 2.2913413047790527
0.3284512758255005 0.15775632858276367 2.575645685195923
1.1000986099243164 0.5741738080978394 3.0705151557922363
0.5410971641540527 0.3211134672164917 2.022803544998169
0.9511258602142334 0.23527021706104279 2.3170456886291504
0.5996921062469482 0.31598222255706787 1.975728154182434
0.07046599686145782 0.04577786102890968 2.932354688644409
0.5679908394813538 0.2916313707828522 2.08465576171875
0.20329953730106354 0.38346871733665466 2.0055878162384033
1.4155017137527466 0.8564233779907227 2.3407411575317383
0.646172285079956 0.14078429341316223 2.4941980838775635
0.7199363112449646 0.18463553488254547 3.7733728885650635
0.9683992266654968 0.3621658980846405 2.359238862991333
1.024985432624817 0.4067033529281616 2.626758575439453
0.9753948450088501 0.37028080224990845 3.1177732944488525
-0.02217259258031845 -0.1043742299079895 3.2117128372192383
-0.2998087704181671 0.42021143436431885 2.104700803756714
0.09622275829315186 -0.18440000712871552 3.2717506885528564
0.5321397185325623 0.20570911467075348 3.7770092487335205
0.8083351254463196 0.17501603066921234 2.3598642349243164
1.1191127300262451 0.6849750280380249 2.9736602306365967
-0.6607099175453186 0.2628389298915863 2.677405595779419
-0.3945530354976654 0.1112157553434372 2.8516905307769775
0.23812898993492126 -0.2879559397697449 3.34085750579834
1.0219101905822754 0.23549756407737732 2.7059993743896484
1.0212252140045166 0.7108308672904968 2.4756829738616943
1.0076180696487427 0.1527993530035019 2.7496001720428467
0.7952694892883301 0.8785408139228821 2.163475751876831
1.0245462656021118 0.24667727947235107 2.7615561485290527
-0.2548688054084778 0.4109446108341217 2.1572721004486084
0.6389252543449402 -0.13484759628772736 3.049962043762207
1.0595922470092773 0.40972423553466797 2.7453370094299316
1.0131415128707886 0.23891519010066986 2.6365091800689697
0.747698962688446 0.023769741877913475 2.6997392177581787
1.026613712310791 0.27676132321357727 2.6519076824188232
0.6829980611801147 0.7801977396011353 2.038982391357422
0.6290329694747925 0.038199301809072495 2.7139742374420166
0.998195469379425 0.11464948207139969 2.7757551670074463
1.0073096752166748 0.17969214916229248 2.656920909881592
-0.17010316252708435 0.40268704295158386 2.15911602973938
0.9560583829879761 0.8379184007644653 2.3611390590667725
0.7406505942344666 -0.08407227694988251 2.909637451171875
1.0205849409103394 0.21222777664661407 2.736246347427368
1.0024763345718384 0.1510191410779953 2.693603992462158
1.0229300260543823 0.2526741623878479 2.670534372329712
0.8432262539863586 0.8881398439407349 2.198063850402832
0.13044215738773346 -0.05034036189317703 3.0584027767181396
0.6567081809043884 -0.007246460299938917 2.7990975379943848
0.6172475218772888 0.1697603315114975 2.4158620834350586
0.25174984335899353 0.4283756911754608 1.8893890380859375
0.742748498916626 0.012107565067708492 2.733433485031128
0.8840543627738953 0.7993824481964111 2.2549655437469482
1.109261155128479 0.7035669088363647 2.715968370437622
0.9335677623748779 0.8527514338493347 2.3287594318389893
0.9500777125358582 0.6073938012123108 2.334228992462158
0.14144614338874817 0.4204859733581543 1.975994348526001
0.41784343123435974 0.18554933369159698 2.4625561237335205
0.9690498113632202 0.7535527944564819 2.3711068630218506
0.49896249175071716 -0.10380254685878754 3.051684617996216
0.7523663640022278 0.1178494244813919 2.48580265045166
0.7781682014465332 0.14131440222263336 2.493607759475708
0.8462218642234802 0.7555087804794312 2.199732542037964
0.726590633392334 -0.0024589921813458204 2.7784459590911865
0.9459961652755737 0.7010822296142578 2.3362255096435547
1.0147240161895752 0.2250872403383255 2.670907974243164
0.6705622673034668 -0.03175900876522064 2.8592710494995117
0.0630352720618248 0.3618795573711395 2.1570427417755127
0.10613840073347092 0.08724302053451538 2.7757158279418945
0.06803777068853378 0.10375883430242538 2.7529690265655518
0.7091130018234253 -0.09774056822061539 2.967447280883789
0.9977154731750488 0.07049527019262314 2.7162370681762695
-0.4406105577945709 0.324459433555603 2.4393210411071777
0.8347666263580322 0.9717085361480713 2.2068827152252197
0.8284009099006653 0.7573362588882446 2.169044256210327
1.0235058069229126 0.29970845580101013 2.6278586387634277
1.0100828409194946 0.7220637798309326 2.446352958679199
0.7631088495254517 0.8863369226455688 2.130985736846924
1.037692904472351 0.2999550998210907 2.719043016433716
0.3688586950302124 0.0046554505825042725 2.8631556034088135
0.7580141425132751 0.09153375029563904 2.553535223007202
0.7123653292655945 0.02415086142718792 2.6983511447906494
0.6018956899642944 0.035046517848968506 2.7405614852905273
0.5595952272415161 -0.1559041440486908 3.116135835647583
0.7475668787956238 0.06204918399453163 2.642669200897217
0.764080286026001 0.9800267219543457 2.1547234058380127
0.8477577567100525 0.8052965998649597 2.187556743621826
-0.01760135218501091 0.1393999308347702 2.7139525413513184
0.5927740931510925 -0.1452576220035553 3.081730365753174
0.8725836873054504 0.7976358532905579 2.2204699516296387
-0.08711109310388565 0.08531975746154785 2.857828140258789
0.22706477344036102 -0.09397068619728088 3.1064369678497314
0.6768797039985657 0.08745630830526352 2.5826570987701416
0.9087790250778198 0.9199942350387573 2.2907767295837402
1.010390043258667 0.20141254365444183 2.6912484169006348
1.0107486248016357 0.3530842661857605 2.5169479846954346
0.5333400368690491 -0.004700453951954842 2.8432953357696533
0.7141159176826477 -0.01504778116941452 2.8218417167663574
0.6064155697822571 0.11027032881975174 2.6071829795837402
0.2600226104259491 0.01697792485356331 2.8811373710632324
-0.05895332247018814 0.012255020439624786 2.9962687492370605
0.924214780330658 0.8508081436157227 2.3010785579681396
0.9379205703735352 0.9057459235191345 2.3124194145202637
0.5101944208145142 0.23926056921482086 2.307004928588867
0.5366322994232178 0.8045545816421509 1.9588263034820557
0.3792670965194702 -0.02948492392897606 2.9690678119659424
0.7853076457977295 0.13893373310565948 2.4445817470550537
0.21567289531230927 0.19690658152103424 2.5066511631011963
-0.4452873766422272 -0.11567766219377518 4.794221878051758
1.0012818574905396 0.5945051312446594 2.4368979930877686
-0.046036817133426666 0.42114973068237305 2.034360647201538
1.0127078294754028 0.42289477586746216 2.5043935775756836
0.06853039562702179 -0.1311049610376358 3.234285354614258
0.6924179196357727 -0.018504681065678596 2.8042328357696533
0.8846614360809326 0.8674794435501099 2.2366394996643066
0.2163926213979721 -0.15700967609882355 3.237208366394043
0.80778968334198 0.9093183875083923 2.1769967079162598
0.9331299662590027 0.6870737671852112 2.3012471199035645
-0.30999842286109924 0.3175930678844452 2.4169790744781494
0.19192145764827728 0.189161017537117 2.550239324569702
0.24108657240867615 0.402385413646698 1.9614691734313965
0.5412973761558533 0.1435386687517166 2.514204502105713
1.009621262550354 0.17734521627426147 2.702272653579712
0.26849061250686646 -0.14045067131519318 3.158001184463501
-0.20296797156333923 0.060771066695451736 2.9356372356414795
1.07737398147583 0.5741126537322998 2.6460766792297363
0.9063961505889893 0.6476407647132874 2.261929512023926
0.20596088469028473 -0.1343163549900055 3.1623265743255615
0.6888461709022522 -0.12680776417255402 3.0454185009002686
1.0855299234390259 0.6686124801635742 2.6226372718811035
-0.0608353354036808 0.348899245262146 2.2482969760894775
0.5783799886703491 0.09933004528284073 2.622014284133911
1.030211091041565 0.26063045859336853 2.74605131149292
-0.20523293316364288 -0.0005921831470914185 3.042221784591675
1.0836814641952515 0.7441555857658386 2.616316795349121
1.0125337839126587 0.6572562456130981 2.456683397293091
0.6487294435501099 -0.024664340540766716 2.8284733295440674
1.5604804754257202 0.4416411221027374 3.229797840118408
0.07942716032266617 0.40584704279899597 2.0097100734710693
1.0715008974075317 0.7124024033546448 2.584336042404175
0.930704653263092 0.7805958986282349 2.3155815601348877
1.0531119108200073 0.5827811360359192 2.5793745517730713
0.6129056811332703 0.08992128074169159 2.6449718475341797
0.492346853017807 -0.12277407944202423 3.0928237438201904
0.7728772163391113 0.012408431619405746 2.7234177589416504
0.4920943081378937 -0.0037917601875960827 2.839679002761841
1.0298963785171509 0.8083324432373047 2.480523109436035
0.3953942358493805 0.2501630187034607 2.296884059906006
-0.5299747586250305 0.3236231207847595 2.485623836517334
0.07988350093364716 0.27192234992980957 2.3807244300842285
0.9777216911315918 0.5939590930938721 2.3873658180236816
0.6588271856307983 0.8581913709640503 2.0498814582824707
1.2547279596328735 0.6667835116386414 2.93935227394104
1.010305643081665 0.5798841714859009 2.4540247917175293
1.0519787073135376 0.6239473819732666 2.5546417236328125
0.2690781056880951 0.12326490879058838 2.6385607719421387
0.806272029876709 0.8341677188873291 2.1691014766693115
0.7835480570793152 -0.04334646835923195 2.8197293281555176
0.8097715973854065 0.642315685749054 2.1400184631347656
0.015585019253194332 0.22404684126377106 2.5122530460357666
0.2860773205757141 0.5523380637168884 1.8977326154708862
1.0271073579788208 0.22219698131084442 2.8882763385772705
0.2244272232055664 0.2733283042907715 2.3158774375915527
1.5234586000442505 0.4300403892993927 3.25868558883667
0.2600814402103424 -0.1868157684803009 3.2489631175994873
0.4047357439994812 -0.03164530172944069 2.9153380393981934
0.8378584384918213 0.09029015898704529 2.5142014026641846
1.0818129777908325 0.5484548211097717 2.6720340251922607
1.591107726097107 0.40485456585884094 3.292884588241577
0.9212408661842346 0.6680641174316406 2.2855515480041504
1.0771079063415527 0.6869314908981323 2.6138739585876465
0.2739802300930023 0.16153709590435028 2.5875942707061768
1.0106295347213745 0.1708100587129593 2.800020456314087
0.7508245706558228 0.7391672730445862 2.0848469734191895
0.030649883672595024 -0.17510196566581726 3.2599008083343506
1.5083873271942139 0.45906922221183777 3.224001884460449
0.3310898542404175 -0.114545539021492 3.118277072906494
0.5841761231422424 -0.1744924932718277 3.1258156299591064
-2.3922715187072754 0.4185601770877838 4.576979160308838
1.030065655708313 0.7561883330345154 2.484966993331909
0.920337975025177 0.7352432608604431 2.2869393825531006
0.9975253939628601 0.8015591502189636 2.424104690551758
-0.41192153096199036 0.35717615485191345 2.3547167778015137
0.9236844182014465 0.6984235644340515 2.2888195514678955
1.6337815523147583 0.32485431432724 3.3912951946258545
0.8912301063537598 0.8377981185913086 2.264493465423584
0.885165274143219 0.881419837474823 2.2663888931274414
0.882712185382843 0.5633620023727417 2.2267656326293945
1.4980937242507935 0.490316241979599 3.159762382507324
1.0162599086761475 0.8274679183959961 2.453956365585327
0.48918113112449646 -0.07043753564357758 2.985766649246216
-0.3612043857574463 0.073483906686306 2.96315598487854
0.5794439911842346 -0.1125454232096672 3.0257482528686523
0.778556764125824 0.12113404273986816 2.5223276615142822
0.07826727628707886 0.196629136800766 2.60672664642334
0.2835754156112671 0.06162070482969284 2.7848336696624756
0.5162150263786316 -0.11202938854694366 3.067647695541382
-0.4690401256084442 0.22281205654144287 2.6694889068603516
0.8411790132522583 0.7223979830741882 2.185720682144165
1.0265060663223267 0.23269514739513397 2.8254709243774414
1.0973330736160278 0.5851147174835205 2.7455379962921143
0.996488630771637 0.4088386595249176 2.4801321029663086
0.6079000234603882 -0.15376779437065125 3.125735282897949
0.8619700074195862 0.5344995856285095 2.1941311359405518
1.0390596389770508 0.3204234838485718 2.677651882171631
0.922542929649353 0.8419521450996399 2.2810604572296143
0.7737868428230286 -0.0040060305036604404 2.76340389251709
0.8053327798843384 0.8037611842155457 2.1397697925567627
0.2870597243309021 -0.08624991774559021 3.076625347137451
-0.4737243354320526 0.26102665066719055 2.614583969116211
1.0388243198394775 0.4419761002063751 2.59613299369812
0.3124786913394928 0.24326002597808838 2.394782066345215
0.8957856893539429 1.0269194841384888 2.2770636081695557
0.8719584345817566 0.8687777519226074 2.21742844581604
1.036729097366333 0.2751290202140808 2.842207431793213
0.060338471084833145 -0.07897792756557465 3.1277358531951904
1.6318238973617554 0.38303235173225403 3.2964096069335938
0.7535160779953003 0.866544783115387 2.109048366546631
0.8550915122032166 0.6773902177810669 2.189495801925659
-3.2473316192626953 1.6147197484970093 2.770862340927124
1.045986533164978 0.30848655104637146 2.8550174236297607
-2.6596124172210693 1.2997486591339111 3.2060306072235107
0.8850597143173218 0.807579517364502 2.2239370346069336
1.039636254310608 0.6623350381851196 2.5236380100250244
-2.975271224975586 1.5576972961425781 2.781972885131836
0.4687637388706207 -0.050102315843105316 2.960601568222046
0.7535678744316101 0.14056316018104553 2.517418146133423
0.8387228846549988 0.5615233182907104 2.143920421600342
0.7433496713638306 0.07146290689706802 2.631087064743042
0.704882800579071 0.22534163296222687 2.2953274250030518
0.20614781975746155 0.21818511188030243 2.4399619102478027
1.004071593284607 0.3876059949398041 2.496246814727783
0.5023984909057617 0.23915523290634155 2.2795372009277344
-0.4254041314125061 0.10616333037614822 2.939805507659912
0.9913618564605713 0.10729474574327469 2.7326905727386475
0.9235066175460815 0.7691097855567932 2.297783374786377
0.8871411085128784 0.9365397691726685 2.2614729404449463
-0.3051850497722626 0.4472023844718933 2.063434362411499
0.9942518472671509 0.08191843330860138 2.643064260482788
0.7011110782623291 0.1153167188167572 2.5533227920532227
1.0020945072174072 0.7357375621795654 2.4339842796325684
0.18384985625743866 0.3334675133228302 2.2189600467681885
0.8218740224838257 0.007054461631923914 2.7581231594085693
-0.07095612585544586 0.034199655055999756 2.988457679748535
0.6133425235748291 0.2637823224067688 2.2434771060943604
0.46585679054260254 0.053581930696964264 2.7510406970977783
0.9667274951934814 0.5306794047355652 2.3642685413360596
-0.39149749279022217 0.4258878231048584 2.147549867630005
1.0608630180358887 0.37309765815734863 2.88295316696167
0.7794392108917236 0.8337557911872864 2.118342876434326
0.948333203792572 0.5276359915733337 2.367337465286255
-0.39418503642082214 0.24133172631263733 2.5789616107940674
0.4632102847099304 0.2379940301179886 2.323387384414673
0.8501293659210205 -0.010835967026650906 2.811157703399658
-0.08163673430681229 0.44773322343826294 1.9890656471252441
-0.5971214771270752 0.3066883087158203 2.562657594680786
1.185050129890442 0.8410029411315918 2.592128276824951
0.1958189457654953 0.42228180170059204 1.9414719343185425
0.7713250517845154 0.9052259922027588 2.13485050201416
-0.17096813023090363 0.0540890134871006 2.9478652477264404
0.8129557371139526 0.05202943831682205 2.6458308696746826
0.5717118382453918 0.62710040807724 1.9167277812957764
0.9608957171440125 0.6077872514724731 2.2966766357421875
0.8807410597801208 0.6303825974464417 2.174342155456543
0.8932631015777588 0.6224202513694763 2.1920018196105957
0.58835768699646 0.8298211693763733 2.005096435546875
0.9610691666603088 0.482742041349411 2.2678043842315674
0.6136314272880554 0.18978503346443176 2.2388715744018555
-0.09623143821954727 0.486756831407547 2.0135467052459717
0.8392024040222168 0.3645423650741577 2.0319058895111084
0.3891908824443817 1.078172206878662 2.040335178375244
0.5717928409576416 0.947121798992157 2.048110008239746
0.9341678619384766 0.47691330313682556 2.1916942596435547
0.622130811214447 0.7178447246551514 1.9775370359420776
0.5564785003662109 0.21663032472133636 2.2178969383239746
-0.025279544293880463 0.455462783575058 2.0326452255249023
0.8261087536811829 0.533759593963623 2.079423189163208
0.7209736704826355 0.7248784303665161 2.0459132194519043
0.9434879422187805 0.4385175406932831 2.224493980407715
0.6415125131607056 0.7012689113616943 1.983096957206726
0.9191139936447144 0.5036119818687439 2.18912672996521
0.9439077377319336 0.485620379447937 2.235211133956909
0.5283344388008118 0.9885742664337158 2.039959669113159
0.6055222749710083 0.9739345908164978 2.071767568588257
0.3459067642688751 0.9752053618431091 1.985969066619873
0.8442671895027161 0.5834441781044006 2.117184638977051
0.6274739503860474 1.0434973239898682 2.111276388168335
0.8690546154975891 0.5408787131309509 2.127593755722046
0.8636860251426697 0.5019893050193787 2.1152029037475586
0.863156795501709 0.9364191889762878 2.2522714138031006
0.8130699396133423 0.48296815156936646 2.0395021438598633
0.5312314033508301 0.1787586659193039 2.358229637145996
0.5957103967666626 1.0648397207260132 2.1052093505859375
0.5904821753501892 0.7667142748832703 1.9819189310073853
0.9605711698532104 0.4109666645526886 2.2425906658172607
0.7125324606895447 0.9499925971031189 2.1278717517852783
0.679168701171875 0.9825934171676636 2.1171162128448486
0.5108134746551514 0.17389734089374542 2.381460666656494
0.7561555504798889 0.7592846155166626 2.0891456604003906
0.9829981327056885 0.3993552327156067 2.3015780448913574
0.7230940461158752 0.6705633997917175 2.02653431892395
0.5091109871864319 1.141711711883545 2.1035351753234863
0.8125457167625427 0.7461408972740173 2.1377832889556885
0.7000393271446228 0.09209181368350983 2.45583176612854
0.4122016429901123 0.5979330539703369 1.8425027132034302
0.9626278877258301 0.37792423367500305 2.2436611652374268
-0.18845973908901215 0.48833930492401123 2.1064298152923584
0.5601609349250793 0.10031795501708984 2.5529136657714844
-1.20924711227417 0.43328985571861267 3.117140293121338
0.3923386335372925 0.7216800451278687 1.8878395557403564
0.8964914083480835 0.3379634916782379 2.1177515983581543
0.6164132356643677 0.7813107967376709 2.0003280639648438
0.848558247089386 0.6489050388336182 2.1372382640838623
0.23422740399837494 0.1599835455417633 2.6560962200164795
-0.1301577091217041 0.47623923420906067 2.0771453380584717
0.8074299693107605 0.38538798689842224 2.0064871311187744
0.663783609867096 0.9418568015098572 2.093029022216797
0.8221139907836914 0.3738994002342224 2.017810106277466
0.9252277612686157 0.31494709849357605 2.1577541828155518
0.9467678070068359 0.33223065733909607 2.2182788848876953
0.5952971577644348 0.2709733545780182 2.0040855407714844
0.06015320122241974 0.153020441532135 2.8428313732147217
0.9459360837936401 0.37409791350364685 2.2120110988616943
0.5549129843711853 0.19390766322612762 2.2950334548950195
0.7763597965240479 0.7878144383430481 2.1146950721740723
0.35113877058029175 0.004165717400610447 3.055248498916626
0.8409557342529297 0.5121731162071228 2.081879138946533
0.5042432546615601 0.8897240161895752 1.990300178527832
0.6985293626785278 0.4983988106250763 1.9441118240356445
0.8726390600204468 0.725153386592865 2.1985979080200195
-0.01917089894413948 0.41538873314857483 2.1405723094940186
0.9835813045501709 0.45298850536346436 2.3159332275390625
1.0120978355407715 0.39903685450553894 2.341097831726074
-1.1701353788375854 0.638147234916687 2.673748016357422
0.571346640586853 1.0363463163375854 2.079835891723633
0.7351957559585571 -0.09521222859621048 2.9928460121154785
0.2876947522163391 0.0759410634636879 2.8636257648468018
0.5888046026229858 0.1999691128730774 2.228679895401001
0.2504565417766571 0.8237572312355042 1.9009089469909668
0.012988993898034096 0.4747806191444397 1.9207203388214111
0.4854689836502075 0.7875875234603882 1.9405715465545654
0.4669646918773651 0.161209836602211 2.434091806411743
0.7651169896125793 0.10616013407707214 2.3558595180511475
0.6191746592521667 0.21378062665462494 2.171076536178589
0.8568062782287598 0.4543822109699249 2.0852761268615723
0.9127359986305237 0.3133414089679718 2.1226658821105957
0.9142390489578247 0.38874363899230957 2.1496975421905518
0.3192843496799469 0.8411746025085449 1.928665041923523
0.4811885952949524 0.18054072558879852 2.3847410678863525
0.9990214109420776 0.5060248374938965 2.352132797241211
0.8854372501373291 0.5196902751922607 2.1448469161987305
-0.3531230390071869 0.5271399617195129 2.1503186225891113
0.8151118159294128 0.9140620231628418 2.1982624530792236
0.9092354774475098 0.6093171834945679 2.2069318294525146
0.7496997714042664 0.8212865591049194 2.106553792953491
0.28782111406326294 0.14874103665351868 2.6574108600616455
0.7126124501228333 0.6411576271057129 2.010939836502075
0.7431877255439758 0.04342912882566452 2.602139711380005
-0.8772255778312683 0.6426224708557129 2.3283536434173584
0.6381024122238159 0.9106486439704895 2.0636863708496094
0.7902920842170715 0.14436118304729462 2.2150156497955322
0.95262610912323 0.28263822197914124 2.2068474292755127
0.6855196356773376 -0.08924268931150436 3.0224556922912598
0.598857581615448 0.22607742249965668 2.14121413230896
0.7276023626327515 0.14938250184059143 2.256985664367676
0.8903189897537231 0.6637429594993591 2.2011518478393555
0.5852199792861938 0.22046440839767456 2.1688945293426514
0.45207569003105164 0.9368283152580261 1.9993352890014648
0.47188007831573486 0.32898345589637756 1.9558607339859009
0.7753939032554626 0.933354914188385 2.171607255935669
0.6465737223625183 0.7986544966697693 2.023912191390991
0.6753451824188232 0.6023938655853271 1.9645177125930786
0.10969709604978561 0.44370517134666443 1.9333170652389526
-0.23923340439796448 0.482558012008667 2.149807929992676
0.3095996379852295 1.3623664379119873 2.0005834102630615
0.7904384136199951 0.7873769402503967 2.1329517364501953
0.3066961467266083 0.8394505381584167 1.9062494039535522
0.6510425209999084 0.24704711139202118 2.0427892208099365
0.17336717247962952 0.2706105411052704 2.3932409286499023
0.6674910187721252 0.07124950736761093 2.577099561691284
0.5844419002532959 0.16586129367351532 2.3489081859588623
0.9496235847473145 0.40047404170036316 2.217513084411621
0.9438807368278503 0.8308321833610535 2.333061695098877
0.8296961188316345 0.43207335472106934 2.027554750442505
-0.051135797053575516 0.3399909436702728 2.3966102600097656
-0.08593321591615677 0.46939247846603394 2.058427572250366
0.058041490614414215 0.18242578208446503 2.736365795135498
0.6306115984916687 0.2705225348472595 1.9939793348312378
0.6528173089027405 -0.08059316128492355 2.9918015003204346
0.54865962266922 1.045731544494629 2.0759825706481934
0.31732767820358276 0.8807929754257202 1.9331048727035522
0.1878931224346161 0.25923407077789307 2.4135000705718994
0.8809056878089905 0.7037981748580933 2.204770088195801
0.9037086963653564 0.6927216053009033 2.239156484603882
0.7178381681442261 0.16249345242977142 2.235445499420166
-0.2293856292963028 0.487481951713562 2.123737335205078
0.32191184163093567 0.7822518944740295 1.8984894752502441
0.4459095001220703 0.8673882484436035 1.9703859090805054
0.7695803642272949 0.1674407720565796 2.1760473251342773
0.6900001764297485 0.18313273787498474 2.196295976638794
0.7970082759857178 0.13370215892791748 2.2616331577301025
0.9298480153083801 0.4390445649623871 2.184638500213623
0.9151831865310669 0.7683200836181641 2.278088331222534
0.27092844247817993 0.12867024540901184 2.737185478210449
0.5123213529586792 0.11904784291982651 2.533212900161743
0.008258470334112644 0.3363029658794403 2.3423194885253906
-0.00621911883354187 0.3183906078338623 2.452061653137207
-0.045651376247406006 0.3832264840602875 2.2814455032348633
0.7345364093780518 0.3674551844596863 1.966983675956726
0.4581965208053589 0.04101262241601944 2.8093554973602295
0.7833424210548401 0.8296425938606262 2.1338324546813965
0.9635393023490906 0.7991359233856201 2.3460779190063477
0.41141176223754883 0.34314531087875366 1.9660847187042236
0.6986879706382751 0.8737056851387024 2.089581251144409
0.7678588628768921 0.6125330328941345 2.040712356567383
0.7947405576705933 0.4410271644592285 2.0069057941436768
0.8099526166915894 0.5445452928543091 2.0584094524383545
0.6430573463439941 0.08566176146268845 2.5280070304870605
0.5632159113883972 0.2087540477514267 2.2370853424072266
0.7756118178367615 0.08661746978759766 2.3841848373413086
0.5228635668754578 0.7363948225975037 1.9372479915618896
0.6497952938079834 0.21701779961585999 2.115917921066284
0.7556749582290649 0.5813865661621094 2.0285027027130127
0.3572324514389038 1.3347797393798828 2.092576503753662
0.9167525768280029 0.2123911827802658 2.1053526401519775
0.47289976477622986 0.3020055890083313 2.000861406326294
0.5602565407752991 -0.057630326598882675 3.051058769226074
0.06412661075592041 0.23966680467128754 2.5754151344299316
0.9064696431159973 0.44898462295532227 2.160111665725708
0.776006281375885 0.1654243916273117 2.1965837478637695
0.9158847332000732 0.8986403942108154 2.3142926692962646
0.8486523628234863 0.26742488145828247 2.012547254562378
0.904144823551178 0.7529835104942322 2.2353992462158203
0.8322815299034119 0.4133795499801636 2.04864239692688
0.8347490429878235 0.07568156719207764 2.4037153720855713
0.2724194824695587 0.34739160537719727 2.0708701610565186
0.6207320094108582 -0.08315006643533707 3.046210289001465
0.8953142762184143 0.8901422023773193 2.281741142272949
0.6345601677894592 0.20192794501781464 2.195864677429199
0.5656182765960693 0.292732298374176 1.972427248954773
0.5627115964889526 0.7813437581062317 1.9761136770248413
0.833409309387207 0.8511503338813782 2.199784278869629
0.3235739767551422 0.3421449363231659 2.0511953830718994
0.6854109168052673 0.20818866789340973 2.1597750186920166
-0.05767132714390755 0.3703739047050476 2.313832998275757
0.14232321083545685 0.273563414812088 2.419348955154419
0.2997162342071533 0.24358418583869934 2.3583555221557617
-0.2596254050731659 0.513810396194458 2.092864751815796
0.9346685409545898 0.7466224431991577 2.307377815246582
0.05337046459317207 0.4182259440422058 2.054168701171875
0.37397950887680054 0.3318824768066406 2.037304639816284
0.9046661853790283 0.8534833788871765 2.277461528778076
0.4020652770996094 0.21929873526096344 2.362560272216797
0.40257352590560913 0.05223691090941429 2.8229448795318604
0.4650706946849823 -0.16514772176742554 3.317429304122925
-0.1912185549736023 1.6267280578613281 1.9363517761230469
0.9502041339874268 0.7095062136650085 2.315005302429199
0.6964631676673889 0.642905592918396 1.9986735582351685
0.5880076289176941 0.15159524977207184 2.3781371116638184
0.7669410109519958 0.12651997804641724 2.2987217903137207
0.6437147259712219 0.07581521570682526 2.5616257190704346
0.7174228429794312 0.049139898270368576 2.6337997913360596
0.3468705415725708 0.34565332531929016 2.0166242122650146
0.78339684009552 -0.08355867117643356 2.903153896331787
0.6773857474327087 0.8917619585990906 2.0791399478912354
0.05385003611445427 0.4480992257595062 1.9639129638671875
0.6678459048271179 0.20734409987926483 2.1392321586608887
0.5077602863311768 0.21624426543712616 2.236515522003174
0.4963228702545166 0.8310473561286926 1.9632669687271118
0.3868037164211273 0.354001522064209 1.958317756652832
0.6583650708198547 0.17313164472579956 2.255610227584839
0.6973599195480347 0.19459125399589539 2.166578531265259
0.6006366014480591 0.204111248254776 2.1886026859283447
-0.18814924359321594 0.4537407457828522 2.182882785797119
0.9208279252052307 0.3584841787815094 2.17100191116333
0.16408029198646545 0.42734426259994507 1.9240409135818481
0.6408725380897522 0.005559925921261311 2.771252393722534
0.36906370520591736 0.8366029858589172 1.9312119483947754
0.36053359508514404 0.28346434235572815 2.199451446533203
0.9678686261177063 0.16535235941410065 2.224419116973877
0.2688229978084564 0.14235001802444458 2.67336106300354
0.13545961678028107 0.39211058616638184 2.0596325397491455
0.5758312344551086 0.6972412467002869 1.9479098320007324
0.7202118039131165 -0.036564722657203674 2.814159870147705
0.8909339904785156 0.6922016739845276 2.2075862884521484
0.7254559993743896 0.887894868850708 2.1117446422576904
0.70665043592453 0.16881634294986725 2.202641487121582
0.7709795832633972 0.7400068044662476 2.1003057956695557
0.6515975594520569 0.9753212928771973 2.0947439670562744
0.33981093764305115 0.6541626453399658 1.8490052223205566
0.6086603999137878 0.14594601094722748 2.399230718612671
-0.41523393988609314 0.501359224319458 2.251591920852661
0.7614057064056396 1.088826298713684 2.2198004722595215
0.4643230140209198 -0.13522394001483917 3.2983977794647217
0.32599154114723206 1.383207082748413 1.98477041721344
0.4838322699069977 1.0275033712387085 2.0481457710266113
-0.0024573446717113256 0.46029144525527954 1.9950553178787231
0.13577334582805634 0.4316856265068054 1.951903223991394
0.5687056183815002 0.056808654218912125 2.663097381591797
0.7989064455032349 0.7492391467094421 2.1214022636413574
0.3909219801425934 -0.04700983688235283 3.179629325866699
0.6411264538764954 0.22260981798171997 2.1051039695739746
0.835343599319458 0.7957542538642883 2.172999143600464
0.6174929738044739 -0.05696459114551544 2.9863216876983643
0.9154187440872192 0.6526486873626709 2.249976873397827
0.4354959726333618 0.7174274325370789 1.914515733718872
0.9243322014808655 0.46824684739112854 2.1675753593444824
0.45458561182022095 0.6622667908668518 1.8812578916549683
0.15072746574878693 1.4351184368133545 2.0251688957214355
0.0441766194999218 0.3418237268924713 2.2826755046844482
0.6739910244941711 0.2202141284942627 2.0928711891174316
0.6017217636108398 0.5497183799743652 1.8901002407073975
0.9429733753204346 0.3032883405685425 2.1869823932647705
0.262247234582901 0.38105836510658264 1.9829602241516113
0.6816199421882629 1.0402588844299316 2.141446828842163
0.7169966697692871 0.9991111159324646 2.1568970680236816
0.5888416171073914 0.2458035945892334 2.076449394226074
0.17879289388656616 0.7708219289779663 1.8802549839019775
-0.01644349843263626 0.3899122178554535 2.2273948192596436
0.6915264129638672 0.004864350892603397 2.7326416969299316
0.7037166357040405 0.9843962788581848 2.1298985481262207
0.6970020532608032 0.042041681706905365 2.639008045196533
-0.32010340690612793 0.5213211178779602 2.12766695022583
0.5457867383956909 0.911447286605835 2.019465208053589
0.24025563895702362 0.6418618559837341 1.8374437093734741
0.5467652082443237 0.7793804407119751 1.9648202657699585
0.8383381962776184 0.01923571154475212 2.5445632934570312
0.3203568160533905 0.05296218395233154 2.8699076175689697
0.9797371625900269 0.7738174200057983 2.3790504932403564
0.6709648370742798 0.22071698307991028 2.1238884925842285
0.11427701264619827 0.38218632340431213 2.084740400314331
-0.10976686328649521 0.2492445409297943 2.7128512859344482
-0.15074478089809418 0.4073164761066437 2.2875001430511475
0.30445346236228943 0.29633352160453796 2.192549705505371
0.6650493741035461 0.20106033980846405 2.1520907878875732
-0.2629912495613098 0.4969577193260193 2.1279165744781494
0.6016545295715332 0.18233515322208405 2.2794461250305176
1.0005673170089722 0.36892935633659363 2.337114095687866
0.5141589045524597 0.15341374278068542 2.433244466781616
0.5814067721366882 1.1306188106536865 2.1228365898132324
0.815513551235199 0.04392769932746887 2.545044183731079
0.44129547476768494 0.8137434124946594 1.9412652254104614
-0.13795195519924164 0.12636233866214752 3.075434923171997
-0.5177360773086548 0.5206983089447021 2.3611323833465576
0.28951510787010193 0.7256553173065186 1.8733289241790771
0.32496824860572815 0.10649388283491135 2.698709011077881
0.39226511120796204 0.2565729320049286 2.269347667694092
0.3166528642177582 -0.07275958359241486 3.2979283332824707
0.3538961410522461 0.20940791070461273 2.4097378253936768
0.7450885772705078 0.09867876768112183 2.3974080085754395
0.8179159760475159 -0.02895885892212391 2.7461845874786377
0.8048644065856934 0.12101564556360245 2.284034490585327
0.5486361980438232 -0.027920391410589218 2.949981689453125
0.4181080460548401 0.19240421056747437 2.4052300453186035
0.6779894232749939 0.23048008978366852 2.0532853603363037
0.7275777459144592 0.2398167997598648 2.0219333171844482
0.8778868317604065 0.8191514015197754 2.2159039974212646
-0.1733352392911911 0.43745678663253784 2.227508306503296
0.5471048951148987 0.935174286365509 2.030843734741211
0.3359557092189789 0.322340726852417 2.097517251968384
0.42645516991615295 0.6280436515808105 1.8573640584945679
0.7762724757194519 0.5750662684440613 2.035193681716919
0.8079648613929749 0.02073061466217041 2.5687053203582764
0.26357197761535645 0.11216934025287628 2.7840654850006104
-0.4136142134666443 0.5261926054954529 2.1925082206726074
0.8494726419448853 0.7133136987686157 2.1574413776397705
0.15189354121685028 0.0869826152920723 2.9653608798980713
0.7877150177955627 0.06144993379712105 2.4740188121795654
0.6240584850311279 0.19462257623672485 2.221865653991699
-0.2866142988204956 0.5213066935539246 2.0833380222320557
0.8008882403373718 0.5561349987983704 2.0557644367218018
0.115090012550354 0.36373454332351685 2.141887903213501
-0.33661916851997375 0.5144011378288269 2.1694324016571045
0.2909448742866516 -0.10388771444559097 3.3981642723083496
0.6548447608947754 0.5036963224411011 1.9221858978271484
0.5732707977294922 0.23651063442230225 2.138063669204712
0.05782012268900871 0.377105712890625 2.1636600494384766
-0.13074666261672974 0.3765019178390503 2.3490822315216064
0.2981208264827728 0.21924173831939697 2.44879412651062
0.48588961362838745 0.06356314569711685 2.72243070602417
0.49064162373542786 -0.04485224187374115 3.0534915924072266
0.5109182000160217 -0.09368697553873062 3.1457719802856445
0.19829636812210083 0.27714046835899353 2.366259813308716
0.4639482796192169 0.11918661743402481 2.6474196910858154
0.6556377410888672 -0.032286386936903 2.8817555904388428
0.7213231325149536 -0.004805832169950008 2.7405121326446533
0.5488148331642151 0.12242816388607025 2.4846527576446533
0.8096306324005127 0.6296666860580444 2.093662738800049
0.36694177985191345 0.5881303548812866 1.8469942808151245
0.14654392004013062 0.256865918636322 2.440286636352539
0.7042958736419678 0.8057289719581604 2.05051589012146
0.09381522983312607 0.09265680611133575 2.999699115753174
0.7401373982429504 0.619366466999054 2.0183262825012207
0.29034990072250366 1.1156046390533447 2.047611713409424
0.9513921141624451 0.7464982271194458 2.320168972015381
0.10073598474264145 0.22924081981182098 2.578996419906616
0.8127208948135376 0.06675389409065247 2.4338583946228027
0.5288305282592773 0.2303750365972519 2.17909836769104
0.8263911008834839 0.7270833849906921 2.1350080966949463
0.20919491350650787 0.19971513748168945 2.5720064640045166
0.3931080102920532 0.3376641869544983 2.017139434814453
0.5166345238685608 1.0816853046417236 2.0778541564941406
0.18042303621768951 0.058351997286081314 3.016745090484619
0.35139167308807373 0.3091730773448944 2.1190125942230225
0.0005432410980574787 0.42936018109321594 2.0986969470977783
0.42354199290275574 0.6996375322341919 1.8944472074508667
0.8512960076332092 0.11468057334423065 2.2764430046081543
-0.7956239581108093 0.5452014207839966 2.448395252227783
0.8846285939216614 0.44568008184432983 2.130380153656006
0.29398399591445923 0.7902857661247253 1.8957933187484741
0.22230574488639832 0.9837791919708252 1.945560336112976
0.7051706910133362 0.14209696650505066 2.258697032928467
0.9052871465682983 0.05739482119679451 2.4144539833068848
