ply
format ascii 1.0
element vertex 3912
property float x
property float y
property float z
property uchar red
property uchar green
property uchar blue
end_header
0.16189466299453295 0.02027768768727128 2.040570539584585 50 53 52
0.10433261569225188 -0.15693037996073733 2.2874228244867885 191 135 133
-0.17572943298424784 0.4633082047529063 1.9390581176879567 197 120 77
-0.3136841498890984 0.2900830967606255 1.8826373809575598 182 164 145
-0.163367897713527 -0.27260535362900057 2.458338363063479 136 144 152
0.46841516737901767 -0.11312471319742402 2.1427578654997714 70 84 133
0.25726026321395146 -0.19714467913787243 2.328935201845911 87 90 99
-0.08189666896930531 0.44289400916298965 1.8942363990582862 203 142 95
0.08345905113943315 -0.08573015753273981 2.185031323740972 92 97 91
-0.259356933892779 0.41087469011297867 1.935807526268408 198 126 87
0.11762797575620515 0.13125151680665023 1.8883640190872668 124 83 43
-0.3015061596889726 0.2722066270697024 1.8612089992194276 73 70 79
-0.06343526139537134 0.564669490645913 1.9840700089177483 98 92 100
-0.25125162663710254 0.4396187251299872 1.951775704449215 152 87 56
-0.2687834604002456 -0.04130845155998713 2.142941807090691 193 174 138
-0.3294861340647448 -0.03995651121733846 2.1396208428372567 171 123 82
-0.15918375866012632 0.47592022997033473 1.9401189117833408 118 77 70
-0.06465822098218196 0.44994635597903143 1.8994773953772954 132 66 26
-0.3533542947623041 -0.06161532552999938 2.1699348738259885 186 126 99
-0.05221813188649894 0.05591017031291417 1.9964381953953734 157 91 63
0.17490637211368867 0.040520274845828756 2.011447114617195 84 90 82
-0.12460089997508188 0.6157669489841785 1.9480636106290348 78 76 72
0.25169114343027926 0.036040003521703085 2.010065785092515 72 78 94
-0.10641688417380724 0.11059004193835252 1.9326513083866488 159 115 89
0.3466637048794603 -0.20229728580680098 2.3270682961294766 151 144 118
0.04086406739027784 0.05509303397580119 1.997915897724526 189 146 106
0.052820615141283396 0.48572384654374623 1.9332836711147505 177 161 139
-0.26623082702025613 -0.062019812568147606 2.167223751102009 166 101 62
0.27710551462275124 -0.09010191272922292 2.1817082687898948 193 120 118
-0.38363720125743694 -0.20156360539533424 2.365709009136858 76 84 96
0.05397962827132931 -0.2612183720814988 2.4257691799703736 106 113 121
0.24363287857938895 -0.1390631275029759 2.250734792935774 221 157 151
-0.316966364285933 0.3255819694862782 1.913300189664372 183 123 114
0.07128274852023034 0.4020066473595636 1.8708211306000053 232 191 153
-0.01893512303086756 0.15467072173843902 1.863334907454616 107 120 140
-0.13748691242409675 -0.3043805169383857 2.4936475371243048 139 148 160
0.10499922486587059 -0.046837173961545187 2.1278736527135336 41 49 41
-0.07072288934170402 -0.06818204533865908 2.170144894021039 103 109 102
-0.1686339302135063 0.11081865323563932 1.926064745846807 122 120 111
0.16846886848554604 -0.1446351582569072 2.260901524094809 227 148 152
-0.27435918375209906 0.13599891052499521 1.9163116479137439 40 47 69
0.15872378215888838 0.0427579297908816 2.0115750535664456 144 147 138
0.25653942904996435 -0.05080774608955432 2.134723859875937 177 168 158
0.07115364479399026 0.5423544907393267 1.9808347156148047 135 124 79
-0.27564154823640924 0.38615979314256565 1.9256312774537574 117 102 96
0.16874980172107926 -0.17650107440546542 2.3046245417243223 202 173 171
-0.13647549732970668 -0.24429454748226967 2.4146311718113362 205 186 180
-0.3041905919382705 0.41905462485470213 1.97311751276329 175 127 94
0.3623545339130004 -0.13744577596821872 2.2398370036165227 100 110 128
0.020470413546225804 0.11511652559147886 1.9142037153244609 226 179 157
0.10132202491951012 -0.20020932024226765 2.3411621590041984 162 144 137
-0.19229492438604107 0.09466381306383329 1.9504218826537023 168 145 125
-0.14136309901464014 -0.04951185247526662 2.1484455270194522 188 192 184
0.06474429073703311 0.3215879289137294 1.8096012771652494 118 113 91
0.21337223525605217 -0.023539698216456607 2.0949087312971635 115 120 114
-0.24061380056616752 -0.15286650811788602 2.292836508022315 111 118 115
0.03307581067942578 0.45432646213623895 1.9016059767985058 152 132 109
-0.03539026113401285 0.033520635560306496 2.029075263071941 223 139 97
0.1281911627657109 0.43095291246784856 1.912302662978443 194 146 110
-0.26862626275922963 0.3094879829739658 1.862234247136946 135 130 141
-0.1745966500640366 -0.2950645028927997 2.4802869836604917 201 209 222
0.4484086053502862 -0.16389516400611917 2.2095002503532846 64 78 124
-0.2812891721192614 0.4071247006874761 1.9466260887012903 125 83 57
0.30528834127034826 -0.21478954298631492 2.3476643072201124 86 95 104
-0.053770107529202096 -0.28799253366927396 2.4739806031835907 146 155 168
0.1061744708511293 -0.02805628865188334 2.1058994417403407 73 80 73
-0.2308056525828584 0.44087877687570004 1.9439626346482128 141 76 58
-0.34386596363135274 -0.18338328993461653 2.336379668563198 119 124 132
0.2265980683642203 -0.24338140848260498 2.395143696864863 191 136 117
-0.3156513095712793 0.2590815422913015 1.862044078675333 167 149 129
-0.03155497972767408 0.550050709153248 1.9723828962501835 166 166 172
-0.08243264104842207 0.4564931648242752 1.9043385439512164 144 88 45
-0.29250263971294493 -0.057744588947283376 2.165343448892681 194 168 133
0.23436802903387197 -0.012715483479808306 2.078830799359812 70 72 65
-0.41273499128515206 -0.03935593984028318 2.1438901418466165 172 182 192
-0.13071337506110792 0.17370742224153007 1.8435596595135126 173 185 209
-0.027051183402971232 0.10961056675738731 1.9269598579949176 182 115 65
0.16479021605133617 -0.28204582456135047 2.4501046838608223 126 135 145
-0.35705920745955383 0.25046198108902157 1.8951515739942855 58 58 70
-0.42768526750885427 0.16810064982194733 1.9173171634646324 99 88 85
0.21281180606111283 -0.17969369989831274 2.3052631135422734 185 153 148
-0.24087624159926163 0.3442202013761344 1.8813540275767509 208 144 134
0.08277659357755558 -0.25448255608978604 2.4184798928099065 125 135 142
-0.08052334953339181 -0.1422372110606096 2.2731845527395933 187 158 139
0.1265115281409024 -0.19402407269245547 2.3351884917455092 179 135 134
0.22294268716557103 0.009378513594393989 2.048015738273134 142 145 136
-0.4512763710427818 0.298564612472457 2.0515247983891367 104 88 83
0.4073228727600923 -0.08359944757437225 2.1624163833606764 101 95 71
-0.11664027328163695 -0.16322796193256933 2.300173310808528 146 116 109
-0.2050121217005653 0.46280737915538644 1.9496288699446607 199 136 86
0.019914377929082995 -0.06427023056130413 2.160645151989279 173 180 173
-0.12407446069907206 -0.1377652736869957 2.2664780871404724 39 48 47
0.16952841097235344 -0.015266640998293534 2.084119032107706 113 119 111
0.07475784253388618 0.11955091531044915 1.909109319247789 221 157 104
-0.2680572831850047 0.3365281270175295 1.8852566015836827 222 169 155
-0.07443465490795471 0.0548749128439776 2.0029189371177023 211 136 86
-0.07891486143912653 0.04110210172842568 2.0216095454439875 200 160 110
0.37244476922600933 -0.16948658780307815 2.28271837125196 138 131 108
-0.2562083924580266 0.3848645656388857 1.9131884476100414 159 137 125
-0.16791210867003714 -0.03211415944928449 2.123764808211139 205 177 143
0.33229249821573004 -0.11292477066337432 2.2087873447651374 77 82 89
-0.07927612610411044 0.024461762600603638 2.044159705175727 193 175 150
0.14614622670296046 -0.007929989148035985 2.0703432139933224 83 91 83
-0.186994392337714 -0.12677179360392302 2.257895474131042 26 31 32
-0.11887133324413338 0.3678458649985567 1.8487315777299809 66 58 67
0.2815749572849256 -0.22719095026539282 2.366615486579963 145 154 161
-0.38684298879902496 -0.06314254014691145 2.172845713916309 157 165 172
0.2519226715573946 -0.10887877870406269 2.2118316487311174 212 127 129
-0.22108836191035625 -0.037721573695451385 2.1331089298899526 180 110 53
0.13921775868870437 0.03425139063148899 2.0198605692748166 114 120 114
0.12800310977309948 -0.06375444898610476 2.153396094872125 88 92 87
0.1426987046603935 -0.1361277461977712 2.250438247350973 182 151 142
0.102003468976532 -0.011072711117643356 2.081267232667158 87 95 95
0.06467636191483783 -0.09411329289560481 2.199970486939455 120 130 126
-0.0929828732993777 -0.005148490200046142 2.0831365241337085 195 188 174
-0.203633001404093 -0.10140639545880119 2.2204032341022244 173 175 167
-0.21831279282533614 -0.2838472625798884 2.456385476248493 137 145 154
-0.4228012930863571 -0.17962300806852746 2.3364013910254715 185 178 160
-0.09740860058483186 0.42788044067826725 1.888947427028047 161 93 51
-0.2291992951273657 0.19920620004417494 1.8059754991289578 71 90 134
0.0013353052908506636 -0.0016603708096075071 2.074123123752605 173 176 168
-0.15598021281943875 -0.2097500911896866 2.369881144899311 183 89 98
-0.23104241126188055 0.3651582815893222 1.8856586586778459 205 179 174
-0.18337174591989 -0.16693168827652877 2.3110997777276148 55 65 62
-0.324634107240151 0.3000969523424519 1.902862611099052 182 169 166
0.03982398527515525 -0.10459524841652841 2.2095813564915114 115 121 115
-0.23122692740350156 0.32547340315898504 1.8575912336973623 72 75 96
-0.2203607521759002 0.35061767257094895 1.8687097736862772 141 138 149
0.30415700591674394 0.026419380008214543 2.0215204173928556 72 74 83
-0.44526362437480055 -0.15805218592081902 2.301806736057786 172 160 134
-0.36718018714280204 -0.04797492807805249 2.1542680704513413 191 152 132
0.07049853924515927 -0.27934920436163496 2.4520044005329895 63 76 105
-0.032358788258508596 0.17210888454769566 1.8406024088438429 81 94 121
-0.25112436366393803 0.12077431219743331 1.916319468082614 62 64 75
-0.23549516332674644 -0.006903308053317208 2.093289322494614 239 186 151
-0.22824769466705402 0.3912038274718635 1.9034732048616225 141 114 105
-0.09789806366741698 0.456993639916058 1.9063840213437506 121 61 22
0.008198361208313992 0.3157416291007564 1.7925964048964194 173 172 187
-0.028897028996937264 0.06485708497488848 1.9862459337778717 176 99 68
-0.11769491438509912 0.4607935175156813 1.919610803012345 157 87 40
0.6986150746159908 0.4323425950964735 2.1523466763650925 146 137 121
-0.21336399766420003 -0.14056699994009816 2.280090035477486 21 28 28
0.2231008478607674 -0.11044367017818467 2.2140205914866087 208 185 171
-0.16785290876107978 0.4240584478193378 1.9026832986571318 198 128 77
-0.2947259269497193 0.32718402041725847 1.8979926123140107 148 55 53
0.3033035056838768 -0.17003527188142048 2.2921335400983853 124 131 145
-0.0905459443194221 0.17489426197176347 1.8381291596167328 17 32 59
0.06373219790020786 0.07571259033665301 1.9745088138222988 219 160 114
-0.20961845624763 -0.05043131159369513 2.1501518641263506 162 84 38
0.16198849949048522 0.469452706348577 1.9597647587282374 101 88 56
0.06467315270352124 0.024141918399142124 2.0414390344449407 174 176 169
0.18569686225644716 -0.12040026606087505 2.226339577907289 174 142 133
0.4585484829507368 -0.09020438162433612 2.1152599910144905 56 76 135
0.06496297271249803 0.04388331311690458 2.011977293546337 157 149 131
0.13569791402780845 0.06833853622728418 1.9740795093677799 211 141 95
0.1336693691913964 0.4983572491128323 1.967586540604159 175 164 132
-0.0256302035921073 0.3130570358436585 1.7930901706474465 172 166 167
-0.1951362147327552 0.15505698525813846 1.8645463568482243 80 89 108
-0.47306724809224737 -0.04398276930617315 2.1433656765729627 154 143 109
0.29278593122530955 0.08844179070343769 1.9352726224697026 68 73 81
-0.39984469001152934 0.1587187271026144 1.8678600560093095 130 127 118
0.045447066717753656 -0.011622467022660244 2.0869405337145803 134 138 131
-0.2229877167072101 -0.2564473838726119 2.4324810028879096 181 191 200
-0.21151674390787645 0.5153993798329543 1.9951300892110482 89 48 48
0.1820150985349008 0.056170330761678905 1.9791393051471486 195 197 185
-0.44152461347760624 -0.191377631423298 2.33269147479993 105 112 122
1.060567512976174 0.2487467845979397 2.3832241117737176 172 170 160
-0.32901686639775907 0.24360439733758812 1.8631942860750972 137 128 121
-0.09725291769323868 0.3744331021430798 1.8506131294694859 36 24 37
-0.11365487303187931 0.05342792325399037 2.0056259207904983 204 144 93
-0.2854205127431296 -0.172379448176808 2.3211745169685045 99 99 91
-0.20355055966016272 -0.26194653008390284 2.4398758743063027 151 162 174
0.3224336796601204 -0.19818832070526146 2.3217183599744295 170 177 181
-0.2502570955189617 -0.09034849055259257 2.2103469923852948 217 177 144
-0.010004651129528839 -0.044464371998865174 2.1341118209462593 198 201 193
-0.26461055464404626 -0.20906876440272978 2.371078385803375 55 63 75
0.20039730694426397 0.08458460793339911 1.948896652429759 145 136 119
-0.16794255665946214 0.09356828518029384 1.9508434645394475 166 131 107
0.13349112654724046 0.22458034647780145 1.7517947562797427 133 121 120
0.38883051333450547 -0.18040511334912993 2.278064399315877 62 70 92
-0.35855061648499165 0.3508520376847294 1.9711512722230684 189 169 162
-0.30417433509223146 0.2303168441928046 1.830054081806593 122 106 99
-0.17562957772012208 0.14342705254076005 1.8790787449104684 130 131 134
-0.04470632853771451 0.42457751644627606 1.876685171576231 85 66 73
0.12012309557508784 -0.2635215017726072 2.4302885041127915 65 80 101
0.07409816157455376 0.34448694951760084 1.831309620683693 106 98 73
-0.11174885416093906 -0.28308522455078405 2.4657712384198347 147 154 166
-0.09590585694581875 0.2485240685377516 1.7482515081868462 123 124 138
-0.33942463364416603 0.18866651509615381 1.8256488722498192 146 134 116
-0.0595323585297545 0.08070788022451361 1.9685579939438016 203 142 87
-0.19612817164796478 0.41048927031424515 1.9038100102754418 152 106 78
0.32312687181327315 -0.14347558397656918 2.2525618642884484 121 132 147
-0.13456781088295666 0.08544176768963398 1.9630753657990005 223 198 177
0.08937245888646468 -0.3013270179563346 2.478886292803194 159 170 182
-0.010574567191743902 -0.1023969425243207 2.2126564851909376 67 71 63
0.14603345036007845 -0.0548599290088837 2.1410472230152933 51 56 49
0.17621683234156701 0.42542151011105206 1.9319464440712653 138 113 78
0.13119677588040962 0.10197628216147972 1.9259158066915234 150 91 54
-0.22482669301738548 0.15498032745829649 1.8710190838992078 83 92 113
0.10742874143072062 0.09538021970242902 1.9347700627932396 183 120 74
0.19750632355343958 -0.1685949428111306 2.2922645584750483 220 191 187
0.38182874018777463 -0.09983316826034046 2.1884996843555986 83 90 101
-0.09611111071913071 0.5704685111787663 2.012140803048948 62 63 78
-0.05820413973609038 -0.3108444580369337 2.4957275453383834 124 132 139
-0.05818652636356581 0.10450640679408682 1.9351352555411818 190 139 93
0.38201537523572787 -0.04959897309822061 2.119516745719304 110 119 128
-0.004332286939925099 0.050548995657047194 2.0024924356787572 214 144 88
-0.01905670729116322 0.172405695258798 1.8368162490214244 79 87 113
0.4451381843424575 -0.03415135359155266 2.0258102880865665 64 71 102
-0.10806452319016169 0.17465801308462386 1.837065217035856 76 87 107
-0.04333473969227679 0.08494971901492229 1.9607820352029508 223 189 148
0.2909083111225958 -0.18425032408936287 2.309861397410868 145 154 173
-0.11979475881849964 -0.3055857127100648 2.491000655414747 149 156 162
0.09130954435511064 0.009837651606414224 2.0518713202748033 158 164 155
-0.06638327184086534 -0.08229558865706091 2.1815011545981275 43 51 50
-0.17971359575617946 -0.07147474755927083 2.1779150985348275 190 173 150
-0.35750487033735334 -0.22170403175981748 2.392828212026953 68 80 98
-0.06487097773281612 -0.1091093501361736 2.2214160724044416 70 79 74
-0.06346567892470732 0.6085948050256196 1.9553603866878737 185 183 177
0.09365411725510794 0.037274982557158096 2.0201048026624666 209 200 184
-0.26569421577911995 0.06078162078979006 1.9995584816158736 216 177 152
-0.11394980950989485 -0.23097197918025172 2.3896900126947753 212 94 110
0.3213809399112787 0.0009880959732139632 2.056987687011567 84 86 88
-0.4507876250124172 -0.036528606448725465 2.140202167486913 37 42 61
0.10182130241263904 0.5794035887299503 1.9822111298123455 189 183 167
-0.17924387595350688 0.5069131447498818 1.9725014237299319 164 107 90
-0.12424775384115878 0.1522702507787008 1.8692484410844408 157 166 181
-0.4605541398248551 0.00035179815851600074 2.0826441555840005 152 140 105
-0.36972363257274715 0.20363724081039947 1.8712343883279325 110 99 95
0.3979348501203596 -0.02394536921349434 2.0804642271413605 151 146 116
0.1048963300579826 0.01456323012781528 2.050645812822564 72 78 70
0.34410328045200295 -0.08598616338392827 2.175762317368568 160 167 175
-0.2411466487416725 -0.20289107641956095 2.3596976987502685 40 47 44
-0.15390507820260485 0.2627815266405953 1.7744044676852762 147 120 88
-0.2896014038496327 0.13173172752801965 1.9072753796707347 197 209 229
-0.157359949187089 0.3706993376322607 1.859724431235464 99 79 77
0.1394696415076704 -0.030550148062304362 2.1120364161394205 82 88 79
-0.22184927067256707 -0.08887905372196585 2.2125812303548242 196 172 146
-0.40592720661053366 -0.08389166770440759 2.2029780107198804 170 123 100
0.05168083304645368 0.39709432894156915 1.8654314241369594 149 114 82
0.12315933850102422 -0.03837929699428494 2.12282255733566 92 99 91
-0.32918794067464063 0.32236626680394864 1.9182768814485254 171 109 97
0.21389111394137492 -0.057474369202632464 2.1417735772762025 177 180 171
0.2941511155234686 -0.14393786952099738 2.261385109135458 180 182 174
-0.26983676842089743 0.2133452823324127 1.7923926732721929 19 21 31
-0.2315244158065529 0.24940133669720504 1.7946765942799385 117 97 77
-0.22842614520151316 0.13522955171067652 1.8930284152291652 91 103 121
-0.11976332299520372 0.32825363122678974 1.8200977977244763 33 44 84
-0.12261840906708245 0.48565101067101796 1.9329413003389346 152 88 74
0.2927206967879847 0.04269353486315145 2.00521649649947 115 119 128
-0.1416802515938898 -0.025739122575428146 2.115907591660078 194 185 160
-0.36802974383249626 0.05737544455571079 2.0096846050088244 40 45 63
0.11235537523439088 -0.009676443499570333 2.075665366688424 83 91 88
0.14910675082291633 0.3960652332067766 1.90277522001855 155 105 74
-0.18900811824677527 0.3929093123116816 1.8873923484487583 71 51 49
-0.16679895524762076 0.16762816523187707 1.8493306654398125 143 153 165
-0.1933786377939417 0.5695781356727773 2.0126128851793057 152 145 138
-0.3467467468875931 0.27743982308137566 1.9043748038485115 159 142 126
-0.08660019319773744 -0.030462004833737746 2.115958601648258 192 195 187
-0.09450740804808205 -0.08310604409260391 2.1979472931011683 63 70 65
-0.06261975393540667 0.17305474443772398 1.842843972563359 161 171 189
-0.10736628532506515 -0.10976516722692643 2.2285776902042875 40 45 43
-0.4677724326948303 -0.10601385086396994 2.228349437578505 116 100 59
0.06600017909221802 -0.04140690372643351 2.1272235050632906 16 26 22
0.16097728567633596 -0.24791912018330622 2.4006814562725203 145 79 53
0.012945244573454943 -0.18728354901609573 2.3284222005076316 192 102 106
-0.1568697572583417 -0.15427259979347763 2.293235338246374 79 88 85
0.0577226781809701 -0.17748164066002456 2.3162370210564376 225 148 149
-0.3485305213967423 0.2926924336831654 1.9166286652310582 194 178 179
0.06846583905598468 -0.0018202080785292586 2.070494711284388 77 83 74
0.25478707838292286 -0.2657880960159317 2.41942685838401 194 194 180
-0.10173915793036693 0.15563500420121126 1.8653495459323646 211 221 235
-0.07898607329454119 0.38241703258436466 1.8498076966639667 81 65 70
-0.4098720496700287 -0.1478436338145782 2.291700154070256 215 204 188
0.24374249681920945 0.21872098198687093 1.8126805816083045 152 128 110
-0.2930134312347338 0.29299389197154246 1.8782223013660664 24 29 51
-0.07466124799684527 0.12492990031320099 1.9063801514259144 156 111 84
-0.09062411049330923 0.08454378120770896 1.9600928784841456 205 158 100
0.008715519257075017 0.2694257630533064 1.7553959976249398 165 137 106
-0.2196439445555474 -0.062284802541567916 2.170090364961438 213 165 109
-0.22256244280639986 0.46429834878546267 1.9565866777071925 218 165 124
0.201888972502309 0.38045954810483623 1.906851493663696 110 102 83
-0.25691347239807943 -0.2417396555012891 2.417213666167549 93 108 136
0.027821396039310636 -0.1674895762695108 2.2998062458895987 207 185 170
-0.10525229768112812 0.028963505153338984 2.040453720920177 216 179 132
-0.4247162882788677 -0.11747424762582433 2.249066672613898 195 165 145
0.17606595407386583 0.3556658313947412 1.8776600111679191 132 103 71
-0.41216947786648206 0.023377335963636035 2.0497765548208795 64 71 89
0.1242304210908354 0.024142102678866805 2.0370986715528265 107 114 104
-0.01335892774327442 0.5375826150979695 1.9602608364057255 55 71 104
0.1658980896525551 0.09184843847610098 1.9378009652735366 121 60 16
-0.26184397986040703 0.32050217939669995 1.8697174138823685 201 188 186
0.0004485162809496991 0.559408529353653 1.9769437496149163 121 115 112
-0.00456035260036864 0.16497773282968267 1.8530428275950952 139 143 152
-0.4071113913767514 -0.05172311963278948 2.1587048827461324 26 39 70
0.08885813558925156 -0.05422394858764416 2.143965773140103 97 105 97
-0.3390237209985163 0.09078559069842626 1.9625139679812176 107 99 92
0.07126354946867189 -0.21184696203806522 2.3592145778468465 197 153 154
-0.28047790226735514 -0.013290060726502174 2.1068231810827296 179 130 81
-0.33132735450732936 -0.20739265898711728 2.3732242142501727 127 139 157
-0.30306648818602916 -0.26912626275583984 2.4506749225078344 165 155 133
0.3625259836610272 0.0069418227796562764 2.0442980178163275 170 177 186
0.26290796091440227 -0.02699443146125863 2.097420791092285 154 154 143
0.05008490969728866 -0.07272910085021604 2.1714278157138844 102 106 98
-0.42562262273168383 0.565172978863113 2.031737776391884 195 189 180
-0.10160429732191624 -0.30629354921949004 2.4949630372077243 197 205 215
-0.33316023052196886 -0.23279917710371295 2.4049723522047923 151 159 169
-0.35611048024691033 0.3234951564540394 1.9395620045830093 165 142 134
-0.19684446734084313 0.4851926017754569 1.9634287579598488 209 148 101
-0.23082183481862936 -0.17559289267670114 2.324588118758023 197 204 201
-0.15750479532798023 -0.2962005071008111 2.478076806364814 201 210 219
-0.29923324859099 0.1596997630146447 1.8160665557637736 98 109 147
-0.38557482666641646 -0.0267776001244045 2.1272198723564393 200 202 204
1.233445118606757 -0.11435678109791453 2.8755423306202785 185 179 166
0.29797975749669103 -0.023657762557376415 2.0901153028045076 142 136 118
-0.2973891823182657 0.015665560826986624 2.0615576842056123 202 172 151
-0.1611578462496249 -0.11328910688103644 2.2346095880906787 46 55 49
-0.37771921927288116 0.34017701967410074 1.9823767680361102 177 159 154
0.19988580085640595 -0.2587045873598285 2.4136444073470487 191 180 150
-0.1321200862762084 0.41015064316821087 1.8839694323502703 197 134 89
0.001869567603028695 0.030791495734572894 2.03225219536721 227 183 139
-0.13512582310350227 -0.10067353855935436 2.219925552551402 112 115 111
-0.19684364305331642 -0.28865358331147817 2.466215820171907 207 215 225
0.17742589339806186 0.006995254500840261 2.0556881453884985 40 49 45
0.0638684954470501 -0.0667939784602908 2.165107447657079 113 121 113
-0.10023959362018747 0.12753497561406668 1.9079017357448984 121 121 108
0.6350352326481249 -0.6171131436142347 3.580058669549381 194 190 182
0.08139704575850353 0.004567841997999738 2.0623297243485816 106 111 102
0.2955347705473349 -0.05969901651062465 2.1379663868776273 159 133 123
1.0090664034696422 0.21672925615217215 2.425730794031249 191 188 179
-0.2383744550695565 -0.27796789354017704 2.4547835348031906 132 146 164
-0.1680468739305466 -0.05217974725086754 2.151054820385374 190 155 118
-0.27664143251003726 0.18103286392107173 1.7791277470760034 108 124 160
0.45707875793122826 -0.07411286372748815 2.0907388556332727 81 96 136
-0.38422690296616974 0.03614578097520418 2.039104795530623 76 81 89
-0.04213456546635294 0.10635193095967721 1.9333228735770707 209 157 103
0.0764521943356127 -0.1612214009759073 2.290786140338758 217 198 181
-0.25186086513423916 0.31850076257113075 1.8632758019549742 136 127 137
-0.40050199022418675 0.3077954910665433 1.9869287904513488 191 171 163
-0.27871546813755604 -0.26433635909049624 2.4390270702696126 81 90 101
0.19902204256377193 -0.00268646884806164 2.0658800809954396 29 36 30
0.026714846973500055 -0.031197812473894394 2.1285217623008346 96 105 97
0.0793951380755969 0.6131330675321294 1.9438900410037456 186 181 166
-0.09645946854641457 -0.2861352338002903 2.4714840026179696 119 129 145
-0.4525871653602239 0.590750670336721 1.9932926644398452 195 194 190
-0.13231607676456986 -0.2794416076161837 2.471579022485374 158 167 176
-0.48491775224232403 -0.11371322126740324 2.226262437707237 36 45 76
-0.25375019574684554 0.1459311588606975 1.8825902882399568 99 112 136
0.012940155589537362 -0.285818013777944 2.4650965605284294 95 89 89
-0.18390186991565377 0.06720802717450085 1.9883152265892052 166 111 63
0.10996001549820146 -0.2830035356821176 2.452846047034647 111 122 136
0.33660809101734707 -0.012590326486239005 2.0692817847334966 96 100 110
0.024309309976315845 0.3145942927948766 1.7984938245359388 196 186 180
-0.0647657204804951 0.3920387528108722 1.8569858106625043 39 31 52
-0.11678004741822018 0.26797564390631123 1.766836580341048 104 86 81
-0.2401792213362614 0.15056692230422974 1.8760572884830404 197 206 218
0.1540595841890685 -0.3062857322730625 2.4767004721152115 108 99 85
0.6947367973129018 -0.6638635627591306 3.647200173685735 193 188 182
1.0597161290133394 0.22285176408091292 2.41401689679153 186 182 172
0.28633211385145574 -0.03795775852098849 2.108137665495342 152 154 143
0.13348982264262174 -0.15643083600179988 2.283309474276737 203 114 121
0.23854916287631267 -0.05714071026994514 2.1400452960689718 169 171 159
0.26554636793137365 -0.14874991518789937 2.2623451478644214 173 152 146
0.21337843750251498 0.003431625236872469 2.062209952975111 44 52 44
0.2677868625631135 -1.605814376767203e-06 2.055932976535631 137 135 123
-0.31616983683171046 -0.08108289033008764 2.195439222480297 211 147 91
0.18864458634607778 0.34756987216551816 1.8622793166307485 142 121 96
0.08722650541641312 0.17188249756959476 1.8301576242866626 161 164 147
-0.04917765215054598 -0.012622606417383431 2.0906127738019253 171 174 165
0.2542795199136838 -0.17450696211861425 2.2964088521306105 106 101 98
-0.3066493376814931 0.30465941222329235 1.8895710442461897 195 180 176
0.23054317662548182 -0.2752755661094784 2.4302159532553635 185 183 166
-0.3360133590156714 0.011293818168269213 2.068859287166523 199 182 162
-0.03488355942267583 -0.2876962366132384 2.467854175162311 158 166 176
0.354016694689954 0.024414405389489056 2.0205535623079993 84 91 98
0.12867212278238158 0.09243662604765394 1.9387402796044784 213 139 82
-0.09992497531269305 -0.248821912448871 2.4157252587038265 195 126 123
0.01807980190683639 -0.30908480544843003 2.4873883787287316 163 172 184
-0.2202621900965718 -0.19218045391217098 2.3434162913282495 32 41 39
-0.4327612602308915 -0.23970498197949097 2.365446893500734 77 100 177
0.3414695602085499 -0.06162366777829289 2.137702251727074 131 131 134
-0.07896280688420242 0.15572018588911932 1.867955876115472 126 141 161
0.04704919272279691 0.4298937254833537 1.8859695565230408 127 87 59
0.1966687663127359 0.013623067400158092 2.04718765945142 98 105 95
-0.2902207078312568 -0.014843635604816269 2.105536441119316 193 143 103
-0.12991946260061016 0.30676045804754004 1.7992545481866156 192 183 183
0.34187512826520694 0.038636788112796965 2.0002924488128317 113 124 141
-0.02897829390820655 -0.23928704137261714 2.3995037578558147 164 155 148
-0.2797270761191908 0.25659253630144097 1.8242589603398507 62 67 92
-0.2320877811141285 -0.21422038103240154 2.3585827926999534 207 107 116
0.40792649619208693 -0.016267818794534747 2.0532696503850523 85 99 125
0.6574083326020069 0.46899906478449155 2.099744467956119 178 168 150
-0.2648590287939902 -0.2721684866841697 2.4531981115887684 120 129 146
-0.3069719404128875 -0.023097674461127326 2.116389053256055 157 113 84
-0.3591222204003975 0.1466408797501177 1.8273103919326872 77 97 137
-0.40270133372336814 0.06160369924140807 1.9983737453161736 43 37 43
-0.31221197253251937 0.12036546662639501 1.9212963878135032 116 126 140
-0.0866263277478323 0.5450451200255173 1.9713881651192533 161 159 173
0.15304176507635076 0.07797671668811483 1.9563762249315915 171 97 44
-0.06867583560616321 0.31096099752223366 1.792972823070695 178 170 172
0.3414584999423515 -0.17920076895141052 2.2981212968150952 96 106 114
0.048948503644962796 -0.055748134533546684 2.1489017954107688 88 97 93
0.2143049196445257 -0.16121173273894915 2.2834336004455795 187 158 151
-0.20825161166819944 -0.3219632838863527 2.5040477095042304 139 148 163
-0.2942627232714944 0.10043623450531021 1.9449550242184905 103 106 118
0.17314981433295082 0.025166089020937428 2.0275195558777375 91 97 90
-0.10756754406076083 -0.08685680849422478 2.2043377816434213 86 94 92
-0.25295085823395447 0.07353192162974571 1.9881990315844014 220 183 156
-0.240555193914969 0.35774511722390273 1.880359949830427 153 132 131
-0.24286104599959912 -0.10284540092808708 2.2260549385612767 194 170 156
0.11692063041355794 0.11188942943502193 1.9110543642536866 164 115 59
0.045869792110948576 0.3744665879322368 1.8433623059593862 163 129 101
-0.052973103236553534 0.19564796671221213 1.8102037659627503 170 165 137
0.19507170817165717 -0.23872858491168278 2.403408564000917 162 126 96
0.5269189932210082 0.5243862359244158 2.0337263020624614 182 172 155
-0.18214150422836226 0.3015267764392193 1.818134369264251 189 177 172
-0.3915773401812517 0.05985532331866624 2.0119517313592574 117 109 108
0.1326084529651652 -0.0840805215262164 2.1796515765941558 184 185 175
-0.07826638183136783 0.3109601244376853 1.792425024132298 197 185 188
-0.44168403423386754 -0.06736877785367767 2.1838199309622386 114 121 136
-0.15340301300621487 0.4149630075233011 1.894164128610578 198 126 76
0.2377195517088412 -0.23671904785745676 2.3878127427023506 181 139 122
-0.3275638499537776 -0.07467785825351503 2.1868831390987737 160 91 43
0.011746038451058344 0.03693626146082967 2.030128731160855 219 174 128
-0.21856746691845372 -0.02283648619566431 2.1139038656097133 175 105 49
-0.19267657888627154 0.5979214871173959 1.9755675089496312 194 191 182
1.407560971050826 -0.7753005220007916 3.740243568445232 185 180 174
0.031899741555387474 0.018652360743676075 2.044802917835394 178 180 169
0.24309188357630834 0.06266440391289013 1.9712290195469335 117 128 142
-0.09954102958227233 0.07318804847947236 1.9828606667413942 215 153 93
-0.4030207582610664 -0.02436787140893551 2.1264759592977214 128 140 171
0.027040026234030217 -0.08265358249086109 2.1846563898893443 152 157 150
-0.14791256782983975 0.16943317182576073 1.8384510454871434 36 48 68
-0.26683423320236754 -0.13124229028633677 2.262630097439889 194 153 100
1.0396655757403324 -0.5872928573025621 3.5318260909376673 197 195 190
0.026360277861150673 0.35435455121983794 1.8246478834214808 98 71 54
-0.36816552624333576 -0.16759058159816542 2.3178308898957383 210 186 170
0.2417652906494127 -0.22159646265524954 2.3633401378235694 122 83 63
-0.0787223435647781 0.14252280819733681 1.893556544435516 174 177 168
0.022905797358849705 0.02763022620196168 2.038237321192043 181 167 146
-0.019937578733768817 0.12769880552523608 1.894831411088641 200 152 129
-0.03719487108349447 -0.21216896902008273 2.3711068490313534 190 97 105
-0.04891447115329379 0.17190244342380215 1.841546095722419 95 108 135
0.06049663694386731 0.10542124812353432 1.9257924822003833 210 139 95
-0.29391794989312253 0.3101086430565421 1.8914779046785506 212 180 166
0.18384831880802682 0.15940106532418158 1.8446314991856334 141 130 98
0.2539379546261956 -0.08573973310302706 2.181068026668572 217 174 160
0.32239686311756893 0.0619897595707407 1.9840477000887862 23 36 55
0.002028351206117737 -0.03259023448511097 2.1205540520108963 193 200 193
0.49127034420593513 -0.11653583864393952 2.1565517474069336 107 112 128
-0.3486578285834783 0.3185347965378923 1.9281419200192382 191 105 102
0.20157936871329765 -0.27240778701946367 2.4392072118689008 177 170 143
-0.2652149632421802 0.18466089941071218 1.7784307124848002 82 102 148
0.013043337166405539 -0.03046856745641099 2.126600521553344 170 177 169
0.13614121200653603 -0.01338187215748327 2.084480935166662 66 73 66
-0.22692624819006052 0.544441250236295 2.0157284541123484 105 103 113
-0.2852490294594038 -0.23467989995002997 2.410017477673143 146 156 175
-0.3722948579553768 0.037914685747064955 2.022644512284035 121 125 137
-0.43706287965498924 -0.015435652931158879 2.1172508772513456 200 212 228
0.1204309727590088 -0.02161638515199092 2.098734908720506 90 97 93
-0.01438834194738734 0.0268830699427719 2.038093814612359 214 165 120
0.047034402097835964 -0.29365781998303214 2.4727181819540287 62 76 96
0.03298167573881925 -0.268804815957305 2.4423177488271337 165 165 157
-0.21638405801832158 0.2953191324807127 1.831162182376452 184 175 175
0.7830549164033538 -1.055468488285148 4.182373489677133 189 187 181
-0.15899047804144648 0.30743694432163016 1.824364282655314 183 173 171
-0.08135557037826902 0.17682684640707544 1.833836799739125 84 96 111
0.0315694776102759 0.037994811126771055 2.022276653380379 163 144 124
-0.10109384700022514 0.39472757522822965 1.862148926680596 192 121 66
-0.24860433048789615 -0.25115741599986957 2.431315059891689 105 115 131
-0.35966773069922714 0.2967922694669289 1.9293901185514686 163 148 141
0.13323349049148003 0.3900087306996891 1.8914367949667967 185 137 98
0.6090569197770358 0.38979209287911976 2.2203476962157174 182 174 160
-0.022234323121643244 -0.08381803666093739 2.1851700784575896 105 114 111
-0.1478168461881273 0.30435552567259017 1.8000613788581388 193 183 185
-0.22372030803976103 0.09657816762228556 1.9526351623923763 112 108 95
-0.25108412034936023 0.09806307668371221 1.9569978974894189 110 102 88
0.14992693570274265 0.34928265280068704 1.856040243745373 131 101 74
-0.37791397767821827 0.08371544685876711 1.9745629674504315 72 72 79
-0.07135053406766 0.16424267335245282 1.8567754447653007 139 151 170
-0.28514202488492674 0.046759462021665914 2.0169617787706966 192 192 184
0.3153418501947118 -0.15391536536212586 2.2679551204579926 96 103 115
-0.12512039234957212 0.545825815406467 1.985213275622842 176 176 189
0.55733501344325 0.5128056696009949 2.0493298495004533 180 168 152
-0.06501572265541075 -1.7324621672620861 5.082430428479823 165 164 163
-0.11906564565922473 0.30519433302842436 1.7889376176164398 133 129 137
0.19703947903977953 0.09814481555731298 1.9312990848137814 157 136 113
-0.165011113460952 0.44152747864563857 1.91713429498929 186 113 63
0.3826267872601506 -0.06563162145729694 2.1406642872162687 128 139 148
-0.40197319188358255 -1.1132065078363564 4.280733995394027 185 184 182
-0.38203820157838625 -0.000742064071223248 2.087015567588531 142 141 131
-0.24503798254707285 0.013013161788761348 2.0678290902454073 155 121 96
0.006699254443800943 0.1625163916355228 1.8481207564821938 139 144 152
0.1977518572243262 0.05106762109079163 1.9912435961194779 38 45 45
-0.12992173988574615 -0.037648375017471966 2.1286825181331723 203 206 197
0.009286012461218095 -0.08653230396544684 2.198388007233317 175 182 176
0.25836627491861497 0.08902239979026066 1.9394825151254271 174 185 195
1.3824969489763432 -0.4013781381891506 3.2406901732637072 190 188 178
0.05667124473699197 0.32530175100492553 1.8052686139015748 123 111 93
-0.25833007273657527 0.396279243550816 1.9240578308133185 164 111 65
0.3082891256914944 -0.6774374212212745 3.695010210751764 192 188 178
-0.24870743860011293 -0.18346889804295335 2.3342856017564286 55 60 58
-0.11860040554600158 0.5615813339127105 1.9919744858466653 90 88 101
-0.012967658626540677 -1.7469288214628087 5.10212311374441 167 167 164
-0.2243320043864327 0.29347034433403857 1.830969915956796 186 176 172
-0.07069445630020367 0.4342970297222452 1.8858390922271557 101 43 12
-0.39078408875002907 0.6071183824995418 1.9647750349926507 194 189 179
0.0010962274519572067 -0.2891729353258247 2.4822402167232442 127 130 137
0.25680485073676235 0.12243572696114387 1.900779867219083 157 155 132
-0.20336008002794578 0.4511151941766318 1.9380228819521543 204 151 99
-0.13373290198333895 0.44964801634114027 1.9127330044637922 209 135 84
0.08529732115190873 0.4023413695534378 1.8800870468373687 188 148 112
-0.15290075156287877 -0.11023466461124741 2.231803046101935 31 40 36
-0.09652325729177168 0.4878831181745571 1.927954311947348 87 50 51
-0.8067903254191007 0.21200553826636714 2.527324124866102 185 183 177
-0.32991289457668305 0.07722928159876649 1.9814125620764151 32 35 46
0.1569918167723377 0.31128114684566693 1.8421513998763301 161 142 128
0.2748609272588984 0.06061044896101364 1.9670869551841081 188 197 208
-0.2618666980492892 0.1274540371885044 1.9038967752666727 30 40 64
-0.10311583904114961 -0.12659281931654093 2.24432857478273 58 65 61
0.02014611539728596 0.18036694192701944 1.8247690662635492 32 44 59
-0.025859326384363623 0.35572765565993236 1.8260487756455712 139 123 112
0.07789966994508765 0.08379267160195202 1.961256033324755 172 111 48
-0.2681984219491836 0.011289510883447386 2.062775895386526 205 180 163
-0.1911939086591575 -0.24111527595639184 2.409276994258401 153 153 142
-0.30511647014905907 -0.20228611594690124 2.362620931250799 45 52 67
0.07561065850767072 -0.04220161024400849 2.1169502252839196 168 176 168
-0.08541715926565535 -0.28161064488953413 2.4436724921943 117 124 134
0.4422815824167159 0.5496921557553476 2.0109837050390302 180 170 153
-0.21087455781362643 0.549273765956969 2.0153360548871846 88 84 96
0.09209960407393025 0.37631476799833213 1.852678884193846 155 109 71
-0.3457735773109268 0.10825980158238842 1.9417375455759351 59 69 92
-0.30613891054617665 0.17208420915170378 1.7934662974943403 150 159 185
-0.37330542897335806 -0.019215346844565745 2.1093774890377652 184 163 149
-0.5562885585946903 0.5599455535314788 2.0492221355233706 193 191 186
-0.17691230281920972 0.6157015029098756 1.9559469058210408 187 185 179
-0.13827370034232403 0.3692073936417782 1.8544131752511381 126 101 98
-0.1008530616192327 0.4736980034377201 1.9228844708325952 174 96 47
0.19721836975572465 -0.13440292826086697 2.2519530819625193 246 166 166
0.26151497188443684 -0.16264475605056555 2.2874143535045697 206 210 213
-0.4322228240183159 -0.08501951021012263 2.2002613103511166 150 152 143
-0.23805912179498626 0.28817562979931455 1.8188080986934927 153 142 136
0.07192493388471209 0.1865358924836161 1.8119502444891915 171 164 132
1.3572641075512026 -0.63928425944467 3.6159588128708697 191 188 182
1.1358784357801086 -0.38643461898509907 3.2426280122216706 171 166 155
-0.1362047649139681 0.46976550100477105 1.930242676435658 173 88 42
-0.2742306583922982 0.07920648992569014 1.9814310148067238 163 167 158
0.19057884064987507 -0.005694797658830229 2.066866489190515 94 105 94
-0.1853452043525187 -0.09774431902018811 2.217441726255141 154 156 150
-0.1834265950530858 -0.27222086049909594 2.460632115706326 107 119 134
-0.4752885314466343 0.33812315888274497 2.131687733276316 144 105 87
0.2297719343793898 -0.042742527138736774 2.125352351828856 196 199 188
-0.39323406916756354 -0.09825408203396742 2.224073900405483 209 141 110
0.003575260416456041 -0.057413408097552486 2.1571925590642387 135 142 137
-0.4813175660589914 -0.24215842869845333 2.3741534232171992 163 165 170
-0.19336789000965107 0.2970784707821438 1.807376218982586 189 181 176
-0.4614618933963737 -0.2204386641006706 2.3790771444334817 41 60 119
-0.40909430801818325 0.039522916864834806 2.041746699357395 103 109 126
0.27183300055495585 0.03481308709078861 2.0124177709774878 19 34 61
-0.16757949476674894 0.6243387689539064 1.9321709453646 190 189 186
0.02976935823322342 0.1567753143054484 1.8523033402759075 89 100 115
-0.07598513183476188 -0.19620058295518925 2.345450307096539 156 42 55
-0.4406163522460323 0.037242813225171166 2.0318902147612685 149 142 112
0.24071925358087606 -0.2055750740471232 2.342267139274035 172 172 163
-0.05065322148446874 0.4090294043424047 1.8661190199097655 48 52 82
0.22344237072261416 -0.15996363309422987 2.2875249846974484 188 186 174
0.16673384114393622 0.3868106424859791 1.9062956260143462 179 158 127
0.04740120257807007 0.382648207550426 1.8473924423061754 174 144 118
-0.13017290927440042 0.12014143535774752 1.9218742827203072 147 149 139
-0.8078852286677765 0.20273223678463026 2.5273341014920794 188 189 181
0.09936540317604829 0.5526112676370987 1.9958932370019804 116 100 69
-0.1919899872619455 0.4398506654233179 1.9239891078170395 178 108 64
-0.3543098094688662 0.5480682226691166 2.051365028366454 185 177 169
-0.2058532697575671 0.29517017786464067 1.815043116701677 179 169 169
-0.23671147250178706 0.46186707204682326 1.9614052698748177 194 147 111
-0.07264167074660977 0.48325568026104504 1.9256008221079437 107 66 64
0.21387279613296 -0.678753013747691 3.734570730606658 194 191 184
0.39242134210354235 0.014513016715320879 2.01178598899828 52 64 96
0.36299162923334105 -0.08459140699893206 2.1654179595481846 146 155 166
-0.29852463211505037 0.07815529764121863 1.9775952373765575 180 182 172
0.6490882916714004 0.4679409886034945 2.1035947621991635 181 172 155
-0.23481086738645948 0.116202257852364 1.9379326684017186 187 188 178
-0.32331713601662804 0.3119530372634018 1.9036717850830072 202 128 117
0.6000238532445094 0.41646861965104903 2.1604327620333894 175 164 147
0.4884800058414956 -2.014307966006867 5.4397428199941205 75 71 66
-0.267534325432866 0.2810143763013752 1.8396000257790008 111 106 111
-0.24798518225598645 0.5399067927828014 2.025992699610743 103 100 109
0.044739967921964253 0.06944189104382288 1.977548398432535 209 128 73
-0.13276419902342865 0.2685097919439847 1.774599614180438 122 104 99
-0.04473833563499322 0.18315153498418782 1.8170496373037723 20 26 38
0.000512879079585931 0.19401159917687275 1.8067531680165032 164 156 122
0.028853952616446143 -0.1105640654358927 2.2166302409618748 126 132 128
-0.270677931354933 0.4629308475291361 1.975484143363832 186 121 72
-0.15340984427675627 0.10110429267902976 1.9418964508484085 121 122 111
0.30355894155763097 -0.0038472851726511644 2.0640251766110875 148 146 133
-0.15812177537806987 0.1266608106871726 1.9057629951540018 124 124 113
0.6119314814446053 -0.7205657824518579 3.7432744076039883 187 182 171
-0.12824274126510105 -0.26439178302487715 2.4446071879435674 154 135 115
0.021160343345842176 0.04735784517801467 2.0161668404751993 202 150 97
-0.3074606388771716 -0.2238970245656271 2.3935039456515255 83 94 113
1.1750379654001026 -0.6329989259715678 3.592493682271586 192 191 186
0.3256567270756836 0.011720677080584895 2.0365740653773017 81 85 93
-0.0172124074132961 0.6174955440254134 1.939457097239486 188 186 174
0.1149092229052082 0.1669702250218315 1.8377708821133059 119 117 97
-0.1241581496300628 -0.09554908109641493 2.214490695070443 83 84 78
-0.14867154900680335 -0.1067074788535537 2.225761099146412 61 69 63
0.19668233581696393 -0.030821413553928523 2.1070316430403815 135 140 131
-0.15284711546846091 -0.08094563059261982 2.191148619990955 183 184 177
-0.18346882742419363 0.16437126839629396 1.853915881527861 42 51 60
-0.39048370688607587 0.027163411121752013 2.050028882782567 82 90 101
-0.2931690911636343 -0.12327673924730707 2.2557025929700845 120 79 15
-0.1539778405406026 0.11096215205682058 1.9254043645842762 152 154 144
-0.0744211280986975 -0.08676154903789868 2.196694333457189 64 72 72
-0.5276437685640083 0.10670740369042378 2.0997833181547767 146 141 140
-0.26955813035801496 -0.16561084220809902 2.3147219013282485 62 67 60
-0.22260879515532755 -0.11358834520604025 2.2399041571467895 185 186 181
-0.3984156459968125 0.32729015019053753 2.0019787774150255 160 117 95
-0.34542877554470675 0.24626089955801278 1.8773455380258095 151 135 118
-0.28253578698597687 -0.21511731026476189 2.3781666496417095 39 45 62
0.1326301728444357 0.12076708414191989 1.9017873765715492 162 118 83
0.00831064097551992 0.17455311360693623 1.8334755178232225 146 156 174
-0.3038458723659962 0.10290439149769315 1.943566583353659 52 53 58
0.18760627723812504 0.11999126497696917 1.8992623169530798 160 128 107
-0.08906188323616807 -0.12308840359895837 2.243354059633778 83 87 81
-0.1184804921488882 0.4015456617717802 1.8747043495051163 190 134 88
-0.44893224142372645 0.1415752621777159 1.9344164336951692 104 94 90
0.15462403770798458 -0.021740955993225827 2.0962946142397194 114 120 110
-0.39508708725616415 0.2996484628627706 1.9757082079458557 203 103 97
-0.33748319943690974 0.317080059066332 1.922692784009024 197 103 97
-0.24171177325148005 -0.12017740410362296 2.247192735874749 185 159 137
0.13919173071959087 -0.17421090989523066 2.3053986282997077 229 167 163
-0.4475820701103873 0.24288143203949614 2.011932956856659 74 82 106
-0.38018429270903015 0.3613861044648577 2.0018474827860566 118 84 59
-0.4268893907783323 -0.0225199819218404 2.1213337357195967 25 39 83
-0.1828054934795032 -0.1228263861600692 2.2484103571172165 93 98 91
-0.1952317675174805 -0.17343313596817492 2.3227241863338044 60 67 64
-0.011442355297405664 0.08955220735962877 1.9492230731268663 186 131 82
-0.35243239960933703 0.08418535978742399 1.9718642058403022 117 111 117
-0.29063694970354464 0.40947999563581294 1.956925880105901 170 147 132
-0.05411400732300719 0.15993011229866685 1.8520915276846939 106 116 132
-0.11864862101744236 0.42969383856619653 1.8923675466404175 196 143 98
0.13689383148686132 0.07581596071440802 1.9632247984585764 157 94 44
-0.42386998267792303 0.032305964295384425 2.049581810723111 38 43 55
0.007543664594391695 0.15142654039346717 1.8647983094643512 77 88 108
-0.4410124555822477 0.33934485553617194 2.0673786191500674 150 87 51
0.2662579603693167 0.0750087856587883 1.960385614985328 164 173 185
-0.4665091698834345 0.20396989424130738 2.017487097627553 55 61 83
0.16510735256437273 -0.045978250333229005 2.128674588306211 145 149 141
-0.4014938773772848 -0.06537925429739612 2.1777462722549963 31 40 62
0.21659627307082188 0.10733134368923103 1.9128667889475086 145 144 129
-0.3089318344509458 0.32230528691573074 1.9002932350045154 158 88 77
-0.2098738207806791 -0.18005716567594512 2.328359104684164 111 116 113
-0.22835968128896955 -0.22838929134322267 2.3985876651373843 128 131 138
-0.5150949805117598 0.5429509009211927 2.0635265217782717 174 168 157
-0.5342325781753161 0.3005673345007087 2.276088411482954 88 95 106
-0.5456031668917489 0.2075868143719787 2.2610539382552703 119 96 86
0.21779059814371796 0.11851966052761638 1.9006849020730192 146 148 131
-0.27186101330851853 0.13854391494523888 1.8910483826482605 135 144 162
-0.30653897725268087 0.5040583132448543 2.0235140783488945 158 129 117
-0.1373976835165846 -0.16321136841087683 2.304572196080691 176 179 170
-0.13964130569267452 -0.20046862418755912 2.3575698883000524 241 165 169
-0.20879926668359272 -0.13661382013156056 2.2710052103922203 36 41 36
0.11228622561258524 0.07656436115372366 1.963996208174868 207 142 88
0.32795828709473723 0.04732411502077504 1.9889620275880466 131 138 144
0.22152406014456855 0.033282478434356076 2.011060433222641 171 173 163
0.07148812461897905 -0.30347106560330245 2.486681474597729 206 214 226
-0.26680907992583114 0.4398743420290452 1.9613518835733281 186 119 72
-0.09946818814226618 0.060358926080875897 1.996640189793467 211 137 80
-0.40333215688839696 -0.17489975224311757 2.32725621799316 180 183 169
0.26111534811054227 0.10770937211807528 1.9107833411537174 84 87 84
-0.010531833790519763 0.014679371885026224 2.0539636845292932 195 175 148
-0.21200509021661382 0.43617776053867285 1.9313351920116888 189 124 73
-0.0233339676779585 -0.28749376217141065 2.4743774350406063 128 138 150
-0.08592670021008365 -0.07713713566333795 2.1847141182146235 59 62 55
0.16644462325555015 0.002040148008949374 2.0618289601776807 67 74 64
-0.5280295176981417 0.532669504236607 2.080696870251757 179 172 159
-0.28350785510273896 0.4971840177800574 2.014094695672261 135 94 86
0.13930551607126795 0.1341116867642424 1.882703576196784 164 106 64
-0.16391741346972627 -0.08948648308074839 2.203278221088744 169 171 163
0.051743976191317764 -0.2839217516695334 2.468439256873647 151 159 170
0.33919775028045424 -0.038182650605515046 2.1089939670912377 107 105 107
-0.13902071986873712 0.051104347889925024 2.007059195675952 160 80 33
-0.23330363410138102 -0.022732548845379535 2.1163128818636476 128 78 30
-0.2775457061309091 0.4873942344309024 2.0053552532092116 98 65 61
0.008599129370394722 0.10108437844912493 1.9354085243418762 189 121 83
0.1439993891821418 -0.1506591219972129 2.2713168718220027 179 67 76
0.3579146729811843 0.04439807986545976 1.9879414593376201 148 142 108
0.11647991159440735 0.1540135824915652 1.8559430128407 192 181 161
0.29644256327725144 0.07392052830141937 1.9514094658137962 126 132 137
0.22823056484277426 0.08930314530990385 1.9408536112642065 57 64 74
-0.392941907338538 -0.050638987733727485 2.16003971203956 73 91 130
0.03579382317918871 0.17393913452416726 1.8307937683661872 162 172 173
-0.28087180686597757 -0.11194285498853475 2.238370116363476 203 153 81
-0.4541270052899925 0.1329218541380542 1.9365272053022533 139 132 125
-0.43916981033578956 -0.14216590301922652 2.2857937649872238 142 139 121
0.11144631897525963 0.018486619599732385 2.041672119408432 71 76 69
-0.24120812823614488 0.5068299431606076 1.9936289784785461 99 74 77
-0.01798578731408194 -0.22592353468680498 2.3851799503753033 196 78 92
-0.22925516307206245 -0.1472714191502321 2.287558356025811 63 67 64
0.09837662956937739 0.1268116390770665 1.8946596951547547 121 75 41
-0.1998825713986033 -0.3071813888003194 2.4965758395701267 161 145 117
0.29857904496670895 -0.11091835724578501 2.211322063041295 174 129 124
-0.1453948776685448 -0.1376845490936841 2.269741745759174 200 203 197
-0.5133178823052931 0.08802349909994683 2.0319712888758135 82 71 66
-0.30946769046930955 0.4352315484235076 1.9925190856641553 180 124 79
0.013020083497550603 -0.22433918141972856 2.3833781290135687 213 167 168
-0.09403741922066575 -0.10479705063482041 2.217925665493508 80 86 82
0.1112060290843515 -0.21714536909559148 2.3623572117245284 141 140 129
-0.27730818929750445 0.11647582417679735 1.9227810809458887 123 129 143
-0.4593575204440646 0.26504412309600267 2.052071919493078 106 86 81
-0.502498256655036 0.5537501678173798 2.0463305142010086 178 175 167
-0.3963329688280091 0.019442083852322253 2.0605860402361524 104 111 122
-0.07186477477648091 -0.1147193112460323 2.236245913499911 86 97 90
-0.28975358448958904 -0.18761363631878744 2.342987527531921 164 165 157
-0.5382090997122938 0.04520829566465558 2.090622509889744 65 55 50
0.18063024144371792 -0.13408818505235948 2.244969703867892 189 114 117
-0.05255467035046333 -0.10363074841574972 2.2147540214723263 88 97 92
-0.15081292643757951 0.15459691823255553 1.868374595893303 30 41 64
-0.43432033873690545 -0.044469629543255805 2.1535575694978935 72 80 103
-0.427241011089682 0.009545783332422654 2.0786072593612572 77 88 119
-0.36237619127943893 0.3161909079989258 1.945848380277763 187 158 143
-0.3373031088847589 -0.13627099794904815 2.275416416766658 161 131 81
0.015287406106522666 -0.11620328587914008 2.233508575790208 41 52 47
-0.040053827813435645 0.14557693750760242 1.8772738229325023 162 170 182
-0.0331010643816023 -0.12989059087383592 2.253806315710423 197 199 190
-0.29945663986899135 0.08640845040844436 1.963942849333276 129 126 110
-0.3829151355836705 0.06378080263575192 2.000806485555519 48 49 64
-0.41155664952247584 0.053665893577717914 2.010829901471296 29 32 48
-0.4285295556125783 0.3989709850647696 2.0876621883876063 90 46 20
-0.3017814969372076 0.29514817433396523 1.8758646473295921 124 115 127
0.2820603735150166 0.011089553891256841 2.0450280126111133 143 138 127
0.37562017574234313 -0.1947648831339062 2.29946177631854 116 121 132
-0.39396309295937976 0.006495958314651232 2.0820219875095662 192 198 211
-0.05213669791918397 0.045113883785201314 2.009518917456226 188 105 60
0.14504573631530843 0.14794584354277238 1.864210091554956 204 190 167
0.10951627284164854 0.06602599750248407 1.975906890908859 176 101 43
-0.4393473932162364 -0.02893897287906796 2.1288277170376286 75 87 113
-0.03121112245859375 0.01047024105660487 2.057561429450659 209 203 184
-0.25876714661817884 0.0075783043136242725 2.0720207113096216 231 210 197
-0.05353576575177081 0.17623211929621121 1.8313850450085996 52 59 73
0.002503684026371505 -0.12238833956370485 2.236645978191187 148 152 146
-0.05615951972955899 0.1834039507023434 1.8206268399678667 68 71 78
-0.47294659303216446 0.18910475278219574 2.017203784018986 62 69 91
0.17459506422101712 -0.03935776634824054 2.111457225712054 115 119 112
0.16627419412861727 0.03180801981585373 2.022650981647984 125 128 117
-0.3482859958494038 0.04513101180908266 2.0253822945789453 167 162 150
-0.10772247939397739 0.15840098515245743 1.8561491189068977 50 61 78
-0.47420707277591134 0.13050784110460165 1.974546233471635 90 78 70
-0.28782152984853726 0.292223258549925 1.863300949146688 31 34 56
-0.34898530900485775 0.07238844491539861 1.988255035710551 43 49 67
-0.03794423317573126 0.1764306585653966 1.831592026382629 82 91 101
-0.4018753635810216 -0.011361202549286027 2.111407191473072 137 143 159
-0.24858275794649848 -0.16681957452449658 2.311771966856261 84 90 93
0.06156247258095508 -0.008511785200769232 2.0829469520412793 120 126 117
-0.5157805004710571 0.20070014970916322 2.128021202784942 60 61 75
0.21044557513736037 0.13144188017881162 1.8855706303568185 173 175 157
-0.14821209049423612 -0.14938938342542632 2.28469492417898 37 46 43
-0.4463162160727945 0.1725407575893664 1.9482199515150802 69 66 73
-0.30215029677897354 0.30620779260273157 1.8849890723510245 114 97 99
-0.14017645554162622 -0.12729764355965292 2.2550095415486875 213 219 216
-0.007857606930724676 0.1830012870365951 1.823368951890785 54 63 81
-0.2662134809386989 -0.22083008716815522 2.386529114274984 59 72 100
0.10875489207578413 -0.17639023493649858 2.307728402204437 210 142 138
-0.30535130946105743 -0.25052373638659386 2.420781049995622 97 110 132
0.37608418205680555 -0.10968506452027345 2.202962328485485 157 164 171
0.3357280537989634 0.03581137587542946 2.0032467860651013 118 124 131
-0.04191529044005277 0.15381596221872323 1.8648526196120723 71 81 102
-0.32044476877195865 -0.23833565624532102 2.416429972655821 117 126 146
-0.016477959316852593 -0.18947955454153417 2.3426648529028427 184 182 171
0.09929202279184823 -0.04834998279998247 2.1314520422734207 108 115 106
-0.37312803284755747 0.07914400139377649 1.9827465168076466 84 76 76
-0.11565326083322738 -0.32274596893906476 2.5119202175052746 166 158 137
-0.44777921074771637 -0.0935382385948394 2.2196151713943046 165 167 156
-0.4617098211958084 0.1711298955301314 1.9897176514549852 58 64 84
0.006429294993818967 -0.3272457081136336 2.516660838774607 187 184 168
0.15997676075778813 0.14049458260367045 1.871029104906205 183 168 150
0.07201038413022673 0.15041037686653627 1.8636244790562866 206 178 150
-0.3920321991765299 0.41554209442387696 2.058043141039539 69 55 70
0.3617557370482034 -0.008999274643051954 2.061855542582635 139 146 153
-0.0021834023252856652 -0.3127642492500633 2.502449004010747 69 75 86
-0.414543384271552 -0.07563163930905686 2.1960025257419082 132 134 125
-0.508418963676605 0.5648922482701232 2.036388447127172 192 191 185
-0.41413792086480894 0.3204010248629126 2.012086921746873 206 159 137
-0.010216804059479959 -0.15779918878704385 2.2912205843650217 150 68 77
-0.03379587681457552 0.1317048262804039 1.8939832288066625 209 198 182
-0.22983542081391636 -0.19810944632242086 2.350922041758184 86 90 85
-0.4790285846828745 0.22952869156133768 2.068176319952694 68 62 67
0.055846430780760216 -0.21401891221965735 2.3643113392921076 203 150 153
-0.03572641195656355 -0.05149667443530177 2.1472801910370345 54 60 59
-0.07583754423513246 -0.05563032419534206 2.147841395548141 196 199 190
-0.4669932015929381 0.556632071568244 2.047204244505598 198 197 190
0.06914488024416694 -0.06386951887790097 2.15624609582123 111 114 105
-0.17204219787961433 -0.16136922954106603 2.305352314046781 46 51 46
-0.43793516141011163 -0.12745851679240006 2.2681109667314883 179 181 168
0.13557494992534733 -0.29473085279735717 2.467423520973274 131 128 126
-0.31791194070703355 0.09424445260097268 1.9539735619486165 134 138 149
-0.41559486948598745 -0.0934536154938753 2.2137514977618213 216 190 174
-0.4461755187345744 0.19464431115992534 1.977556355980382 152 146 143
0.1912511483881987 0.03213516941102276 2.02123945823498 212 215 205
-0.34949674789642377 0.062353505906797745 2.0031390582096447 129 134 148
-0.4523872346632324 0.21218275051232557 1.9992393765493275 52 61 85
-0.3881751438918259 0.07501233790149914 1.9964706689234717 52 56 73
-0.17928952632158837 0.14135289896556308 1.8847092600764805 52 53 63
-0.29443138549051506 0.10861412580298278 1.9326664756157614 35 43 65
-0.05100673041721643 -0.24277915864851635 2.408402195012206 157 67 75
-0.04934189051493722 0.012644315798223145 2.0584397432066712 168 166 153
-0.3256909759200153 0.11290310812284107 1.9294534410310777 86 96 118
-0.10203318818618336 -0.09693596341010037 2.209272128501804 112 117 112
-0.03397490555834322 0.648554405458604 1.907415358900812 194 193 183
-0.7374688652272815 0.23728322259681678 2.4856383386351233 188 189 181
-0.3868814859201762 -0.014716853309502976 2.112855464724115 147 145 133
-0.42266515303857993 0.4399619405858879 2.119901963636147 110 66 55
0.02461393639826274 -0.1767339150090628 2.312635690586893 253 183 182
-0.41975170719952265 0.3364911562268239 2.0378409766175656 138 89 48
-0.3670011707779713 0.28418016468876445 1.9297611454883787 194 185 189
-0.3320191636059198 0.10300894171811882 1.9495144864023364 130 134 145
0.1654928884915818 0.11424222402817298 1.9104787719887302 128 81 49
0.031130795052717458 -0.2967208648754495 2.469385951739942 99 111 136
-0.35476885615949405 0.014202107405063663 2.070955848447406 151 150 138
-0.39175641608143835 -0.15701108163609975 2.308954180284527 208 174 155
0.1340675123135225 0.0287000653877691 2.031949051869991 139 142 132
0.20410180768669528 -0.05905883585986943 2.1401616740685396 192 195 186
0.2763423433732994 -0.12643841979515216 2.2287506488394007 204 172 171
0.29710981020117827 0.04837243221867849 1.998188230015507 151 156 164
-0.4525203541182168 0.5334980008659083 2.0758012540045137 195 190 179
-0.024765987293194458 -0.06865867070963343 2.1678353151257252 79 86 84
0.058516173974853536 0.1609342943172884 1.8473696173057093 177 179 165
0.11587456320846258 0.05339514641346468 1.9957919908903015 193 127 70
-0.2808192920194897 0.12483157486609324 1.9137930417555 23 33 61
-0.3378369079451693 0.08203676020815134 1.9681928666042825 68 74 89
-0.35322348360280226 0.0012921877017295423 2.087441320114398 223 195 171
0.10784545547824062 -0.31534557215198755 2.492623429263346 164 160 145
-0.3969801990666464 0.42220700583996285 2.064339407015466 61 52 70
-0.31108584762304625 -0.11048567634643751 2.237530647024407 200 167 108
0.14128828898209023 -0.029528622392808127 2.1053922227019912 131 134 124
-0.4025201145670259 0.22493670251224981 1.9256588598546875 175 163 156
-0.41979570053398024 0.026410677569350123 2.0580166860410247 143 148 153
-0.4545333491290267 0.5487723156491385 2.054460500143266 198 194 184
-0.6572351503833483 -0.03813472372032559 2.856916541763702 188 188 181
-0.4374782119927638 0.2982353436662866 2.0290354950417777 38 35 44
-0.2684312708487438 -0.24817215877225085 2.4255719708136985 172 185 208
-0.16366521812976928 0.17437086732696003 1.8458090869165422 171 182 198
0.09080423218603849 0.1620775702523918 1.846339588121955 176 178 161
-0.2953370457168673 -0.08638511752826564 2.203185925600892 203 134 78
-0.45743565017965093 -0.08524232297204366 2.2120125710033585 148 148 136
-0.13841087815697037 0.06670720141678514 1.9887184556559012 218 139 94
-0.38207168478434406 0.23779543838632475 1.909817655042921 168 157 151
-0.12647423481088557 0.0932110493830709 1.9511040538673057 226 186 157
0.30394941611205023 -0.19416657250774436 2.3181775497861916 136 151 170
-0.7512578589888473 0.2671367610134891 2.4467388971026502 182 178 166
-0.11557561703467194 -0.2647014512014208 2.451135744809694 156 124 102
-0.22037491765095202 0.5970719544142828 1.9839209982694954 197 190 178
-0.05786927342620651 -0.029354563536430768 2.1162359440065606 169 170 162
-0.40571108176895965 0.04595293260668168 2.0305892936748564 146 149 162
-0.46442729924491266 0.19451610314983153 2.010360757773281 55 61 80
-0.43805380649119435 0.5975589438924 1.992339582507799 196 195 189
-0.37797692014892553 0.27323804722467543 1.9301475093391693 41 40 53
-0.3982408022688662 0.2683262861598622 1.9531167809425958 139 130 133
-0.37235822796958623 -0.03576636398413462 2.139181425480271 129 103 85
0.00033678726805900106 -0.2693111306908411 2.4368446935808583 160 157 147
-0.40990057553623044 -0.015237078430466277 2.115029384109306 30 41 66
0.16242135912011796 -0.15551196982495902 2.27768203436811 211 130 132
0.18933959088125088 -0.27314437045756007 2.4342553178304915 202 199 180
0.09849907150890053 -0.29086121353287625 2.4682522168963543 98 112 134
0.15726938125352044 -0.04968760777470593 2.132264000171804 187 191 183
-0.1438753812428592 -0.17997072200673628 2.324120356051452 171 162 133
-0.11374755210891377 0.18148326011386207 1.8279697756752078 45 55 73
-0.29394319396643276 0.1204897591808061 1.9228654981905593 122 125 143
0.008422463867075815 -0.0952176225679167 2.200640988604693 27 35 31
-0.2941316241678099 0.03704025655840851 2.0370755244024754 104 104 95
-0.4427312414633901 0.19765071857357921 1.967843366052876 154 147 143
-0.36718946517525614 -0.014331347045019623 2.113152919974415 217 176 153
-0.1282923955209548 0.15682224045661186 1.8617500596123968 57 64 78
-0.16661025468946225 -0.2005168111421746 2.3524986076076106 212 152 147
-0.505119613940199 0.11901662493607784 2.0190047433247553 80 86 108
0.11206802671382192 -0.06996408601464636 2.1641989391916816 81 85 78
-0.4743203653868678 0.1979231487274021 2.0263812233633156 104 109 127
-0.027466251187519043 -0.06134318399943214 2.1680113801621443 36 44 42
0.05102766803671264 -0.04954451729659194 2.1404859954296107 73 80 79
-0.3842951551276251 0.2701741392479164 1.9444065740425052 25 27 47
-0.24509683971465943 0.12976642203403937 1.8983496515532978 65 77 94
-0.4044582848527853 -0.13703155833769817 2.281579059123683 209 144 112
-0.40434393866856577 0.26948047913425716 1.9625853746826891 43 39 50
-0.4241848604707392 0.21046104427873355 1.951256712328538 174 167 159
-0.0062189376161045735 -0.34493029421445204 2.52376051199504 105 121 148
-0.4047291711566468 0.22409502621046126 1.9397233285994286 177 165 154
-0.22229348255584214 0.45251749736333025 1.947903229333365 149 89 62
-0.5499241416949944 0.19563716443902596 2.2796599635106394 127 100 88
-0.32682690712189655 0.048773478853339075 2.0223441804473707 120 114 101
-0.39956115432030637 0.22705011338076744 1.9183384816729656 152 143 136
-0.22563360113418987 0.0025714508411491493 2.0783140771061275 200 120 76
0.3276437101120837 -0.12963267545121904 2.23499883037226 110 120 130
-0.4154572940732594 0.06464700506947282 2.005220580499783 144 140 124
-0.3942944615298057 0.05031043105909294 2.0231048143687467 61 67 72
-0.35944797743566703 -0.0031857079129996883 2.090517726044669 197 155 130
0.31762609920866375 0.01278880422901339 2.0396890136378976 187 191 196
-0.21663940099826748 -0.27430071289335856 2.456410859507346 195 210 233
-0.06014448182715283 0.07490932961229863 1.979139781366804 212 164 113
-0.3792134726703716 0.2852687351536862 1.9392668327684182 183 116 108
-0.1661973896067827 -0.04318827278813607 2.1397936745787804 183 147 118
0.15844678847167248 -0.0029726403774669547 2.066658773678875 99 107 99
0.2627915331398725 0.12443220512227364 1.8906813207013276 150 142 103
-0.07726005389270915 -0.22795994842294126 2.3888273529331205 209 165 157
-0.41950746467842354 -0.15734718795602434 2.3042741629425363 195 197 187
-0.3795769255745135 -0.04256163998975497 2.1504830639615156 39 48 66
-0.06872042709522827 -0.31232889178683715 2.4900664335179696 136 144 152
-0.08227026060955867 -0.3082710353558532 2.501728437279417 188 195 206
0.2066684749549555 -0.25398002397379843 2.4095253284299996 182 152 126
0.33583016845434593 -0.16996654305028874 2.2906913815596535 93 105 122
-0.2403588173186046 -0.1760636136392518 2.3184421999267024 21 27 29
0.10283607564079326 -0.0746072436158395 2.1757648427672738 179 186 179
-0.3906459131415883 0.3402411458751327 1.9977755937916837 106 80 77
0.26868841767494706 -0.13804810121405356 2.252691153955491 197 196 186
-0.49425561380163613 0.5661678255696737 2.0360827429847426 199 200 196
-0.4426575681962752 0.32087075100837886 2.0570355557012077 170 120 74
-0.42300961629180517 -0.0640013933299894 2.179850112656402 65 77 98
-0.04475318541288367 -0.09967366735605791 2.2113641739757774 72 79 74
-0.24660747869461688 -0.04149877678137808 2.1414085876147686 171 150 101
-0.44992932420580756 0.19154068157138399 1.9827144179085743 141 133 129
-0.22967330870300076 -0.26611732672534333 2.4499063517101964 172 185 209
-0.028266687546862703 0.01939769190602126 2.045917103069519 207 161 125
-0.22506969626392728 0.25797969630525786 1.7824437147205712 118 104 105
-0.32998196606874985 0.06055961710570509 2.001494483708202 106 101 87
-0.3673128650231722 0.18431973529148496 1.856543743218939 48 60 94
0.3305737317579948 -0.12013580346582002 2.218232299421955 118 121 130
-0.3490666903356781 -0.18737717183990246 2.34293459251659 36 47 74
-0.4096305768146745 0.28513302569343585 1.982656323984208 114 107 108
-0.3878126840471397 0.06851953800310909 1.9935512411566843 170 170 172
-0.10311684355844009 0.11313332621631189 1.925715680772021 180 141 119
-0.11816243357952153 -0.20685251195567872 2.362410769715125 233 214 198
0.022966622371987162 -0.07599049672139424 2.175490338088195 58 62 56
-0.38229096812446156 0.11400513168479556 1.9461279503967304 68 73 107
-0.6338998722349817 0.39415821063849055 2.284033187594605 183 180 174
0.16520791964369863 -0.2574371917203346 2.4180149983758756 182 138 117
-0.20324672625297563 0.16797984993147344 1.8575421516159636 22 35 59
-0.11139939151166234 -0.20463640529331303 2.358038809495967 157 150 122
-0.12511737397532424 0.17479823387070823 1.8437884737622736 48 60 73
-0.5530863418638032 0.15594815154450967 2.327128606520511 115 115 113
-0.5516797082266777 0.17580216339235036 2.342350589332667 82 68 54
-0.5520298130318269 0.22136263159131958 2.3402055310919714 102 107 110
-0.4986793750110985 0.016918244716165733 2.515566110383932 45 43 34
-0.5515232109846905 0.09302714286109993 2.3269579643825233 61 57 52
-0.5390680272461672 -0.02575684383009317 2.3380851379477003 84 80 78
-0.5494849225572888 0.03568681981947808 2.2994096413895693 156 148 141
-0.5347107668943927 0.14195460415101957 2.1731704912168364 87 68 63
-0.5330477393393314 0.1305010121752778 2.148264485019986 132 141 147
-0.5484171624168853 0.06624925815686128 2.1989775412017902 90 80 66
-0.5349471597731377 0.17084282600361042 2.17682223129205 50 58 74
-0.5347263272909067 0.1300471295524873 2.166843767763523 169 167 162
-0.5372279746590923 0.11981289823753646 2.459420255606282 116 101 93
-0.551243821926228 0.03860616788691857 2.2423095602796694 92 78 61
-0.5376832731629063 0.027708300587936177 2.3775396226633445 143 80 67
-0.5333506445613969 0.1037456669156327 2.463924622181071 83 74 71
-0.5398116400006681 0.05932638561078528 2.092405002922492 160 159 164
-0.5420206500131787 0.2058657922590478 2.247095910161974 96 63 45
-0.5501566144985971 0.23898771057677426 2.3263157581528273 85 53 46
-0.5152427332128235 0.03759379024637375 2.008250934630664 60 70 94
-0.5509664942179158 0.09758962827044744 2.238863335595077 59 57 54
-0.5371939072192137 0.02696769705797433 2.3971696418265593 116 75 61
-0.11297926415495134 -0.18896212404984541 2.3359981050902343 161 37 53
-0.11832236128895142 -0.37707582733009265 2.5342747246116186 96 113 170
-0.5467218238577928 0.026648761022147388 2.3323670000604766 108 97 82
0.0643830387645037 0.17448316202019587 1.8282220738590789 165 168 155
-0.5192526845584643 0.014172858469535466 2.4573491215103 123 122 112
-0.5356219922206895 0.1143069522553287 2.1351342887925098 73 70 71
-0.5263515893899822 -0.0703573499167605 2.365312210558349 142 144 143
-0.5384606761862182 0.16095998630972178 2.186826771653931 126 110 80
-0.5367329312293431 0.34409717515734856 2.3067591909344056 71 67 67
-0.5184665265548728 -0.042966915955108015 2.4142780199642346 166 155 142
-0.5463405805832431 0.21222084231965618 2.277418026459004 76 71 68
-0.4928452810776335 -0.10070736808684272 2.451795835809886 104 73 61
-0.5488275279646367 0.007171222991739913 2.1972639046154576 124 127 127
-0.43158487119026695 0.3642347196158892 2.0715706644663334 175 138 99
-0.5506506863948153 0.045974613317639704 2.2819612180056406 164 160 155
-0.5495906174141021 0.02053815706410187 2.2345111873966808 93 101 98
-0.5502549343120963 0.045396703219341035 2.210698430506381 132 123 114
-0.5515640068936766 0.13417443065380494 2.3178380706577646 90 80 74
-0.546692581900338 0.23577099658307824 2.371569420192616 109 114 121
-0.5495314285422951 -0.0025496051425616725 2.2112356396610306 122 125 126
0.20680777663051958 0.15803024556840148 1.7956983823558887 41 55 105
-0.5377541147835526 0.04064409283560152 2.401987802567744 173 132 109
-0.11398120545553445 -0.23444041921565797 2.394948314443375 180 82 91
-0.5452661730946068 0.07572806462560325 2.1685089928305072 109 107 93
-0.5501233754646606 0.13971064756358767 2.255894641986731 97 75 48
-0.5295767672410961 0.0037916479889498183 2.4013723171284407 141 98 85
-0.542421950085609 0.12529040733582578 2.439923147875245 76 42 21
-0.5482190219335971 0.08882403228425718 2.215678791239764 176 152 139
-0.5475166983139322 0.010438053950037883 2.3047044685352036 89 78 69
-0.5482280401459058 -0.00968679903115514 2.2659552177227575 131 132 133
-0.5445349267253009 0.11352531993177851 2.4130930678989433 157 109 76
0.008993109051679065 0.19215604841099845 1.7546357587770838 54 63 101
-0.5354753402291772 0.18718541498007532 2.203048550531052 151 134 117
-0.2131105730570635 -0.01697082855398655 2.1143961639563202 171 101 59
-0.544773079542466 0.05411368228638583 2.3637020915824793 120 110 99
-0.5419072471559979 0.0063501995016600485 2.3361896306306407 136 112 73
-0.5430536058417883 0.14020700507229322 2.1850539349600324 93 83 77
-0.36637309813127356 0.48648554970285485 2.0796008311327165 103 72 72
-0.5488175203434874 0.024569494013505878 2.284220975720989 87 95 98
-0.536735293524625 -0.09587116721001503 2.2894005505005963 73 67 65
-0.5488398486001452 0.038530348720397095 2.1846938216153644 120 115 106
-0.5110696672582237 -0.06503386553956975 2.4128474656589676 109 100 95
-0.5442475063708292 -0.01445136685903931 2.3137283967463445 133 122 110
-0.5336919918734322 0.15492079947193915 2.1645138060824287 101 102 113
0.3436436053589074 -0.10554070991298012 2.2133352950658196 162 154 156
-0.5454556218618152 0.124157924163895 2.207215191998837 78 64 51
-0.548175126534076 0.2613042998749473 2.3246392064906214 91 100 105
0.11266876792767418 0.17422094705001887 1.820507196599771 142 136 106
-0.5453596148623052 0.06740229349116347 2.181856443326839 116 94 65
-0.5026503340048518 -0.07688170752846038 2.4427486807332373 110 77 66
-0.5513509695781845 0.20724356048123457 2.317832213881867 130 134 136
-0.48185273010735713 0.3086363669194109 2.1214520757363173 113 72 35
-0.550440513629902 0.029512069610174087 2.1965991888396035 151 142 127
-0.5223775807767583 -0.008238620392901075 2.42194919221032 165 156 146
-0.5448323238417719 0.04893889893030782 2.161719737478535 85 85 81
-0.5005217880937685 -0.109437740382707 2.4139282928927486 94 84 77
-0.5502971394586533 0.11020689514874973 2.3008018771565752 109 101 84
0.37424855234267435 -0.09799026670535962 2.1835877797186107 147 150 155
-0.395965402561883 0.4031166012149817 2.0508314237613234 121 65 44
-0.5440593715914931 0.235831937735171 2.288283155681498 120 127 132
-0.527823588496319 -0.05698488780114658 2.3585215645747324 79 61 47
-0.5391272226063377 0.19318678943890022 2.2266753281572993 59 36 18
-0.5357811940243119 0.07348672870050282 2.423490720021903 145 104 83
-0.5355912366491272 0.07645476174335723 2.1189148558694924 118 119 118
-0.5361037778028099 0.2215360443713316 2.2162289317688293 130 116 113
-0.5292433618946049 0.34280857149046745 2.2762927270579967 130 125 121
-0.318280787289972 0.38433843779538446 1.9613328521320992 96 78 79
0.13294397977410236 0.1842615751046873 1.806871818638484 113 124 144
-0.5413771899143568 0.290876987775256 2.2918753989728713 115 115 117
-0.54343571593699 0.04330817700225967 2.3624860836633723 106 90 82
-0.5443463966049875 0.05749133250205397 2.1864656672065417 70 58 41
-0.5492297903678385 -0.01102413745499732 2.24101380303563 116 119 120
-0.44732540202008314 0.3496384386529639 2.0904386006944975 82 49 18
-0.5489968483113618 0.10618095315292746 2.3604502036831394 88 75 68
-0.5490959269571768 0.0649095200785182 2.295261944416445 120 105 93
-0.525363596400621 0.05412271437390971 2.4589217245131154 165 166 160
-0.5157226815683363 0.0926943052178153 2.530587266130541 67 66 55
-0.5464847068854216 -0.004864173050780033 2.286079346382747 143 147 148
-0.5486824312342441 0.20171765406805042 2.3418853831852395 105 100 98
-0.5446001136005281 0.173237520123619 2.4726630968767074 67 70 71
-0.4717453103147972 0.3500315197460903 2.137241771447643 106 52 32
-0.5168383218123315 0.04113454039069596 2.466016539389398 158 157 146
-0.5444364406313714 0.13906724001725337 2.216159002693306 176 158 127
-0.5487169900921727 0.04797283768652585 2.3133164512853024 150 142 132
-0.53437510064416 0.09997970089793103 2.124745405573352 88 87 87
-0.5386565788199488 0.12098686431032278 2.1714320335853725 133 134 130
-0.5406713748629532 0.2512788207617877 2.263199034686643 70 52 43
-0.5311328413669267 0.0077586855810613305 2.3845538434743805 161 100 70
-0.5514624309281082 0.038101779235866405 2.2615066507002806 68 62 51
-0.5222695307005654 0.22397543766103706 2.1683004946877347 58 35 37
-0.548119203141125 0.14158853167782073 2.3894209820369676 96 104 109
-0.5369569006532778 -0.06394714864520706 2.3159421956884163 73 75 76
-0.17920969166398212 -0.2593050709985953 2.4334683328294107 169 170 161
0.06810542450976702 -0.04345459286626032 2.1256582135582516 89 100 95
-0.5076401531909829 0.1696379828751956 2.0859136592974417 94 102 126
0.3161020497151655 0.058694758389484535 1.971401143305395 144 152 155
-0.5507348649608055 0.06915780371941362 2.285753842101236 101 92 86
-0.5502440320311301 0.16040290161216256 2.251006368255857 152 137 121
-0.5512173858149537 0.059073848451855926 2.2639085337558345 88 64 51
0.22216635694906686 -0.14438317229081427 2.2593216687046955 171 73 82
-0.5031468707191655 0.17382426841858378 2.067444803992939 46 52 76
-0.5199444803094564 -0.027785391191268972 2.433993321761177 120 75 64
-0.5491941061443313 0.08314306695338738 2.2522204622178403 95 81 76
0.1932234390506308 0.05284148474131268 1.9881315272418207 121 126 121
-0.5460971766750541 -0.1039118820421282 2.2394888436289437 51 53 59
-0.5493610259122411 0.032348546316787956 2.1293884637515608 95 94 91
-0.0870496775857291 -0.2557578955326439 2.426562668296789 217 165 154
0.21547838635127228 0.02530713331937584 2.035143018628228 21 31 23
-0.5554140019284107 0.2214718812445637 2.369873511047602 104 108 113
-0.5461469498224745 0.03840379998946914 2.1497006496891333 133 136 134
-0.5278402421502767 0.08043096043818498 2.4687342308461226 116 116 115
-0.5280903898180039 -0.1506926554938751 2.3034438944932383 36 42 59
0.34735118603350845 -0.060211129647325244 2.1433806221189506 122 122 122
-0.4729377441702347 -0.07297561366821911 2.5084997155449136 125 90 76
-0.5514270362537433 0.24677040953079357 2.3570484175135116 67 67 65
0.2058576577808942 -0.12649089669011232 2.2322084367481416 204 136 139
-0.40695607811635776 0.46298967778743305 2.1137802086403337 56 53 63
-0.25079960468740736 -0.09228343606086184 2.2081670701306426 217 180 150
-0.5237673288781824 0.02268684333005723 2.447486265035152 82 81 73
0.07513705559419921 0.11776269053427017 1.9074367745178291 159 104 71
-0.47135894906945186 0.3689461851337205 2.145870026497348 83 54 52
-0.5273229576309566 -0.03736851468309334 2.377603039650086 116 78 73
-0.5131647508296353 0.037244225053093244 2.4974752026400577 162 161 153
-0.5440030905190995 0.18405696718082304 2.2311783190720087 86 49 30
-0.5518363163317364 0.12464279496005456 2.329712759451525 94 73 54
-0.3475383448561442 -0.2170791101358585 2.3951830216931507 131 143 162
0.3109329844984547 -0.21149974517423448 2.350023522532341 113 122 132
-0.5500425053882998 0.11256835152342604 2.2396297191412704 84 86 80
-0.5308125915471844 0.14453715905897582 2.508861414037415 63 66 69
-0.5470719327825877 0.057694808810894865 2.2282397116979973 76 59 46
-0.5451805916612099 0.02086244919383609 2.351028458942385 191 159 128
-0.39951291495804947 0.1580766705211777 1.8695724616488127 38 33 33
-0.5391472746257355 0.10454588011613394 2.155209661601465 94 83 66
-0.5513593185162691 0.07862839632467661 2.2744371153758642 100 73 62
-0.40962652024515894 0.36270341016201335 2.037306530931046 146 95 61
0.22829165235493848 -0.2758530299746703 2.434389783449195 170 167 154
-0.5504676854084541 0.13120943372753618 2.2882095563341522 109 92 78
-0.13438947041462956 -0.2830470325170755 2.466618205994597 91 100 116
-0.023989328363125444 0.16828074459499628 1.8354934663679927 71 81 95
-0.2029642015482585 -0.2941913430362023 2.475991789774023 117 130 146
-0.5407138912072125 0.046416175179859756 2.383246728210141 90 56 33
-0.5506911252280483 0.18154640887441686 2.2812460790499016 128 124 113
-0.5260734455050541 0.5752822038454369 2.023707388446112 194 193 187
0.2697641622247095 0.06314906232631173 1.9741799798095052 114 122 137
-0.5553077251900934 0.004456518052918116 2.167866590546295 86 80 73
-0.3140991229649276 0.29462248262787233 1.8844861732640028 73 64 72
-0.5460466712028491 0.18984282219247212 2.383944131310617 89 93 95
-0.3720542711369375 0.19998689131228578 1.8678591100339574 94 83 79
-0.4628846254395701 0.2526561221834795 2.0581301072709333 108 85 75
-0.515866197262201 0.057951470765153716 2.5023371282613076 93 90 81
0.0056375612085769996 -0.03097185785629031 2.1125472832133054 168 170 162
-0.4737384404396278 -0.008437159843636258 2.549822897665535 70 67 58
-0.3607924842932988 0.022571121826140135 2.060283272104044 137 135 119
-0.4717513958528618 0.38368112792676806 2.146143869606798 77 53 52
-0.07408527544725574 -0.2886684285178814 2.472898638197726 145 156 173
0.30588421162713597 -0.01521915320632293 2.0596283582012553 141 144 147
-0.30734132940995806 0.22626090712933522 1.8244218536745704 112 95 91
-0.2692620929187842 -0.25875512482891494 2.451437045247867 83 96 117
-0.03836794523511264 -0.3062236569860361 3.199734536585043 186 186 182
-0.45119594930190976 0.30004997391893706 2.055083732962367 52 26 12
-0.5467772819191561 -0.0073955133308216715 2.3071263033094414 134 105 84
-0.52577622759922 0.02127675865602349 2.4307969191008665 120 89 64
-0.4334549913475605 -0.010510830092083163 2.1110043597944608 102 112 140
-0.4300798332573467 -0.0023655353023046134 2.0998187851018497 104 110 123
-0.3851898933727857 -0.05308900343541449 2.160655485623741 77 88 109
-0.5258449674390128 0.022955556093488944 2.7658057139754697 166 167 162
-0.5522666279367658 -0.050643261233028224 2.219811888165066 91 86 84
-0.5525784043787239 0.0920089648002778 2.302279357895669 102 101 84
0.07802508569759624 -0.15703845249363518 2.2848586283476506 180 171 140
0.21763204506850836 -0.30449909443285794 2.4583347128978783 83 98 126
0.1386816107215626 0.1990356248794187 1.7355717648246711 141 142 147
-0.5501578945684465 -0.009990582823399428 2.104483494630342 34 40 51
-0.4850675147659065 -0.0610969696939414 2.4900506910036544 143 101 90
-0.5453757199147006 0.06721422645141704 2.2423506650031615 85 73 58
-0.42144761772327666 -0.12818352835848484 2.2680100145149615 155 133 114
-0.5529086378311578 -0.05539755908638127 2.1745656427894335 38 39 44
-0.5524259367146407 0.20871245242354994 2.357533275156523 141 142 144
-0.5113303801642747 0.20230498309433906 2.12304140011099 39 33 40
0.04329208528726792 0.0537690651939043 1.9991956952253032 215 178 147
-0.5517599544181812 0.09400757520428539 2.261131449333668 104 89 75
-0.4973877722875962 0.20780391667568623 2.0853554144468474 37 34 44
-0.5515806353331738 0.005290788235772415 2.267728090557261 93 103 100
-0.5500878987876927 0.07479052401008002 2.226439429180244 83 75 64
-0.5204741974086193 0.24730368526293628 2.1859209019540873 63 40 44
0.3601814762136702 -0.4315254077184815 3.362287685804331 186 183 176
0.25922882895881005 -0.04348573926824063 2.12041243359934 162 148 137
-0.5492304623660726 0.11536219285182985 2.2684846930015916 99 89 71
-0.08241049591015091 -0.3445609602821615 2.5197183814903403 104 121 155
-0.012949363187914007 -0.025089125924214452 2.1071422860964453 185 187 179
-0.31758207078805334 0.1724740579514495 1.8016622973667198 90 97 126
-0.4171246261140793 0.3114024249117928 2.019777752345019 158 141 130
-0.48418681158082005 0.22242771115906143 2.071987397052748 66 60 63
-0.42261664999395815 0.29985796023555905 2.002168913217565 163 145 145
-0.2694612932519899 0.07932327147246739 1.9776127648523383 188 189 178
-0.4629266227919964 -0.09796763805435812 2.9165173794226 166 164 156
-0.5513777373131434 0.0596313056126668 2.2468843184873286 135 122 108
0.23954899446309283 0.7489863846573337 1.7732535259432813 191 185 172
-0.5375218356376682 0.2281297316687961 2.2513588337608335 168 123 102
-0.5029989786353963 -0.053861368920397126 2.4471784349523578 177 139 130
-0.05982050169154044 -0.2279743776830118 3.0607193192471467 136 130 115
-0.5720899130890463 -0.021695435369767098 2.8168708885169793 184 188 187
-0.389771001598434 0.547621355586857 2.0502898052202827 191 181 168
-0.47891820590162854 -0.11343904504195482 2.469280213973454 125 115 93
-0.545997685969997 0.13758569705493928 2.4243421638684652 122 115 108
-0.5450737470267247 0.07298142192053796 2.3677776827062513 99 88 86
-0.4451555785895559 0.39225482026816527 2.1168871744521236 57 44 37
-0.4396088871905351 0.21673535771322602 1.9847836727134374 53 58 82
-0.5425892855129081 0.1211573044353202 2.2983208420946086 149 130 112
0.24775962143877545 -0.09674189604147242 2.2072906629490463 183 97 99
-0.5384884876446133 -0.00932563171657007 2.3514589836313937 127 106 71
-0.4873202021130603 0.18662561779436945 2.052272153455039 91 98 120
-0.047416378183999894 -0.20943364182229818 3.0541852387650787 181 177 168
-0.5286426874673984 0.06710995339306208 2.454294299687201 92 66 52
-0.5116697267617938 -0.07669482540463221 2.4115766619785695 73 58 51
-0.5048603062304914 0.027198481602798367 2.7600806688184822 148 147 143
-0.5257914012379076 -0.05498869419753583 2.384856981944895 81 70 69
-0.6642555572545736 0.08919123405772743 2.676325862462565 182 180 173
-0.548446583219586 0.10160332777581745 2.225261364874295 158 146 137
-0.4195564204690197 -0.044775153455115665 2.14581295641459 147 156 169
-0.22081691509660417 -0.07941987592424853 2.885879753140589 166 164 157
-0.546427899097912 0.09367978675980264 2.3679828549311623 90 78 71
-0.3594000040030349 0.09581490623079941 1.9252298583293728 111 118 130
0.29013143261048724 -0.3773676070741308 3.2607331417867784 192 188 182
-0.13281535218428026 -0.1695794654731286 2.9956830665287155 188 188 184
-0.20446566289522405 -0.05033049124379592 2.1545861212994653 184 107 61
-0.21722879655549865 -0.06906968911074034 2.176286153050426 216 175 110
-0.5511601284508949 0.15234169393984728 2.344437612461579 105 70 63
-0.2434179903286696 -0.1579089572372838 2.3014706344318427 224 224 218
-0.5224965562550663 0.09544449200603014 2.500820456947789 134 131 120
0.1771440053358491 -0.2026770865452701 2.338106491439978 168 168 157
-0.45988043238024806 -0.05047239735463963 2.545568424268343 125 112 94
-0.5255077437886332 0.6277998987545176 1.952676160893145 190 183 168
-0.4732186826477491 0.6225548147983994 1.9508686952173242 192 187 176
-0.5522449495120232 0.630315168364113 1.957098614834099 193 189 180
-0.4826891261009442 -0.025850105683463912 2.5167180760385515 148 143 131
-0.5374639970244457 0.01389422811309625 2.3612773008901446 162 113 85
-0.5286567585207406 0.04937561566286699 2.437327992450869 126 100 81
-0.5512716668358263 -0.0008069518018808355 2.164039974542589 54 46 44
-0.4077518805419018 -0.009906594720478524 2.0980369820797526 140 145 151
-0.19637713852706307 0.15006661621847814 1.8724990484747028 61 70 84
-0.04137911490347443 0.018020952624729934 2.0540289233733726 199 177 150
0.3325172199008846 -0.10342917126563136 2.1969130214212638 134 134 136
-0.5517972389230369 0.605942958970575 1.9810101898869406 190 189 182
-0.5295678903385515 -0.012539687949821195 2.3856864317385638 132 79 57
-0.5407565511254175 0.07724535618892414 2.4060309720866355 92 49 35
-0.5485969546082973 0.10871471906659744 2.258580593720466 57 61 60
-0.5469395519929793 0.15846831624844246 2.2095256760742865 153 122 81
-0.7436556629425415 0.13783466514272832 2.62512255326684 185 182 174
0.34221589738861685 -0.16278161250367001 2.2795018095749353 155 167 184
-0.2794286136205181 -0.08279959068106099 2.9018988298940043 179 180 174
-0.5450023112739718 0.13236643222948172 2.4089389003324095 135 136 136
-0.4985930887858597 -0.014797414066698527 2.497118625814363 146 143 132
-0.3641391994958388 -0.16852317902179006 2.320515799792538 235 210 189
-0.5367506225878124 0.13610862426881432 2.150706755309105 113 117 127
-0.0070280828486353674 -0.1725802532837096 2.3105511104290493 193 185 174
0.046260020523426426 -0.19014895710638816 2.3273099316261194 154 26 40
-0.5522251734532557 0.0979292716025081 2.2918499208663157 136 131 121
-0.2048315528418449 -0.05573063996758241 2.8635888166569448 130 122 109
-0.5527999894734021 0.10482292886792036 2.279755970315565 112 98 88
-0.49253570728466567 0.1510740585764279 2.043687657006044 171 163 157
-0.05987487545768487 0.6139987740351679 1.9570853389947567 187 182 170
-0.552866989164494 0.06698967670771604 2.266217059102471 171 141 134
-0.5117524703585552 0.0058441609734154725 2.473705218001802 66 65 57
-0.5011414424535922 0.30996758147191045 2.1908315739876048 85 54 49
-0.4171983047199437 0.10573354362165997 1.9453858261111803 115 122 144
-0.40390426346897323 0.28291746871391443 1.9811774323247269 86 80 82
-0.36711098230963723 -0.19577339643806368 2.35295686035674 163 174 190
-0.509082349652355 0.0786720976549905 2.547069645402774 79 78 70
-0.0057793828391911805 0.1332651413630888 1.8863903845123644 95 102 109
-0.5426464430005389 0.20098004154359583 2.5019192599948514 79 79 82
-0.6775826735424986 0.20852355396393024 2.51729689213275 164 161 153
0.2932734983470108 -0.04009997844025578 2.109515418345786 176 177 167
-0.5300989727052087 0.18017351003979565 2.2441198001706213 106 76 58
-0.40368406656727934 0.0744124035602863 1.999515522745583 143 137 134
-0.06286773590945222 -0.23703640237100201 3.095352404016218 179 177 168
-0.421077995662263 -0.08837576478288099 2.9044051292334867 183 183 176
-0.18551914827319174 -0.26953972269396664 2.4487340041296504 210 220 236
-0.0846098758745272 -0.2687690965162494 3.1434201151567427 187 188 183
-0.5320492553776281 0.09005336348190657 2.151053411940958 92 86 73
-0.1522962779462957 -0.08967775141610232 2.2010606461516242 168 166 155
-0.35725308771726894 0.09744257197207509 1.9642045256952538 76 83 94
-0.5414664140858068 0.594815541729905 1.995356088017645 197 196 191
0.1016211674184995 0.6384555097050724 1.9242907273048462 192 184 167
-0.2162677079126583 -0.26203157734405763 2.435036487903494 91 97 116
-0.4923202377553026 0.6593510772186334 1.9290178684736157 189 180 164
-0.33594166483226273 0.2461692088192501 1.8497129936572085 70 68 76
0.28062499434255683 -0.011543457905493668 2.0673129420703606 150 146 133
-0.07678222517251022 -0.3801948907455746 2.5387173276253017 79 97 146
-0.4056051159853713 0.20217147462627963 1.8967163923119945 67 68 85
-0.5319027418710887 -0.0641890970111765 2.3339724635691588 100 94 89
-0.5224893387816718 0.12023120473032842 2.0725011264694713 166 161 158
-0.42183044165949185 0.1911790686835415 1.9316890827128474 78 76 90
0.4286477777469795 0.034417958015185046 2.017386031043257 104 118 134
-0.14282110008060975 -0.049631754325819406 2.1456533184745283 190 191 181
-0.1953833640830942 0.16689714667618905 1.8492598950277843 66 74 87
-0.21306499712735325 -0.3615448769155207 2.5147459557446883 74 90 136
0.9978240096708485 -0.577100989238723 3.5238699655602614 193 193 191
-0.5563065794927496 0.1649754874461824 2.352216136148472 105 98 91
-0.42950546140509066 -0.008347442504769459 2.0962042812212722 80 87 109
-0.5293338563484742 0.16105032039063352 2.139533506532792 168 158 135
-0.0383799522783568 -0.30335153480644383 2.4882977519151392 39 54 75
-0.43922459831963867 0.20114062473238473 1.9523563242829245 160 149 144
-0.49833487500527124 0.14478975357047047 2.0573019097279754 153 147 142
0.10319116356264196 -0.15222564763378857 2.275511708217327 185 138 132
-0.5423706208547837 0.1726153577573925 2.2481463710015266 122 90 70
0.3353971899923118 -0.026615917598665266 2.0935995243580834 125 124 121
-0.7241204609654379 0.5013217360823017 2.1416056166817645 190 184 170
-0.49350526089599955 0.32739823078347513 2.181730978194005 69 35 36
0.043143728710598996 0.19693731156224928 1.7393554302296241 53 65 101
-0.5024111113486545 0.13878964578056377 2.064919756375531 160 149 140
-0.5538280972421837 0.20183822108693875 2.388675361454091 104 113 120
-0.25295470374436263 -0.07490518668316765 2.1852658624343766 197 135 90
-0.40828602084817783 -0.1588094908399631 2.308262510456998 191 192 183
-0.22928279164714124 -0.1945021599469697 3.0488064996609774 180 181 179
-0.5229394913583293 0.042382962361397034 2.043994697136245 95 88 75
-0.33807910002210256 0.5450690674126084 2.0547831779639245 185 172 162
-0.5534898610748771 0.084616133401107 2.2872925041569023 69 53 43
-0.4579533964564344 0.4056671705590262 2.149657909440337 68 37 36
-0.3916332855597662 0.040284677178581856 2.0391616811723465 81 82 92
2.0066382100950952 -0.5448346527339053 3.396320583557694 170 168 162
-0.5332262838843284 0.1549801080545056 2.5183946560671693 85 92 99
-0.6472325484774533 0.14108604001761033 2.6002291326510796 159 156 150
-0.4982211481175709 -0.03428276480162723 2.4607967647337725 159 111 100
-0.12370579934034195 0.6972727196442121 1.8733801647059252 189 180 166
-0.3989655256225639 -0.12433248849156313 2.963894830015332 184 181 172
-0.07015500338063563 0.16759741764210298 1.8360456524040514 53 65 86
0.09040612756284956 -0.3212990609311456 3.2107425486170476 189 189 185
-0.49837326442728913 -0.09047682675923435 2.448500169263258 150 138 126
-0.5484448380357736 0.06134010773326618 2.333789863325945 154 158 146
-0.5304398545617027 0.2775641067844018 2.2270179527241827 152 140 125
-0.5461603338749756 0.1363626477430129 2.277461589139556 133 112 92
0.2651023587596152 -0.1575924300419973 2.28041078556667 137 137 138
-0.5170826209740096 0.3620546864110528 2.2530818160196167 140 135 136
-0.49334777753473563 0.1586299995005509 1.9951170851884923 139 128 120
-0.5457681660984095 0.12696989454587337 2.38556474616376 111 98 97
-0.5542740703834429 0.029670977664466525 2.2183811758155336 108 112 110
0.033951960142662024 -0.21104385860333086 2.362594342556236 240 194 195
0.3175751475095029 -0.05115908459769045 2.113196864433488 118 119 116
-0.08643731645724985 -0.30885667948414103 3.1960573832712846 190 186 180
-0.5345618216327156 0.09859726386645104 2.444000611981648 121 83 68
-0.06445635781252833 -0.32593585535169356 2.5206802928324814 183 176 152
-0.28619297257680765 -0.05430810457591928 2.850653678173828 144 143 135
-0.08988623738704854 -0.3023828948614559 2.481577716804341 55 68 85
0.29136833620334146 0.125431135586105 1.8802997388699787 114 127 147
-0.465017571371519 0.6065302148882379 1.9712746075570018 190 188 181
-0.015291124053645654 -0.24874128935424922 2.4004381727543826 193 99 110
-0.6877597800020898 0.07663908082488291 2.684508829213978 180 177 166
-0.09360904580625609 -0.008689245559956283 2.09113652651776 207 200 190
-0.5014067347009439 0.3151626111294298 2.1853034381819985 83 48 43
-0.41738070534449484 -0.15009432899969852 2.9796672751296445 186 184 176
-0.39163971775838924 0.3200679598707528 1.9844659272482204 190 116 103
-0.23316715242891423 -0.21796191850489177 2.3857078383459425 219 200 196
1.6708438536823516 -0.1876578745311843 2.944393729250075 186 178 167
-0.4840319812316659 0.0038510450882687543 2.5366273653614853 75 73 63
-0.529127868748781 -0.03428609753625509 2.3952877436714703 156 153 142
-0.13258446897958515 0.14249998615010612 1.8937693483174705 145 143 130
-0.527406656709054 -0.09158232320168108 2.338478035953415 160 162 165
0.044681419683040714 0.07218799283364186 1.9852788883402461 211 159 124
-0.33781808489776277 0.02257603558227886 2.0574336306972296 189 186 170
-0.5425389879033672 0.13880141084272174 2.2331849243431905 139 122 104
0.9481439922164401 -0.5407718204697971 3.5295678502176027 175 174 170
0.5952986089744301 0.7529704845998629 1.7466665569075948 187 182 169
0.03456265055061862 -0.396494672571413 2.5657485933577266 149 152 162
0.0722329672800132 0.18905691354104914 1.7918274471174964 64 74 106
0.15974810056768202 -0.3202600574613558 2.48439827271907 125 134 151
-0.5348221546177973 0.13519723973039624 2.4818057157528517 112 114 118
-0.49642961637556643 0.151726771516872 2.0258777563376125 165 155 151
-0.5619047224959925 0.06502197106584356 2.2381669081285653 174 161 157
-0.4371874697290834 0.13442770391628034 1.927200592945438 94 81 63
-0.6125456424389775 0.08769396648333433 2.6552464252612418 141 137 130
1.1233182532795571 -0.5294824253797678 3.384426809968169 192 190 188
-0.5261833309953485 -0.02321938215150357 2.3707111160773993 97 71 46
-0.47798500660542104 0.16620435290199992 2.023337802700688 171 161 153
-0.42477640052174687 0.45049648895386557 2.128078578237164 112 106 112
-0.5493258155514138 0.09822837598970818 2.276217020243836 107 113 117
1.21974070219857 -0.6431027338619427 3.636947074611469 190 188 183
-0.5521251737657256 0.1126200547136849 2.351545005245157 149 154 158
-0.5056943771766639 0.20277546805458044 2.109322935397072 61 58 69
-0.4940843564284137 0.20920242834728203 2.0965799485121557 45 42 56
0.09718397636275972 -0.29133490956871727 3.150514163686907 195 194 191
0.09084787168506084 -0.31414513589359033 3.1788413934952153 191 191 189
0.213001818591791 -0.07100613141495894 2.171550872338832 157 152 134
-0.5073155128293484 -0.05343538684691887 2.4319008164421065 167 149 136
-0.754809673856574 0.5109175348848654 2.1066236100513698 191 187 175
0.15711408316238484 0.17147711117127368 1.8132951859907969 52 64 95
-0.9227056071556126 0.1729420517747472 2.5682359569834237 192 194 194
0.09467995764854002 -0.03056518125370391 2.114424523509 14 27 21
1.8231876109365441 -0.47849848892736646 3.3212657005842363 181 176 170
-0.16958305337505725 -0.25402220560807176 2.4268640955226433 166 168 158
-0.5114720116507714 0.3731131007133742 2.2223798793470935 139 133 139
-0.6842677566961081 0.1443071924522733 2.6034243233636505 183 183 176
1.8028838385760433 0.23271115005386064 2.410433188641108 189 185 175
-0.22275789078719885 -0.09960874853400023 2.909162233503682 177 174 163
-0.3234081248679779 0.099400395317081 1.9539434552486514 158 159 166
-0.09307070982324518 0.15561084884720944 1.8668487761146297 120 132 145
-0.5403379748027072 0.15566431118594937 2.169883465043414 149 147 152
-0.4630365559221485 -0.023548843910156894 2.562885024592613 82 78 66
-0.4941116001824161 0.3953393358715145 2.17275181888666 141 134 136
-0.5403671481900636 0.03696843394889266 2.0973598620191547 93 87 81
0.9061978550438928 -0.5270258926721167 3.4604041986492464 168 165 160
-0.11499127445813657 0.6739520126156981 1.9489842010226122 194 191 187
-0.2663176908583067 -0.2095111403770294 2.3691485409580917 65 68 72
-0.37294477739222326 -0.10226444350324293 2.628309375060013 108 60 52
-0.09732441673194904 0.029112988179567506 2.0137453019391365 206 176 154
-0.4549506025745851 -0.1330408679697887 2.496800417815154 114 101 74
-0.4575426909095634 -0.173825708953588 2.463785555612708 110 101 81
-0.26892831582510995 -0.043133078753565646 2.140558314308725 172 156 122
0.10387414700739099 -0.20027559478473417 2.342353174326732 168 146 136
-0.522244789226781 -0.08664144822723037 2.364925382547098 174 172 174
0.11648382746905961 -0.2590167444946974 2.4222870607457967 85 87 96
-0.5420735580712106 0.14151323675851213 2.4416124103434935 52 44 39
-0.38310075164232565 -0.19009967787784252 2.5529056847730205 98 99 91
0.019917156970289212 0.13128384673991567 1.8831405733101745 153 158 159
-0.5478579156541303 0.10375473955386294 2.199002798290669 114 69 54
0.0569321699874328 -0.09778627761501045 2.198011789230266 111 117 112
0.07250249589182134 -0.3067860079939684 2.487543448824096 43 54 76
-0.4784143335820322 -0.03707924526438054 2.5252447952113517 85 80 66
-0.1272598048343737 -0.2659045529613904 2.4398333900241354 143 108 86
-0.5448982450454458 0.117261968935718 2.389642521209449 107 89 85
0.29373601689298373 -0.22205056105774457 2.3659352917623515 76 83 99
-0.08156573774250163 -0.02959836847719771 2.1171470456082586 175 176 167
-0.46900595288693964 0.0019576027154892105 2.5796216150657605 99 91 78
-0.3516590206741671 -0.11709466261208025 2.6360960017714627 111 96 72
0.12540149125627462 -0.19445669877360547 2.3329377459752685 191 153 148
-0.15714471829255164 -0.21226418102767305 2.367498366026142 146 42 50
-0.5191526217988508 0.057554495726839905 2.4838099388868367 70 68 62
-0.2880477009814362 -0.01698415538518721 2.1042617886603443 194 153 116
-0.3890730626633034 -0.1922373428173926 2.348107165617245 171 171 154
-0.4178194906673346 -0.1325945238341465 2.548029799203094 121 73 63
-0.33687249230831434 0.006265705136573768 2.07170581224291 171 156 140
-0.03394062966654341 -0.13087986448173045 2.2511376410934223 183 183 172
-0.033439278455473474 0.14388516151682795 1.8801142426452278 195 202 202
-0.40953308341286115 -0.0676438233349019 2.608833995090746 78 76 62
-0.04943397330984113 0.1962189902491205 1.8056712495444212 150 144 117
-0.23487207976819563 -0.006569308879924942 2.0904183813573325 230 183 155
-0.3668214150783457 -0.16034511942143548 2.5895243553100826 132 124 107
-0.4597502008599163 -0.10603504738710623 2.5079554073082564 91 64 47
0.02456113101435546 -0.06323451789596006 2.1596398831363364 160 165 159
-0.10820196160320722 -0.0869775571473054 2.193918210563114 106 109 104
-0.5370337415945942 0.300286273926729 2.2761898676758974 103 107 114
0.2699506272666547 0.12223311940438521 1.8909668631349132 146 144 124
-0.5001648668500913 -0.1977796581365675 2.362134066414707 27 29 41
0.3432796113831724 -0.049399613011949284 2.129415376143043 110 108 104
-0.5023424299003145 0.06628197672553521 2.5635915992896634 67 65 58
-0.34262729571884953 -0.18444741737307624 2.337299091713674 97 98 99
-0.4227758908026094 -0.01380245327156559 2.6323380622843584 106 102 90
0.03567812489471527 -0.10658405044962492 2.8356573955354003 173 172 181
0.36564884353308125 -0.028410535623498122 2.0842670973078774 121 124 121
-0.19762204550370155 -0.22801155131264 2.3862015790390707 134 68 72
-0.37359317612561194 0.04647503659844872 2.0187180726643312 125 127 133
-0.13374583767763704 0.08606499591646151 1.9591655024491155 208 185 169
-0.47494899808649066 0.016102703347476967 2.568600624214808 67 67 56
-0.47614299267559457 0.06732598272516326 2.611962928002555 34 29 20
-0.40634830466952515 0.02853670454999519 2.6855211084632002 92 92 90
-0.4468263238473329 -0.037145384102549646 2.580383342922704 42 39 27
-0.436871183330807 -0.07938175074545117 2.5553488758920735 146 103 92
-0.22725898167279354 -0.23109034202344086 2.400032889819184 171 175 183
-0.17809762736481563 -0.07232473084397964 2.177593710200562 198 182 159
0.2924192212804262 -0.09050040642747893 2.186852954389247 176 130 123
-0.5468337267567186 0.1747229412539082 2.2706389936969846 97 78 51
-0.45046924145469275 0.055756461946678354 2.6344321339331733 99 92 79
-0.39041779203050986 -0.06340345863272774 2.6582051046419317 121 113 101
-0.061391012213004165 -0.09503102419161956 2.187862258265471 172 180 176
-0.3348204162822564 -0.21013574286543746 2.3697336139328162 110 119 140
-0.48400125069151767 0.06046330412166988 2.583658640518188 34 30 20
-0.4355834206268067 -0.22948886020737835 2.4604743876615096 48 46 44
-0.4497792471223128 -0.11606083614623555 2.5215133277166237 107 70 55
-0.38388926184212746 -0.20366907062092124 2.3637211326061305 40 46 53
-0.45058168857346026 -0.17383745710765747 3.031168505325118 151 146 134
-0.23204447206688483 -0.17692998069122268 2.3230929664506323 173 177 173
-0.44513480257723526 0.011354892618590259 2.6311398126936107 70 65 51
-0.037535395408305944 -0.21474959879723757 2.3658247551232954 163 68 73
-0.15869827230399586 0.16943984714369142 1.8480093674029403 149 158 167
-0.38571174327814517 -0.02796483054153958 2.125650217065217 141 141 141
-0.47632520523569033 0.1920236498993051 2.0214961967382226 100 97 104
-0.4806904719620589 -0.09318513848126389 2.481331997854588 139 108 93
-0.2317222443295058 -0.16234477326425706 2.680638805475924 97 95 86
-0.12131188493633936 0.15794021557689472 1.8642612846339364 138 145 154
-0.16515595513873915 -0.05201806241941299 2.150191656906595 200 176 145
-0.11764819156389504 -0.32484377877414106 2.5099364948309706 145 134 114
-0.04466470234396783 -0.31247973761347325 2.5055734964407335 60 67 84
-0.18721449838093138 -0.09857254404984009 2.2166693102588986 147 148 142
0.06946976279901655 0.1795971817992156 1.8134048361609882 148 143 120
0.05877638738737185 -0.21802267888704044 2.360434752069935 193 136 136
0.07677110237759234 -0.10799059632284963 2.9270492839030644 167 166 159
-0.4669744588729318 0.556335510272641 2.0469531743752047 190 185 178
-0.4681066556446985 -0.10497948227635237 2.497086444351219 139 114 99
0.12088231730597601 -0.23308643969735537 2.3862527214855382 154 152 144
-0.9413946563410822 0.3832275572748824 2.3024507247344235 181 178 170
-0.18544879477866108 0.19949011379709747 1.7816017448469772 49 58 94
-0.8800180830012791 0.5215479197234889 2.109630323056745 183 182 175
-0.14273179910950998 -0.028416106745587442 2.114901767481002 195 188 167
0.336540718882945 -0.009312721921647385 2.072515387753051 100 101 104
-0.013136598402929864 0.17780044477264684 1.8238416958062498 118 123 124
-0.29686855226803843 0.031514049037049796 2.035457825123699 175 177 171
-0.2510084201809166 0.11913710611813738 1.916062248906793 93 95 101
0.20122004195535098 -0.1670032452068939 2.29134595975106 150 92 92
-0.006699787002303096 -0.043155092706525906 2.1319249494729333 165 166 156
-0.514040774045455 0.38983746921462414 2.22048550720816 57 48 46
-0.22544139247248968 0.08529566325561135 1.9643755734825326 207 192 176
0.008456773282589489 -0.18567642008891339 2.3239565345165056 198 86 94
0.15625017255151552 -0.18714424226242865 2.310929778697561 212 182 183
0.03596129810659859 0.1704589174493138 1.8321508805664806 168 172 169
-0.46724433187535497 -0.16771940314280614 2.450770787550859 121 113 93
0.3627481114365385 -0.12386311680264792 2.2142535059668553 144 148 153
-0.5520969383323939 0.5557901394579966 2.0494888422262063 186 180 171
-0.02408538143515902 -0.3301712570363614 2.513608717147707 165 159 142
0.3379560960974442 -0.17992810961006694 2.2995973027604575 146 153 163
-0.4797207046545433 -0.07451076992332897 2.494962361847663 139 91 78
-0.0058442939812198835 -0.06002661531490728 2.147672052222293 157 161 159
2.5180435054100596 0.4843657697916117 1.9861217499055328 160 157 148
-0.44695842385073553 -0.17828741528437309 2.35109693684341 88 101 135
-0.37337934195281924 -0.022571385583311555 2.687965439904932 103 91 75
0.38396611428895927 -0.10632785442391822 2.1989387367319266 71 75 81
-0.31994503490805937 -0.06893825360238608 2.695782464108235 63 52 42
-0.3879711813341099 -0.12758479809632103 2.5938175687959553 137 103 92
-0.3800657022582968 -0.08814136167167462 2.6275601010029015 136 93 79
-0.39643223310483233 -0.18652881292004747 2.5448804047341675 148 142 129
-0.34881910706198754 0.06095399155189553 1.9999979907437313 74 80 88
0.09163199093006986 0.124654305868769 1.890937955479669 178 131 102
-0.2883529817590571 -0.08242568746289232 2.7053124386462444 87 82 72
-0.2102106032112137 -0.020996569684295793 2.807440236971005 51 47 42
-0.4111737607710469 -0.15079477477529685 2.290115821460253 193 163 141
-0.463846165647902 0.028389067115053648 2.612244158700464 50 43 29
-0.4510617430141931 -0.040748512508667296 2.1415691435161057 107 113 120
-0.4946350714426427 0.3335171850494715 2.16799483389401 75 58 59
0.13192796680746208 0.10309126172446727 1.936690628771473 141 112 107
-0.5556432598085282 -0.05759266377676134 2.2247178293427026 65 62 62
-0.5409151475267332 -0.004156771704750705 2.34460911713796 152 132 110
-0.3856564851851051 0.03078883346597617 2.0382434089311414 113 115 116
-0.5153684993477782 0.545051717172424 2.0641821240128713 182 175 161
-0.4357720766315312 0.00739302985525789 2.6118836473957985 112 107 91
-0.40997668406942983 -0.09648708227724163 2.5987333711880556 119 68 58
0.0692936493575412 0.08979618034583298 1.9611472000756092 197 163 145
-0.4113423951939211 -0.18845618544033554 2.5206106890355233 124 113 93
-0.5030728516778231 -0.0033326498884319418 2.4857885859351607 149 145 134
-0.5010475828590479 0.04116932340752369 2.533980104818393 32 32 24
-0.02145522693593523 -0.26542698434847084 2.4336317258100753 143 85 86
0.10991685201510086 -0.29002317819300666 2.471256261865737 103 113 134
-0.4397178896130362 -0.13128956041133866 2.264621300290368 172 171 155
-0.4538175525177029 0.5190718916562602 2.0936630380004164 179 169 157
-0.3867512644729598 -0.15597784252400984 2.306933654796231 197 160 134
-0.5101573681831163 0.020131611050005 2.5003565452959466 62 60 49
-0.548540551869486 0.08951991988226528 2.3116879108428314 64 57 55
-0.43255995486315957 -0.11186017835306553 2.238173292871081 154 149 131
-0.5516803630416112 0.015281421700445197 2.24755386919478 118 122 120
0.012282579826513812 -0.2281194059326809 2.3825868482015395 226 196 191
-0.2803659916243402 0.9501895434103123 1.5733424043407656 186 182 172
-0.5349225335110516 -0.046066903590685666 2.3396731558034887 146 118 94
0.7465453103385764 1.0080473401776977 1.3797825209799188 188 184 178
-0.11259008472234908 -0.019597805205854454 2.1033279206707043 207 201 187
-0.15149545793684066 -0.2705355543570623 2.4640793723486154 62 69 85
-0.8614700067114576 0.5330290929544885 2.0908204918098368 186 186 180
-0.40264742248531454 -0.1195513700669489 2.5842173525112413 117 62 55
0.0935054744516545 -0.2799042570291609 2.4364294084494977 84 97 120
1.805861183204683 0.6838561510901459 1.729856054736753 180 175 167
-0.41864806291320694 -0.18557676499958914 2.5086834340340896 104 92 72
-0.530374404145169 -0.018082362794075553 2.3583365457754923 69 43 25
-0.5008234639918048 -0.08490119415510561 2.416336840886407 130 101 94
-0.4052347096124308 -0.08396757658790133 2.202480505976921 168 137 120
-0.04511903853765972 -0.20411297202850653 2.3584240205019698 195 95 103
-0.44757635609242424 -0.04219128475356884 2.1496603970350465 107 110 119
-0.8615068884235534 0.5450916916389749 2.0753611414147217 152 147 136
0.04406838999512733 0.07284216722588205 2.0194104914454862 188 145 119
0.015207248631913261 0.17517929693192333 1.8240762642700794 111 115 115
-0.05334638399177779 -0.1634819315154973 2.2992579238490767 157 90 96
-0.42147327346715774 0.008598006666281195 2.648385707007315 85 82 69
0.02414555960375119 -0.11577976558879997 2.9271941457511006 167 168 166
-0.41475434729136645 0.022793234687586834 2.0566690545166453 79 81 90
-0.4212050716354379 -0.04244971333211826 2.1370830218683774 122 127 140
-0.1641690174947132 -0.3032025021925979 2.4889559626688027 44 53 77
-0.07307199242302492 -0.05282303439804043 2.143180776118749 177 179 172
-0.53078081970089 0.146311188241375 2.5295291109155587 111 116 123
-0.19795604553308932 -0.3042051086947145 2.5127750586559254 157 165 196
0.16876777070825513 -0.2745642531244375 2.4365679509090485 161 157 137
-0.24401829135736544 -0.10487846188938602 2.226035552119421 197 163 140
-0.4744101428719621 0.03174479774901284 2.583804793835548 59 60 52
2.2177478481262516 0.35671754142702927 2.2602774240741734 164 160 149
-0.5276640946616632 0.1325862525178494 2.1185285572694244 156 147 144
-0.1544908489589439 -0.08396213633619458 2.189614155969738 182 184 175
-0.41296064199293075 -0.00455120719481911 2.659565788537625 64 66 57
0.24499035618399062 -0.09958377499790179 2.1876874004196036 204 121 127
0.004833870087478181 0.1923231083974483 1.804308962990607 145 139 113
-0.14179168827124874 -0.20203073520383064 2.3537166436996335 208 126 127
-0.4401266008283079 -0.018947266780008232 2.6104398678736227 135 130 115
-0.33230283075652406 0.07283218630093444 1.9799514371609317 80 83 89
-0.20865553411556031 0.1345246085766118 1.895931760030442 108 117 129
-0.29155833584190477 -0.24780680731092544 2.429076903634438 163 174 197
0.20264938626049558 0.15576544276059973 1.8305538851072203 77 85 102
-0.44233456416737144 -0.1127008737223952 2.5418427959805054 140 114 98
0.14077113691540286 -0.013284933260316519 2.0737203480998456 117 122 118
2.955792936653747 0.08818231589505654 2.522384188584848 160 157 148
-0.2356989204417728 -0.035249850627004156 2.8379068365176057 101 93 83
-0.18870022147213883 0.11940153607481581 1.9158591925568471 148 147 137
2.1598937812943544 0.3067191920324412 2.2698615559666435 159 155 144
-0.49185359355982855 0.04346062173764232 2.5496546236996833 123 118 108
-0.34815426048083914 0.06962490714914937 1.9880872176292468 103 105 112
0.29155864317377117 -0.07196442499508317 2.1540182684661393 129 88 85
-0.38569519199770813 0.4004818036447056 2.050864898609356 169 127 98
0.2510864976376941 -0.10269848704156594 2.20271436353056 225 140 141
-0.4438942443523007 -0.08948313275543784 2.2045478883631184 166 166 156
-0.13330260524323173 0.18899647693148985 1.8148024207768338 138 132 102
-0.6188434958349455 0.3821959640720183 2.284171456669989 151 141 129
-0.07112263797609204 -0.11460203773760863 2.2304984971063835 204 208 202
-0.05617774029039496 -0.10707901271441007 2.2245311530248006 169 176 173
-0.21035705609169195 -0.18245289816322574 2.3296135041630675 216 217 209
-0.19135306719087034 -0.28212014688466647 2.469494448329865 19 30 53
-0.3127176389537293 -0.17212746617046443 2.3256648872557286 189 178 162
-0.43640322276048443 -0.04061209417689781 2.5889120037330007 91 86 72
-0.24976245556728577 -0.1691324418408073 2.312377248083544 129 129 124
-0.23403856125979952 -0.21425645906710025 2.377443083868545 241 205 198
-0.5207290316272918 -0.06508109504671888 2.390296711897231 142 134 134
-0.8819893389696009 0.539648901225597 2.0847030232036365 184 186 185
-0.014083396814565607 -0.26176273680015516 2.457434438570314 153 133 129
-0.22371080633150534 -0.11586078221859694 2.2377500146712905 168 169 159
-0.5473137032254558 0.11429131784983035 2.315571971695614 112 112 90
-0.5522823147934027 0.17864491114167674 2.3595287013064743 123 108 93
-0.4608701854658095 -0.14976529287681067 2.3172386047029185 83 96 132
-0.0895955315487638 -0.06899246213830998 2.8563732032340248 120 114 104
-0.5443248506007147 0.2664616916009099 2.311153897066011 114 117 121
0.48415432471190234 0.031327649346414306 2.0735119047850157 67 76 93
-0.027932041821312193 -0.2425137043818309 2.400887515012826 143 125 116
-0.2692981357888261 -0.16675571903529623 2.3105719900839166 114 115 107
-0.5305822700644566 0.056882182928072164 2.469617374764895 99 102 100
-0.41631043685844754 -0.0875166673598825 2.5907847364411976 125 71 60
-0.5309255470875776 0.0028938202696068443 2.423255628649077 144 125 110
-0.5499024508934253 0.059387763047836634 2.2172426306587156 69 54 43
-0.06863009769759891 0.06876200428023765 1.9769268292881468 203 164 132
-0.4117743574451519 -0.08174969418510335 2.584566264697729 124 50 44
0.1346946866533452 -0.3512415377852763 2.4876696201318445 65 80 133
3.1526473194306184 0.8627636419134617 1.455219405818033 156 153 143
0.2462183217809673 -0.15096780194712714 2.2705490385279967 171 127 126
-0.34980074791866606 -0.17707192784327738 2.322440648289047 199 172 152
-0.5100566207515859 0.05626340678310667 2.5356085176436904 138 136 126
0.17428342185823936 -0.298650985146146 2.463966301258554 121 110 87
0.11694290472684636 -0.13974692720871618 2.267400433141459 186 181 164
-0.4376870139964002 -0.09450899408639615 2.555248863614568 149 122 106
0.04582746897312075 -0.20249625380916986 2.3492009108157297 180 125 117
-0.5162170458137824 -0.011951856064115194 2.391248027152479 106 65 49
-0.5341942028118062 0.264060134196069 2.247975972136649 150 132 131
-0.2074375748976277 -0.025331936987445906 2.8274239037414595 93 89 80
-0.3161829473249904 0.09214965963409452 1.9531483595975039 121 124 131
-0.3809285445938608 -0.06811233647481466 2.6595724960743405 98 85 70
-0.11949134961765039 -0.3036155099922558 2.4912465695216124 58 68 90
0.012182807221187676 -0.14175485214375902 2.2632311697782463 232 207 197
0.13326062372444414 -0.1548805220246439 2.2788979645746017 192 96 103
-0.3210984796064334 -0.14893565706430373 2.6432973437829825 107 88 70
-0.397417363499326 0.009751063083501387 2.0540852638004705 171 175 179
-0.008267228851018193 0.07899789374604205 1.947545920111825 189 131 103
-0.5358545495926746 0.09985314817262979 2.394449517415661 110 63 43
0.11071774095426601 -0.28396558477068556 2.4532515230738423 137 140 154
-0.3423928482690436 -0.2059578927506149 2.3581148381864163 211 221 237
-0.19013913627292592 -0.02072056023268667 2.8141151712376664 46 40 33
-0.5359031531777573 0.22749828448748508 2.1906114604500497 107 100 97
-0.34766894806507337 -0.13946810438949353 2.622726583961124 78 75 59
-0.06747327560811847 -0.2597382284350107 2.4312709693550385 193 156 149
2.3896985199605667 0.38053469383713107 2.1885182229341504 164 160 149
0.030378996073735526 0.02428466517255445 2.0610208157140772 214 216 212
-0.48295091425588793 0.14268856132039326 1.9879601388262227 76 72 76
-0.43894385689592963 -0.004554504339569046 2.6032046732736984 80 79 67
-0.3583010085922445 0.5485143551392259 2.050912788011803 184 170 161
-0.48722271124393574 -0.075185918230816 2.4642297209909914 151 135 116
-0.487239631687865 -0.050016869771790685 2.478866221934585 82 35 26
-0.06469674366509588 -0.08209399202343126 2.1847498809271073 220 228 223
-0.12815524880225967 -0.18022120908257155 2.3137618408116203 155 144 109
-0.44348207868527995 0.019228079014300167 2.6255845343680395 126 122 108
-0.4881848709245234 -0.01545598517913726 2.5085818263565267 35 29 18
0.012108341171959004 0.03584144013326125 2.0437638144894534 206 181 161
0.06399941718008507 -0.3251574815225556 2.4967461164085973 155 152 143
0.27675486271072436 0.0582061737345645 1.9568360374262974 165 170 175
-0.36662831577251676 -0.013147343629603547 2.1095301651673877 193 170 153
-0.4816319164368769 0.013841814271481 2.5319404253522846 81 79 66
0.17545623635402954 0.13403581451825278 1.8788363088283635 162 149 133
-0.2358294491425139 -0.12916223451117276 2.7045229780581863 65 45 29
-0.059371733115386634 -0.30945354928480745 2.495377766408512 120 127 146
-0.10181439872976597 -0.09810146792251183 2.2091432872991708 119 120 113
-0.4656099510622577 -0.07643581820892695 2.518377894226548 109 73 55
0.1639325514113913 0.04480050165774497 2.002587703684247 182 179 172
-0.24157542913599922 -0.11126812862651897 2.719030234720063 92 77 59
-0.1680098254006784 -0.1916368213754369 2.3446776771604085 156 142 99
0.2229249985996398 -0.13580457726681508 2.2475366781705954 200 116 119
-0.4175127898853839 -0.04634522491901928 2.614548772364078 28 26 16
-0.15635028580424462 -0.18154645239958253 2.699208031101744 99 92 73
-0.22971051828050001 -0.22778874052889275 2.637763398852017 100 82 67
-0.4619318347017056 0.04737875713453419 2.6077958188499766 75 71 59
-0.3414808656194587 -0.0009034314695581142 2.7294687226868217 60 62 63
-0.02603863430035923 -0.306098115902039 2.4961983141421276 158 165 178
-0.33160900178901415 -0.037805386119223884 2.711483183127478 66 64 57
-0.23146632669214195 -0.18308017709503113 2.6666122656104623 98 97 90
-0.4896582330473802 -0.06942582925310055 2.48088244885989 145 88 74
-0.311184761432848 -0.08171749465340994 2.6923506935653414 53 52 44
-0.17873293234270554 -0.1554515221605523 2.2927984842923315 155 156 146
-0.14503383009200146 -0.14048597382764588 2.2679770535845845 150 149 139
-0.2921661046937649 -0.05974944847465659 2.163307215466654 169 149 115
-0.20035264667292182 -0.25474542257781835 2.4262687469448116 120 120 106
0.19913363862619005 0.01607292581806261 2.043234025629163 140 141 134
-0.23554842316105878 -0.08844758540270847 2.7377851303253053 73 56 37
-0.2594240622607003 -0.2425388661746452 2.413392070197498 78 88 113
-0.3646738865429223 -0.1691835945605122 2.31855159408168 183 150 126
-0.2486797260432684 -0.2537186641666915 2.427847004430425 142 148 163
0.02898859682307488 -0.16861439128834596 2.299407155330126 176 165 138
-0.01227381772400265 0.02990020586082584 2.0344311295623796 226 197 176
-0.439602253352453 -0.14415824802717042 2.284268136675393 154 150 128
-0.29554921283159563 -0.12560361766108372 2.254020065488764 121 82 19
-0.2882859989847179 -0.1166362711288421 2.68408859277494 72 68 54
-0.2881486268418695 -0.23565177757084063 2.403895330382198 199 206 215
-0.25906961406414336 -0.16358216445974813 2.30163753816233 181 184 174
0.2306594441924755 -0.09288038536721595 2.193253485438869 169 162 142
-0.20907633845966597 -0.2686572916548355 2.4452204982132693 151 157 168
-0.39129906681511034 0.031216414441436014 2.699144618887015 70 68 67
-0.2674448355414459 0.140403952194725 1.8916611683501983 69 77 89
0.14392631789955035 -0.13400429164750194 2.250928046955852 159 151 136
-0.3319300975784956 -0.21733864544292433 2.570497505214223 85 84 78
-0.28877156861031866 -0.18072900882859647 2.635020114886678 77 75 63
0.20010896485662955 -0.27368488786625317 2.436766246450582 193 188 162
-0.36496826288443485 -0.20202910962639312 2.5608236482917635 84 87 81
-0.4311730467600205 -0.046012302893730185 2.5942361877166125 83 76 59
-0.24254803740238096 -0.2067533402989872 2.3634268767920514 53 52 43
-0.10255560621736419 -0.24015446503237126 2.40258260494937 220 137 139
-0.1992865765609174 -0.08162505678335473 2.7562056619524586 52 45 31
0.027005054253494552 -0.24549305046471884 2.405776904514412 178 179 167
-0.21982919820417943 -0.06280171067722026 2.1686213350024657 211 168 108
-0.09866287910996112 0.1495596542575773 1.8661266174180184 133 140 144
0.07025762176305195 0.1451047728080453 1.8648064410923832 176 160 143
-0.1184474645664491 -0.15121872095407438 2.2849537962086943 154 150 131
-0.44149781591136017 -0.06820373834798203 2.182058825691528 72 76 88
0.10915247787568307 -0.2750777738175389 2.446826279537378 104 109 122
0.2126853258022521 -0.05720850373148733 2.139497545956946 168 169 159
-0.3541371771828555 -0.021439206405944322 2.7037873859872907 72 62 46
-0.2718893143364872 0.12008761618024277 1.9233620190231047 123 127 133
-0.24540712322746708 -0.04022763332856294 2.140067513820792 178 154 110
-0.1032879653911557 -0.30427858079568315 2.492876824758624 124 132 151
-0.2113180017424228 -0.12250649585105412 2.7231840056916212 96 77 60
-0.40259115260358674 0.059682899191187536 2.002480904689276 92 87 82
-0.3458745887716884 -0.21074289718534417 2.5674663847822914 89 90 86
0.014668354869164776 -0.25768909939389556 2.421526295418283 164 166 156
0.26320121235972876 -0.24385415093128723 2.3917844423558976 193 191 168
-0.2102526185182602 -0.13855155903885163 2.2685295635423395 72 77 70
-0.3589102789352523 0.08734024536465171 1.9618894326451544 114 117 122
-0.2473821415811539 -0.26372815387912435 2.5988063628869686 92 94 87
0.3527230968362207 -0.15029499341697805 2.25790928126033 85 95 109
-0.1400304301069807 -0.16406993054368454 2.300649358081512 127 127 116
-0.2511756662624769 -0.2181254414875405 2.631583135459158 111 77 55
0.2525945376282213 -0.17204304319257516 2.298417076385695 109 82 72
-0.41602831340212865 -0.07754749004111143 2.192979291862371 138 139 126
0.09122899841144337 -0.26364316738941185 2.428736552599426 67 76 101
-0.21897089999498925 -0.03752606475409196 2.1319637694348823 170 113 61
-0.19658710262117413 -0.17568497457202634 2.318698658792319 64 68 59
0.1434324717898982 -0.11292752148373926 2.236620340249961 108 75 70
-0.4374053626294477 -0.04293732892518812 2.148816951599232 81 89 100
-0.2559235710883596 -0.2506525617042559 2.6083208537084435 76 69 55
-0.27353966611203057 0.1520277574884016 1.8656970657781793 135 129 99
-0.40966132365155006 -0.2761508457045639 2.4650367601645535 49 47 45
-0.4111536776999696 -0.03366596725901872 2.634467580338704 86 87 76
-0.3575608258478665 -0.22113807396653842 2.387874988722621 178 185 195
-0.08544467304572087 -0.307075964835404 2.494785547675522 129 134 145
-0.22519252699048065 -0.2648036851284294 2.4494656879075505 79 83 104
-0.4557686149755145 -0.03623991160925854 2.57111086967901 131 124 108
-0.35212563577570744 -0.27498486538841427 2.520822470789885 48 42 40
0.08286425866553437 -0.229522361392326 2.3832597594849787 187 189 178
-0.07712797717093484 -0.30086491637451357 2.483448802213197 52 60 81
-0.27330913512307053 -0.18844263434545275 2.641256249290851 89 89 79
-0.32583548559649084 0.12739859000914763 1.9024423797868368 120 110 84
0.10265359277399146 -0.2276028473113398 2.3764418816589816 128 129 120
-0.3488010920565016 -0.05131880235396914 2.6879944504144526 102 89 76
-0.1250676415112206 -0.09746588530074127 2.209772811374106 48 50 45
-0.41843466106271787 -0.027740390498914157 2.627494600299541 45 43 28
-0.14628423814665162 -0.21839213612289254 2.38261586576291 149 148 137
-0.34214273347246676 -0.2262427503946541 2.3925083122925073 95 101 123
-0.18918743490385528 -0.2767899816101225 2.454543051547286 110 116 141
-0.36090825707779284 -0.16189503928689475 2.5951498837599503 101 100 90
0.22938128118663564 -0.14399849608239867 2.259848896578807 144 72 75
-0.4052670026530658 -0.03120620164880817 2.1242366749060113 45 55 77
-0.4870290208043267 0.0736488066754092 2.5786161605455695 73 69 58
-0.3896799686026616 -0.027700957965726854 2.663347328533827 52 40 16
-0.08107966922536408 -0.1415760779771855 2.268961973160655 194 177 146
-0.22712650548562935 -0.18273941767448718 2.3350359817110706 167 169 161
-0.4291207173125744 0.004816566610099254 2.0757567863335376 34 43 57
-0.3944328943156537 0.003327784853751275 2.079631971483973 87 92 104
0.041000725742008005 -0.05694876676002581 2.1525863194943033 86 87 78
0.14445786017105194 -0.1469351733599211 2.2671524801159237 217 135 137
-0.4072857528258203 -0.1596397440104816 2.3061899281862464 154 155 139
0.05567999322583169 -0.17872198803044373 2.3121206701103127 227 135 137
-0.4093366556582515 -0.1140129956186923 2.2403701727900205 165 103 84
0.04072846628688359 -0.2356558452995669 2.393952060187283 189 191 179
0.2003811061127623 0.00018314862523036732 2.064415112926771 91 91 80
-0.4615521100972489 -0.24021297387968726 2.4154378332728013 37 39 41
-0.2666330193915488 -0.0634258936582884 2.7343834967834826 73 62 48
-0.4667771798583315 -0.14146049267050786 2.4774437193335155 124 94 60
-0.15589587307787373 -0.234600483031113 2.397642220157567 171 172 161
-0.3880225634466363 -0.14171646734169613 2.5804342417001065 146 121 106
-0.30468214960661616 -0.22679096396807036 2.3936296972581554 120 129 144
-0.1671587807073814 -0.10543650163694278 2.224353126382143 111 109 98
-0.43262500752158095 0.013580974113148823 2.642901977294131 91 87 71
-0.4501711341756314 -0.0015620307071007064 2.598510241828448 114 113 99
-0.46669599088210134 -0.033157709630479426 2.5474812454967735 38 35 22
0.046125394571880286 -0.29410397090393664 2.470194065223062 31 38 66
-0.38993326068487666 -0.02016343964693972 2.109988710125265 161 160 150
-0.3044368212892252 -0.20725287418703225 2.609419246243629 127 100 75
-0.3115053879456312 -0.20124876194632002 2.607381709970021 102 92 77
0.19430958928323297 0.029801855061087634 2.021839882970567 181 181 171
-0.4369156350609049 -0.05526067919942443 2.5799594524930822 144 103 87
-0.40488905819694915 0.04335159926714433 2.0288334568366624 68 73 82
-0.0015267276475602308 -0.08631731936815148 2.188777457470531 30 28 23
-0.08841414906327547 -0.10695020903489533 2.220222607679095 85 88 82
-0.4020689916633338 -0.01115526835772307 2.661625447555897 111 109 96
0.12272605744388745 -0.26941513520221644 2.429442274367689 33 38 55
-0.4643700887087795 0.024694884282423533 2.592183280758083 128 125 109
-0.48482352551915614 -0.13067781452490781 2.444593759480196 131 122 98
-0.19547940283977633 -0.0944525919210845 2.2062823619679475 177 178 167
-0.301745548413376 -0.06874351097010965 2.7110703543558947 47 39 28
-0.533341034804769 0.021248192392359797 2.4146930816306607 110 83 64
-0.48398611614921294 0.08528998252834766 2.6032490663296852 96 93 78
-0.4267295575475712 -0.024586983248578345 2.1216002264049 42 52 83
-0.42347460288685446 -0.06990884602713841 2.590825616437261 92 67 49
-0.28235447866241664 -0.22143685449879974 2.6121979973468306 92 81 62
0.09410682414515881 -0.292705904833455 2.4625556050375264 155 163 183
-0.04010959284621775 0.10399671179881854 1.928489052260286 190 141 112
-0.4446306360735195 0.005066911507526906 2.6142290663608225 125 122 107
-0.3748954665801795 -0.04038182338701133 2.1365835469969174 151 134 119
0.011255532620182633 -0.24210029933453198 2.4031411231692483 207 166 163
0.02938948922121023 -0.3076154089048752 2.489804085259965 196 203 214
-0.3160621780446348 -0.0529864589735381 2.7147623225043445 60 57 52
-0.04987177685055109 -0.26261277540280464 2.428403608437285 219 186 175
-0.03199331940402581 -0.2817007539078978 2.456492497683026 116 118 106
-0.2653811285786017 -0.26565699387163755 2.4485452785068627 141 149 165
-0.2174609454911118 -0.19265702667255769 2.6672485949591196 99 98 91
0.05936247765745408 -0.2707427538414188 2.4379404583836743 54 59 80
-0.15657650340719512 -0.24435955161489303 2.412476393503636 161 163 151
0.2702517116576371 -0.18060825607719722 2.306073751670231 57 65 88
-0.31478991617599 -0.16055253727436256 2.6319726089639253 108 96 79
-0.2794007969344201 -0.26105644148336643 2.441098756911257 210 216 234
-0.4448040250500186 -0.007618549373504254 2.0941366177753338 59 62 70
-0.09162326451900946 -0.0030246037538870056 2.0808670020825244 191 172 151
-0.307621309479711 -0.24493680652860822 2.420307759862278 84 90 107
-0.28513604694864075 -0.15775810177146404 2.653970684226289 96 79 60
-0.4722524485030516 -0.15586382349388495 2.4628127220795353 117 73 49
0.011822974601767114 -0.2980077386900342 2.4815849217256525 111 111 128
-0.3411980758577055 -0.08384179025569335 2.669921646611321 106 73 57
-0.45889793697398884 0.0011804773080783307 2.5891115044382453 79 76 61
-0.30057352227807016 -0.16382032780218536 2.6444059690364723 93 58 33
-0.3167124673285025 -0.09820587938743995 2.6727722455211254 54 60 51
-0.40306321116708244 -0.06381306671609284 2.1762579850418082 139 146 161
-0.19503276597942812 -0.30499834909419726 2.5035726281743687 99 96 115
-0.30272989773684716 -0.19011470891212218 2.621806116464014 77 70 58
-0.06554536123424005 0.17429170009871886 1.83985953478664 147 156 166
-0.42271022926757434 -0.0670018229809096 2.1778184886804985 33 40 54
-0.403096690644494 -0.01891420395618111 2.1066154049487915 63 66 76
0.279577502260121 -0.08419292196285709 2.176460703570183 177 114 113
-0.24088235689895168 -0.07042728062547571 2.7431591643344517 74 59 43
-0.3240516491821611 -0.22980634432374664 2.5762398654758796 78 83 78
-0.504157178695222 -0.016007071784208658 2.491138453260678 131 126 111
-0.3806777833160428 -0.2662294253828051 2.5055754015036973 38 37 35
-0.39424777849516546 0.05171414622055306 2.008925489631229 87 81 77
-0.3074990560851395 -0.19057360891345693 2.340552242234325 135 136 123
-0.3193844091847957 -0.1404699057945516 2.6509295366521255 54 43 25
-0.3823152359019666 -0.004738851531845617 2.0901618758136498 125 122 111
-0.47692139929314287 -0.002401236288976445 2.5446697621541645 51 46 31
0.4023069652430045 -0.11845016485987686 2.2169713144554795 136 130 107
-0.287772335790845 -0.23917915287353378 2.594249833222375 118 119 113
-0.18493031050399633 -0.18576294165431967 2.3354707029285766 164 163 153
0.14277881067475096 -0.09071819762251819 2.19260374206079 169 168 158
-0.3401614280227888 -0.19845520944434625 2.5882157321181047 106 106 102
-0.1484601104975063 -0.313190113483854 2.5064890646127793 182 171 151
-0.1635651190006663 -0.2760043038998372 2.453408408983418 98 96 103
0.6470118923644701 0.08468360547216634 1.8069676384801767 169 166 158
-0.017542536078341976 -0.1818845702474612 2.3175348844007067 172 149 142
-0.41336209009622543 -0.04561072523296445 2.1459406935378817 192 200 210
-0.17207881413602052 -0.1009254020532536 2.2186362535822317 118 117 108
0.025354391219706052 -0.09786939455646326 2.2009693691585746 49 50 45
-0.24452875936054322 -0.08491809240999978 2.7284284039819187 58 37 19
-0.22496709952647723 -0.19718212936882026 2.350375138913689 47 49 45
-0.2790137575286859 -0.17221579179231017 2.315964189342329 50 50 44
0.352212950371836 -0.1582900516358501 2.276073696393657 169 176 191
-0.12805129139306737 0.025746034763037367 2.032158915382234 179 132 90
-0.4278114610471721 -0.1324883657693758 2.5415351082061393 113 73 60
0.13197472737570715 0.027464420664626715 2.025982748558818 186 189 188
0.069019661315979 -0.20201869698264535 2.344408642349133 203 138 136
0.04450874970492519 -0.2811201820734165 2.456475844567866 56 60 78
0.26657051223062356 0.046855004921609794 1.9973302901202326 80 86 94
-0.41815484796758756 -0.06218484427682137 2.6026868024075673 28 24 11
-0.3384491461503447 -0.1398098306501833 2.2745498975564384 137 105 56
-0.2188225049999512 -0.2682413736113618 2.456365381666442 208 216 236
-0.08552534696805994 -0.0772158999704467 2.1809411745792957 58 62 53
-0.3733225868828662 0.02822019820416866 2.710498909201451 69 67 65
-0.2346383866398989 -0.2754899926267647 2.4619398862938118 180 190 210
-0.44618858814876694 -0.0880312444944007 2.542883842964533 118 60 49
-0.4698583506140912 -0.04020812157960942 2.5342419188233345 107 99 81
-0.37943678101633804 -0.1727290491530359 2.569966816719492 110 102 81
-0.24043965802778466 0.013513921276801398 2.070829259659326 209 195 179
0.27434880177316195 -0.05648234738979138 2.1358278868566876 179 168 151
-0.36684083486447894 -0.20525824118638622 2.3668315513907925 99 107 123
-0.3669726428941471 -0.04815816330166797 2.1523332413172187 182 152 136
-0.3266149343587275 -0.20507768406971305 2.591200685048079 91 92 89
-0.44975204699518484 0.026174509337158782 2.623197700287793 41 40 30
-0.2949051272382947 -0.23768379637034676 2.600524348509211 87 77 60
0.0007079483424402676 -0.30862040794105977 2.4931016016626746 147 147 154
-0.037689633081102146 -0.19220900284229964 2.332271677901614 193 183 165
-0.35353688589986504 -0.291366315479784 2.5129403875634835 79 73 68
-0.4269962101806022 -0.11153324706959905 2.5593962981756047 138 77 68
-0.39583903096894424 -0.14134069977628505 2.565602800802343 148 123 113
0.2958201598168821 -0.06146796438808708 2.1480576070856685 209 163 157
0.17635986792502784 -0.26351915164199746 2.4267965722959906 161 151 118
-0.2658379260936635 -0.12920930680395257 2.2577144436222185 206 167 110
0.2764164357115132 -0.254073232903888 2.4001661669204335 139 130 99
0.3949400982419085 0.022605991290343436 2.006753222368426 109 115 123
-0.39584353397924743 -0.10413407141905365 2.224904771310236 192 132 106
0.05097250509796355 -0.22278887379979193 2.374402249322185 183 183 171
-0.33105341824510726 -0.22500430168014218 2.388691678369479 183 188 199
-0.3807215963700094 -0.18316823569874296 2.335347554894233 153 153 137
-0.26976138562316115 -0.15780045472250964 2.2982682807417323 174 141 109
-0.0715077562419568 0.1558609536460919 1.8617844033464375 108 115 121
-0.2536287008194491 -0.14361346540432585 2.278299449054405 201 178 151
-0.36222710761531796 -0.13878204149803886 2.609680977836685 96 86 65
0.472872445187107 -0.04041141831795975 2.071061562994031 76 87 122
0.27357411949791 -0.21459229571466018 2.3538140109333425 180 186 188
-0.06369753176860775 -0.040595964786251985 2.129719248251667 162 161 152
-0.2669624427440207 -0.2578108588055511 2.439422452189433 193 198 208
-0.43869743368405595 0.06241443573882072 2.6560072598112727 89 82 66
0.24867967607559846 -0.2523069749063985 2.404845874100765 171 161 122
-0.38755360653979937 -0.13509702961074221 2.5878825920524635 103 53 45
-0.48811615012954057 -0.19365708496133177 2.3988236633927995 78 74 67
-0.09951528920304988 -0.2462625941655691 2.416140939878392 182 124 115
-0.21363514221403251 -0.03343844717506754 2.7934422242031594 70 70 66
-0.23450440455128627 -0.14980063039967373 2.6910548478529854 99 76 51
0.11032491713310903 -0.022106014483408033 2.105117403096024 193 188 179
-0.24481974112943228 -0.1311281905426625 2.26240918766887 188 162 135
0.049561937007734265 -0.3057605251826745 2.482996490553108 139 146 161
0.19470444995805308 -0.2499182799426815 2.4020268731080905 184 136 110
-0.325844211249633 -0.04922616282817044 2.706753531894639 55 49 39
-0.2272512047254165 -0.2815367373494602 2.468345606153617 163 167 184
-0.4393809021405207 -0.012456942986272092 2.6060042678959325 81 78 64
-0.34775417745668924 -0.14718879546091967 2.6168063831192585 81 81 73
-0.23143211206685116 -0.21083158873150093 2.3704320585505583 189 173 160
0.11682286639579112 0.0871009503513605 1.9604049259542098 161 116 93
0.020547588091889078 0.021976760101406194 2.0356602449537546 192 179 163
-0.21041684652634346 -0.06676536573518525 2.7666423406337133 40 32 22
-0.3683431687800204 -0.26752373408660696 2.5100302349162327 67 62 55
-0.11769239110804115 -0.1789786178376859 2.332431011634652 216 99 107
-0.2686109489146304 -0.25547604895057774 2.43263967635491 46 52 81
0.11098596791806903 0.10389504057698742 1.928454114518683 137 94 60
-0.4901700641464759 -0.11385601053874168 2.257815754831088 97 102 137
-0.3679751885814967 -0.2088789571517356 2.550395048823314 112 110 105
0.4235958288469882 -0.09280536246736779 2.162734468689232 124 130 140
-0.39920270487274834 0.03214160116429306 2.691213048461565 67 65 64
-0.19198822934840334 0.15010511197710083 1.8701605024927583 75 82 92
0.14532177587866082 -0.27605355514569396 2.440084230684405 55 61 82
-0.26245929583199334 -0.2657991488162523 2.437258057228635 57 65 98
0.039459604733152465 -0.026765734995956452 2.113995660106376 107 108 105
0.08862055163000514 -0.2819972954075974 2.4644230532997073 71 79 101
-0.49410482629552227 -0.03257965634626325 2.1221595368683444 105 113 141
-0.5455676017183679 -0.10228404983432385 2.2801729357528586 70 64 58
-0.2614664932176008 -0.21023544662524418 2.6296611095872997 94 78 65
0.2950908578632431 -0.13752198703357021 2.2441718494125604 173 175 165
-0.048336898914533744 0.1838427636381188 1.8195388769591236 95 97 103
0.04025985638776451 -0.0895439439122967 2.190856920887751 137 135 127
-0.28136925539955326 -0.04700457184602088 2.7326630314813287 37 35 30
-0.006755079343269978 -0.022057360103073013 2.105856720554541 161 161 153
0.2974035891016766 -0.18949970246568842 2.315197954021455 71 81 97
-0.5124458091244887 -0.11369764719107019 2.2319888691190988 74 84 126
-0.4344209364735119 -0.18298432720563224 2.489905721056817 103 92 70
0.022098928509719132 -0.05689472441601026 2.1547226809645936 77 79 73
-0.09146221792202333 -0.30101432095671865 2.4840269707794307 140 143 146
-0.35041492892409687 -0.22100444364367156 2.5575486346524023 110 109 104
-0.23077185850120777 0.1294235872938425 1.9034793247037232 172 179 185
0.01830876403597817 -0.16887399607738246 2.3046731678810324 155 139 104
-0.4515234310942261 -0.08636075884789292 2.5374864585206365 134 77 64
0.17202029023177054 0.038783172174504686 2.021645809575884 167 167 159
-0.2998956453887339 -0.043815549004095386 2.140518912361552 157 130 86
0.08151369553660262 -0.11339052965489807 2.222272159733715 184 184 173
-0.0009311072071793513 -0.2716475108860514 2.4434259324530117 126 121 104
-0.16607860839989536 -0.29848862264450804 2.61005128673213 82 73 57
-0.1830358038437826 -0.19560035853317825 2.679449534216821 119 92 74
-0.2518712930543534 -0.2635392977396485 2.4463839222248445 14 26 52
-0.29111732565341153 -0.08239446907919915 2.7096283159465346 78 73 64
0.06597978966072333 -0.0913624225675234 2.195527746406444 29 28 20
0.19146670851555114 -0.15862054788790803 2.65536578156371 100 91 77
-0.13088371918641226 -0.25464773221978265 2.6518840515605566 48 46 38
-0.21966363879844258 -0.26627131271140664 2.611334201094914 89 87 81
0.22048026402116508 -0.10889668750888744 2.6728084158287304 102 78 52
0.18052888469561384 -0.23947028877745735 2.608046826056268 64 58 51
-0.1821589909127882 -0.24602488793370264 2.6397391299355863 83 74 54
-0.026897191602280608 0.06531962143216288 1.9834279509519053 149 86 63
-0.2755491613892186 -0.14166255843862852 2.6742352619634078 47 32 11
0.0415982132425575 -0.2766829611743776 2.4438077469679227 158 156 140
-0.11307039846325899 -0.22461995117140063 2.6756212896194596 81 77 65
0.20197939029271006 0.0845261530328709 1.9464620963612316 130 119 101
-0.11409991919961286 -0.16202662378728888 2.718891333858245 88 83 62
-0.10099441102378216 -0.12543665916967073 2.250580967542213 92 94 85
0.031830273793827635 -0.13948059299663065 2.731526589777214 100 60 29
-0.20621759824983302 -0.24057778928027754 2.6363555520423763 130 123 102
0.01080681436877306 -0.14422172507342487 2.733202149038062 68 40 17
-0.23799752169273578 -0.22748707433083828 2.6304851256343627 101 59 40
0.11281544141085395 -0.17317838528853752 2.6876703716063437 91 67 48
-0.16813369294946862 -0.14871860122659725 2.716846376093349 61 60 47
-0.004662241072429735 -0.1622200362969269 2.7218382393771963 116 82 48
0.17282397845987818 -0.012599597892962841 2.0830571651324807 117 119 108
-0.21861091806342367 -0.23766724798247355 2.6314726261435393 89 82 64
0.8820684606747825 0.17479024703608087 2.536514021987993 138 135 121
0.31726814192580566 -0.19298540725613242 2.321546314611187 153 162 181
-0.14344912545002467 -0.326238666435897 2.6042710358338037 69 67 59
-0.15781514421515339 -0.22519223439406205 2.66680706341372 97 77 52
0.1561693214896078 -0.29988709053702994 2.4735647579429645 125 113 96
-0.2077863523963153 -0.051793333181437265 2.1507767793898735 161 94 49
0.3187592002780661 0.05390886559204332 1.9728530978069019 125 128 128
-0.17917668105919393 -0.15403882655815448 2.711498055806431 57 55 47
-0.16109611386584624 -0.2518757186818494 2.643802942890903 103 90 73
0.18595669199212497 0.05848445492217967 1.9863880332321713 113 112 102
0.012660436138958842 -0.17532970017170613 2.7089247672245134 77 42 14
0.03454720472951572 0.14367458991191207 1.8739463982833895 75 82 93
0.10526231167949968 0.12565245230832087 1.8953341163175716 122 78 48
0.04374487593762701 -0.09835272967494654 2.20777024029696 70 70 62
0.1710013455399117 -0.17794394508469225 2.3080508481609243 204 161 154
-0.1531024894657131 -0.2936836967322335 2.6126955328912618 53 42 23
0.00512680753213051 0.029433718831848636 2.028261268292543 199 159 120
-0.06324557921789946 -0.10823338443510959 2.2247914170911645 98 102 92
-0.13927254818559728 -0.09348846138022952 2.765270764441203 46 50 46
0.04097742732729835 -0.15206734817578346 2.2741901565931895 106 48 41
-0.17915740468516797 -0.30135719228698615 2.60268240358654 70 66 55
-0.08175986379411174 -0.19266134474558402 2.7026099779292734 136 138 131
-0.48112630195629885 -0.17786496163494658 2.4071442563559615 55 54 49
-0.42970478528699274 0.06752915162106134 1.973442670571022 97 105 124
0.2494567067965582 0.006786246636778576 2.049248631131493 146 146 133
-0.1733488441287126 0.15036019653335578 1.87819279644496 107 107 107
-0.28911522673287693 -0.21083970817826905 2.6104441499213196 137 119 88
-0.20197666625979116 -0.05510190911025155 2.7862588703920936 80 76 66
-0.27854197684481796 -0.27576744947570797 2.571020104233158 88 89 83
-0.023110199311857055 -0.15803989002687768 2.7276765031175287 108 69 38
-0.33531626917420615 -0.23233504418805395 2.405071103946206 180 188 196
-0.016721281330230056 0.15655812009201775 1.8579254035893977 166 173 182
0.07225857017841915 -0.11520968881697059 2.7400991945964743 63 37 28
-0.1646599181717743 -0.27576750284126783 2.6274100820728243 102 83 54
-0.005158240499169807 -0.14820524751393138 2.7322194932950223 81 51 20
-0.049077325798269546 0.0568258046863647 1.9958255899889332 158 105 79
-0.08046906578750235 -0.238621205800428 2.670214682034291 92 96 96
-0.054852290734985217 -0.2990620395471658 2.626524944038828 97 95 89
-0.22230200207846998 0.15554608295518282 1.8634172712893575 124 132 144
-0.11207188460927561 -0.13841101168964468 2.7369559321078976 72 72 64
-0.12752153971672361 0.17163286855010396 1.8361272938734607 116 124 131
-0.07979071392633552 -0.26314597421299113 2.6513454866385735 44 48 52
-0.0812923458646727 -0.21172859369685107 2.6887255160729793 108 110 106
-0.2316920393310082 -0.2791181466684846 2.5935921075594455 96 99 91
-0.10200520091935857 -0.16492709158754917 2.720847701478829 80 75 57
-0.19609973460034957 -0.20271580007795847 2.6668207224762415 80 70 58
-0.14756596987250026 0.15398200116162467 1.871697572095049 97 100 101
0.07569170889204987 -0.2100206342008348 2.357141102961774 149 60 60
-0.1077948534793714 0.1802603730524054 1.8263565606226524 118 127 135
-0.1296715411500136 -0.27808618675171914 2.6368865305396207 27 28 17
-0.16703649208675528 -0.2101259144829918 2.672048269072227 107 92 77
0.15098006849115472 -0.24579034135088618 2.6189221424238394 99 97 93
-0.10237309452210454 0.11554883048772539 1.9195667193997592 186 169 151
0.04185922115226533 0.17312253665817615 1.8327593251192082 108 115 113
0.11683017424169909 -0.005402942165602687 2.0778619188191003 86 84 76
-0.2550729804554817 -0.0974216063323556 2.7201521426704667 55 30 14
-0.058489236516120376 -0.052690965511938366 2.803603804540981 77 79 80
-0.16064760427857483 0.17506682252183042 1.8397901661813594 190 197 200
-0.3953832077257969 0.009202229171762359 2.67141572887631 96 95 82
-0.0977657579289442 -0.29203150270838507 2.468664048028059 202 210 223
-0.26450570971949533 -0.12086697679321404 2.691434916348014 87 48 19
-0.25985706737827813 -0.27547405539936454 2.578457015660274 90 88 81
0.13576346846417384 0.1000611152457407 1.9298070286839903 139 86 53
0.014194579313351073 -0.23446524815343145 2.6709383131647138 69 56 46
-0.29564295840546306 -0.10039783149317848 2.6974513950944674 28 35 28
-0.18720699496442247 -0.03890139092326066 2.7933449470399667 51 42 33
-0.07814731791519443 0.04148707179026355 2.0189912694254293 193 147 103
0.0799613723731791 -0.26719302440786935 2.4195238827130146 206 209 205
-0.44887974882107495 -0.16533383765847878 2.488876517251795 128 118 93
-0.10864461734799716 -0.26144033963816915 2.6519097299169077 62 67 65
-0.18935693196939113 -0.13742941021787322 2.7195170351718594 88 83 74
-0.1587761720690513 -0.2948619538475408 2.4844778828359857 133 141 151
0.06722691363848485 -0.012402640330680085 2.0799214402305797 184 185 173
0.09296102349129894 0.014000641699502298 2.0539390106766064 115 116 106
0.12170074487323328 -0.021793763090668508 2.09687228465788 74 74 64
0.14839183388793575 -0.09519452491413231 2.7188451005978855 120 92 67
-0.2509471987951973 -0.1988393969408081 2.6496630681760824 88 90 88
-0.34672330320994443 -0.013953529666020205 2.715559051259798 90 93 91
0.14566024717816733 -0.20516658815165384 2.648574020732193 120 110 102
-0.42071091190635174 -0.15661836868412649 2.303665037239465 180 183 166
-0.2138009823636612 -0.12653484794138617 2.7057370875097257 94 85 71
0.2985634507826266 -0.11043719344942815 2.2101437805507618 179 123 113
-0.08249386978386397 -0.06784002027143446 2.793119047918999 61 68 72
-0.29399276450169626 -0.13272298472808444 2.667178026837666 101 97 86
0.3214433529917434 0.01573790565785768 2.040917069783018 97 100 105
0.0449225327424957 0.05137769344052544 1.9969588060977799 199 169 143
0.15935801443105932 -0.22158403208715238 2.6288726691734694 158 127 106
-0.12932947955904095 0.11984072049084446 1.9123380851462004 149 150 140
-0.03314518247141131 0.03335856063783078 2.0268448796955565 213 132 95
-0.26452595210717855 0.061589585748119756 1.996904749374854 209 190 171
0.11612017764393805 -0.3651774384642037 2.559184962215905 56 53 44
0.06573274301272737 0.023212592180063503 2.0362704517632566 148 148 137
0.08807943095491247 -0.08361798970764986 2.7601992059279534 52 37 32
-0.07976469338480735 -0.33309975063350855 2.610151997058605 67 65 60
-0.08223264468364673 -0.13184054408870055 2.7458151560813095 82 87 85
-0.33585252657128706 -0.03969373239720482 2.6976088082792318 59 49 26
0.2528912842913753 -0.28269690530416297 2.430166125868471 138 132 126
-0.006475984192622771 0.013136985152402548 2.052427214058249 183 158 126
-0.08638384969310002 0.17350080234188736 1.8317339907216363 183 189 190
0.09408728433911931 -0.21079409025969403 2.667115249101822 47 40 34
-0.386330184043549 -0.05839964772127557 2.171158463427496 132 138 146
0.07843665448072469 -0.15453886114006748 2.7129001720747463 124 80 50
0.14921157656544193 -0.007435722983149879 2.0764652674495268 93 92 82
-0.11564222684760901 -0.07920430700249637 2.7718869023720556 44 38 27
-0.1794355825805488 -0.05675792314542293 2.780751695032514 109 99 79
-0.24687230893023368 -0.18918208253550942 2.6599757821591967 60 58 44
-0.10750474633605588 -0.09716966448202076 2.766543246331709 68 64 54
0.18983277484026181 -0.2119068080954847 3.080790796550344 162 164 158
0.031097170176696626 0.06822596395232887 1.9773381841018514 184 109 59
-0.1624756844754316 -0.11128883884036757 2.2337337047469767 75 79 73
-0.3781996112129004 0.07947718487707106 1.9731734921904134 102 103 100
0.2138218915838238 -0.20930653930960394 2.607255344530101 111 63 46
-0.308910007911704 -0.1318809030431506 2.6610231365456776 66 62 57
-0.22387946630412298 -0.21532578600889127 2.389951663055508 183 135 128
-0.19680588784575156 -0.17428645643477003 2.689339872937495 64 49 38
0.34439260145544043 0.038706105631338125 2.0010425145614548 65 72 83
-0.19138559558034735 -0.07329314292209056 2.766781513884613 26 22 11
-0.21858299852207794 -0.09157045245346361 2.7380383853248276 48 30 10
1.6276946256443563 0.7350662105815476 1.7663041379929343 133 131 119
-0.5151868350834076 -0.04301715764864275 2.1116221242979423 106 115 155
0.13808745561677618 0.078245659010274 1.963104529078347 151 96 58
0.2929924277343769 0.04570614166721133 1.9957386452960932 167 171 178
-0.18314746426010178 -0.13930357342494265 2.7290784039111533 103 105 101
-0.41644447954261665 0.07030691617856179 1.9853209447976168 127 117 91
-0.1838869074627015 -0.26673108694398345 2.6266756937732914 71 66 55
-0.18459588339910873 -0.09373050628290286 2.7505285304517053 84 80 71
0.21548812296770994 0.04452096280373357 1.9980118039902182 159 163 157
0.2550923859981791 -0.08498345981894605 2.1745361649190773 186 159 130
-0.09563596604270894 -0.24351659727439587 2.6706832007641723 94 90 81
1.4060887940253348 0.507052011570601 2.0714259068757412 160 156 144
0.08455301732586144 -0.10527025131738958 2.934756295311541 153 156 151
-0.15076489314337063 -0.19714002458661564 2.68272014036718 112 108 95
0.3351999863158788 -0.11145094688767504 2.206319515935684 37 42 57
0.17615753972522472 0.04038921511142642 2.0090757060221844 125 125 112
-0.455546962378064 0.04404773176682896 2.6342909950352777 64 66 53
-0.16877817888039626 -0.11719226991028153 2.739000889395688 84 87 85
-0.3107479779436783 -0.1542010169733753 2.6431519478946814 79 42 18
0.20139852698808292 0.049300814018127456 1.9911309094540781 66 66 58
-0.09763691098715452 -0.05810697529835298 2.795703892674901 83 88 89
0.08945064506598586 -0.12524356824393554 2.7301741290691024 115 72 47
-0.06869318736021553 -0.07052188484421693 2.168765269161035 108 113 102
-0.42459566008446464 0.025950653275652127 2.0466989803082485 113 120 124
-0.07633127005608292 0.025385735024701865 2.041311391151719 178 159 133
0.1666072541266673 -0.11694713997489188 2.699125246271855 102 66 42
-0.15061284852693405 -0.11842050033834806 2.230814510429237 25 30 26
-0.13988928757543642 -0.2929522087110118 2.622033237594464 89 87 75
-0.036267511261172405 -0.07225862592647933 2.791737229019139 41 45 50
-0.10235600165895342 -0.330251397049234 2.6092091040908887 46 44 38
0.300151542711723 -0.025583304251394014 2.0898874286060187 141 133 113
0.22447855397639646 0.10952656783344969 1.9080383165590835 167 165 146
-0.07647251953852474 -0.29558528365777387 2.46967427170981 213 218 232
-0.08035492156911495 -0.29762356605748896 2.6260206426268784 49 51 46
-0.28042320121680653 -0.2016634446847026 2.6246435448312804 109 99 85
0.03280260336952462 -0.11276906525152983 2.7531316037259477 70 45 38
0.007820960012662564 -0.1115852772713707 2.7565499260421475 52 39 36
0.169346963929376 0.0009540967153272264 2.0629871331250422 88 84 75
-0.03604811081959676 -0.30649975253451994 2.49251176825539 44 54 81
-0.11069226492782347 -0.18957768515712534 2.3360017045066837 152 29 38
0.1866535791926009 -0.27052901807223423 2.4336430105561417 184 174 134
-0.3375611275773173 -0.11372132665134506 2.6467770167120235 94 63 37
-0.14081981854934705 -0.29936804749011786 2.4890882013475726 137 145 157
-0.20862455838479704 -0.261013825384425 2.624060630178769 100 97 82
-0.44984833309124367 -0.06719638826326925 2.1789995444780064 116 123 124
0.11123734681865198 -0.08833048364205238 2.7420466627533875 120 80 49
-0.038842196273139416 0.08235273974729274 1.9575036765037193 209 171 136
-0.1257316039500763 -0.26036739960856176 2.43583504109399 126 83 53
-0.23649328079734658 -0.2523225374864068 2.6139520800732248 115 113 108
-0.17718899796917592 -0.048671171263831366 2.792175339003563 96 81 69
-0.24123773015246247 -0.15380600881515083 2.2907000336597942 188 192 182
0.7495102619847034 0.11274864103622358 2.6211590485741425 158 155 148
-0.1489661745642973 0.11118802685314506 1.9239867876730574 149 150 138
0.1200985266831794 -0.06085111366605634 2.760773212848927 65 43 38
-0.07175005443514931 -0.05987745134327055 2.8702505740556683 128 130 122
-0.03818585905098809 -0.14529252019079092 2.7348062692652304 62 48 43
-0.08172041204106181 -0.02914507867632115 2.8178724799547665 40 40 42
-0.05527519462128385 0.10475838185601294 1.9303832716622875 184 130 90
-0.04339763288811037 0.15477878174434348 1.8616119008182124 89 98 115
0.18569017833444923 0.15598673875636113 1.8434212588141423 116 106 75
0.03615637932287015 -0.23516964764203982 2.6642686198943157 35 31 30
0.07431707937450716 -0.33332845552507245 2.5846371880442307 33 29 23
-0.19245982314986593 -0.15948634817293997 2.6999525552421555 79 76 70
-0.03963650804525564 -0.09980917018786108 2.207421249051919 164 162 151
0.3076719219014499 -0.16299642505571302 2.283150071462068 64 64 75
-0.16320099189942835 -0.09082086796704981 2.201124102557394 178 179 167
0.4060656851296206 -0.05187110265843467 2.118304792659189 138 130 93
-0.174949949400961 -0.2924859372530955 2.4812670095944003 144 155 170
-0.182194092977177 -0.16531573373490374 2.700628909873139 116 116 110
0.6514780463878821 0.07553900166815733 2.6727565820103085 156 160 155
-0.2753720584623231 -0.046074865339082734 2.861654613584601 106 106 95
0.06911329895029553 -0.2320294093765748 2.663592231156873 44 40 34
-0.04589128041644011 -0.024419827410445953 2.83171072134957 70 68 60
0.08615250954227713 -0.2988766484150151 2.478992173878352 212 221 236
-0.3078589546721922 0.14616403122942653 1.831577994500158 42 54 94
-0.005920858532324338 -0.3416443242593302 2.597914318197176 36 33 29
-0.0419382876011862 -0.1579472177225895 2.7275728239761707 72 57 50
-0.08629796828545445 0.0854106828123837 1.95795993690028 197 143 91
0.26699549310624265 -0.19011473303089843 3.0439858987250723 159 158 150
0.37589941743719385 -0.022750680166501426 2.083884077062575 85 91 95
-0.00857826269734919 -0.2962662782426678 2.4672960248565596 126 129 139
-0.3328766044061862 -0.30083554825734576 2.519598004419432 28 32 34
-0.12661751486811396 -0.36646784380526887 2.577453963148584 48 45 39
0.185710801856447 -0.029654165413530106 2.1119350807851207 124 124 113
-0.029568771234146897 -0.1413677041889256 2.747544458789125 41 29 26
0.0714871139740936 -0.04541257129469959 2.1277654304328664 86 88 77
-0.5047359780570362 0.010573689061954274 2.0507445469462224 96 104 141
-0.11269833139515557 -0.18416869332980285 2.7059605827375943 92 85 67
-0.16559669579827663 -0.06493763754352501 2.778622447725829 95 89 71
0.4612988780769268 -0.12455697953109823 2.1466987975477556 77 83 119
-0.19579429137961477 -0.12476743989180092 2.72700708015305 120 112 101
-0.11477008235602192 -0.29265404022217933 2.469359132540458 127 130 141
-0.08145793655163056 -0.1716419312141909 2.7166191247783504 86 87 84
0.26933341104290603 -0.20274267137560636 2.337780910350782 39 43 61
0.11903978742367934 -0.2983659981681623 2.471965076479682 43 47 63
0.08735622149429778 -0.056402312948352115 2.1450294602867808 52 51 41
-0.055869570760617326 0.02922073722907718 2.0391860806453646 168 129 97
0.18853365214138207 -0.2460824718736943 2.599577677180037 101 97 91
-0.39897408795590883 0.007827406945556942 2.07577926785872 163 169 176
0.25381387886579665 0.07704705851698894 1.9544816888184697 108 114 124
-0.1349564169617646 -0.2788943880971023 2.4609894431462287 202 208 218
0.1782966340608507 -0.06894861491227425 2.159326200312353 187 188 175
-0.2055911057914108 -0.19024408300518558 2.6744381157945085 84 86 82
0.06779122252677271 -0.3062556970697269 2.486507103529931 67 73 92
-0.49809118905643046 -0.07938775875034282 2.16456359831856 223 225 240
0.11199033352454212 0.017182425432763392 2.042547226789987 93 95 86
-0.28178289489429714 -0.33472137662327156 2.5392268300356844 28 27 28
-0.2774132966186857 -0.01135781577965747 2.100141924149918 162 117 67
0.035869508975135814 -0.3016233441558151 2.483538690206545 109 121 151
-0.0016556978552242612 0.047384021784396844 2.0033693973653 199 130 80
-0.23432931777670107 -0.21228614103129642 2.649073432274152 74 80 81
0.02126755843125678 -0.18589231769943182 2.7092908570367418 52 34 23
-0.1396687973875761 -0.18109009467582654 2.705671121686599 83 68 52
0.0131133008427245 -0.18582693817883253 2.3264917205664206 171 65 68
-0.1449402089018916 -0.21319318210051463 2.6767313606640313 95 93 84
-0.1515756874427989 -0.14616586667210582 2.283947675708899 44 47 40
-0.25692781848459173 -0.1708189386977618 2.652828100043233 121 120 115
0.19860275017997608 -0.2027847865454774 3.0590808632704753 158 160 155
-0.23796380656152077 -0.2853486559421944 2.5860681772274816 105 101 93
0.21388089670412688 0.01994941900447874 2.0329261569339696 81 82 74
-0.3240168715001506 -0.23860316046539223 2.413091005936964 200 209 220
-0.4616219312792106 -0.024263048251420918 2.5654408976905456 24 25 15
-0.2993562763212197 1.324052201934726 1.0350462547278876 166 163 150
-0.20782421987953192 -0.35332109247158927 2.562859557717823 26 27 27
-0.36262010093832786 -0.07017277991299992 2.664280053801257 74 60 45
-0.2924354663246524 0.1295477288932892 1.9003548050008212 126 133 143
-0.08120829555233447 -0.28541057153477 2.6387440588581645 64 67 63
0.22717510552577466 -0.2057469748189322 2.6019132174450217 114 76 59
0.12231859446399904 0.13245468410411057 1.887003959301517 116 73 32
-0.25119001671019775 0.1439463886591541 1.8785192617280178 182 189 194
-0.05730818732942543 -0.28896597003946145 2.4680543000355937 196 201 211
0.11697114110537142 -0.12346368073648728 2.7236208076019444 114 82 52
-0.4329851134752601 -0.016150182232178154 2.6130538599212323 131 132 122
-0.1667728745396806 -0.3257999717422447 2.5889747570989505 45 44 43
-0.32976384850340423 -0.06998688557155507 2.184763700905917 196 130 79
0.02298614390257561 -0.27666096735098455 2.4590716956205463 60 55 58
-0.060864088332916386 0.07383488620666812 1.9711881699553055 184 128 81
0.36858474633875454 1.379518829912888 0.9309285010158245 171 163 154
0.2405707638977784 0.023538656802215684 2.0164994196070043 129 126 110
-0.3626239514749445 -0.19390833843559768 2.352441862008028 41 50 63
-0.31615751305898726 -0.2925481197924776 2.5422461872356066 44 41 39
-0.29831372638595705 0.097747750137879 1.9492445676090406 87 88 87
0.11327661249883691 -0.033672247941602625 2.8412866934216576 130 131 125
0.14019895293685744 -0.23418213655782386 2.386514963219974 155 143 104
1.511220958430655 0.6452197796465594 1.8984402728565022 161 158 144
0.13892605964435142 -0.22606929411988075 2.6393365452904 134 131 124
-0.029916645012231926 -0.20911521945607828 2.6928167395284834 33 27 28
0.13675491726423955 -0.29884926000041895 2.4672065408802157 68 63 61
0.7042185743738366 0.04542623572049657 2.7338849437579444 165 167 160
-0.1271604569756298 -0.18856541671140184 2.7025860724985 129 113 95
0.123550871324526 -0.03560466186143771 2.1181252170134717 73 75 64
0.01082113127433408 -0.0840042232613642 2.1876202581311106 174 173 163
-0.22183097713644945 -0.28699293461184355 2.4709832803299743 167 175 188
-0.16146563958964852 -0.2350758793839466 2.6537169938278447 93 78 61
-0.21761514375608043 -0.2006508477192862 2.6596804824679072 75 65 44
-0.4123897719306465 1.5050613217433477 0.8650407709009419 162 158 146
0.24376932004723395 -0.1790169947585832 2.311736175283488 185 135 128
0.09479572238025194 0.036787549730363765 2.016512776456194 200 181 159
-0.08159402712250692 -0.11301554354004906 2.9435159349030258 152 154 145
-0.0951147243841903 -0.13716162887942335 2.74092383650619 49 49 41
-0.19774122684740447 -0.19094055954300043 2.6751055268106376 102 97 89
-0.2195556872621375 -0.2036680487203289 2.649504162385737 99 89 73
-0.07407429257291161 0.12038852293683973 1.9059742290609878 173 148 128
0.08548133668921562 -0.3436788420409127 2.582393165630889 51 45 38
0.31809337569134366 -0.17405291917608684 2.2966273360710305 27 34 51
0.2309866842938874 -0.004528849862789198 2.792843850267557 143 144 131
0.15282765819272268 0.16100173506208854 1.8345572078214343 140 137 110
0.0031178259612732653 -0.1678054580197796 2.3057266098034765 184 170 145
-0.019097821719518345 -0.22153257388199696 2.6851884721052617 57 49 47
-0.29087668792437704 -0.18738218807384438 2.3415323301810087 149 148 132
0.40064903675582025 -0.027290972117844727 2.0829192738239493 135 128 93
0.265831154819224 0.09570609578190571 1.9186899563068314 108 108 101
-0.369011767422286 -0.3243481693412873 2.4713987970962368 41 54 81
-0.19268745605270232 -0.2876812552451171 2.490438404448608 147 133 113
-0.14549331441733165 -0.0677488964838703 2.788375688314727 59 53 45
-0.05497877297102086 -0.16345989030921973 2.297864128538709 142 53 56
0.20813496527411546 -0.1426319396190158 2.23951401707721 126 50 48
-0.33302816003685853 -0.1662352224324746 2.6092563789842624 83 87 84
-0.25259105077038335 0.09653461421556415 1.9488982670836805 118 114 100
0.04264296411648531 -0.20781495291434127 2.6898433717735357 53 37 26
-0.09514720307623266 -0.3490383915050753 2.5970517954027983 64 58 48
0.2406430697314931 -0.121289361426284 2.227602911469867 202 180 163
0.30324587130686925 0.07332023990199525 1.95176550218504 136 136 132
-0.1567367016944325 -0.05124250775550102 2.789276235469987 58 47 32
0.3329200825660014 -0.15209874154737235 2.2686756219848743 110 118 137
-0.3779728754001436 0.032104396169950526 2.0404214785447587 169 171 174
-0.20626396736799008 -0.2631868082508303 2.438468250058233 87 96 112
-0.4914968739457196 -0.06243898873203594 2.1490959686264253 173 172 181
-0.2191138207136289 -0.1443173375967658 2.6957355977125173 89 83 71
0.23756245861319575 -0.1650734476047706 2.289589610454673 162 149 130
0.10338663854014062 -0.2898446443931821 2.608397259806538 69 69 65
-0.3135396812812699 -0.2567156630912005 2.5823985469868296 82 91 87
0.6022101485637933 0.014419433417655586 2.7561216285454755 155 152 139
1.3697033617186611 0.8360856358748926 1.6216871109970106 156 155 143
0.0459323765884817 -0.1896864970343287 2.694759793765696 117 82 48
0.7933226965611243 0.04298506655721027 2.7147919721527973 163 167 163
0.14085866767821534 -0.20930522938909607 3.073311627916558 164 165 157
0.550797352155148 -0.03093400894409518 2.8201449614404392 162 160 150
0.05439954176012057 -0.06529885513048948 2.7807454369813205 50 54 57
0.22103715235818536 -0.07318889597247573 2.8902952941286286 171 178 175
-0.4267420454974973 0.006943406787204681 2.667326671822044 90 90 79
0.06271140809254207 -0.3109870050672631 2.4794293839007584 44 51 76
-0.15578336891100325 -0.2961863297856128 2.596724636104828 60 58 51
-0.1308020201227618 -0.11460624839224859 2.749843861893841 93 94 89
0.46942632858960165 0.09495785124236013 2.6496570211408894 148 145 133
0.14456022177201164 0.03290452976866508 2.020750240227452 55 56 51
0.4174301806205976 0.10870906530109176 2.6064019298383356 123 119 105
0.22465265212649438 -0.2165672055166508 2.3583752619201377 162 119 85
0.2822876796901037 -0.22579178399898284 2.3689509037097283 125 133 140
-0.2344696717282472 -0.039433206602042976 2.8405410637142663 109 110 103
-0.463633091521405 0.012043567315827628 2.5832549559665816 141 143 130
0.015988648766036687 0.08339824422040067 1.9519331900958456 139 71 43
0.15685402289347009 -0.02242734525764525 2.095819622181692 68 69 60
-0.054426388811573564 -0.07476323971043115 2.892059960068476 132 133 120
-0.01953101699452269 -0.3024882100661381 2.626324133657237 96 95 90
0.011434173818777753 -0.0313382792297755 2.136938429610866 38 34 31
-0.2495856549358008 -0.2115339689676962 2.6417076294787614 90 88 86
0.7191362090990401 0.05058509873131736 2.7073035786459827 167 167 157
-0.2393277455705266 -0.2675454108884941 2.460171219515705 177 184 197
-0.2550187307068426 -0.22330099515812687 2.6154970701441105 74 62 49
0.17014941362159636 0.08974169901309223 1.9389776822113431 136 80 40
0.21927772020879438 0.14349226981775662 1.87790429605496 143 144 123
0.15323352086864908 0.1361362780674486 1.8712223079986152 153 126 103
0.04092500166768686 -0.10698943519828337 2.937503453019767 166 173 169
0.035907350848145426 0.016162035124266366 2.0449249001947316 149 148 137
-0.4217473849707392 -0.09642651067997574 2.577755121227859 98 42 33
-0.007925073312312653 -0.0789287320026795 2.1836547464467713 85 83 79
0.5284206359367598 1.3580282409458806 0.931597991962062 185 180 174
-0.17838272315302153 -0.22291704692437084 2.3821418723444814 103 38 30
-0.5308202624321298 0.026067540141726867 2.774320089715904 135 138 128
-0.4729717879301283 0.005975650239510067 2.0576153683419465 49 59 83
-0.03676637114244179 -0.046050685640621515 2.8571785472141027 110 111 101
-0.3141957681262928 -0.2796829797564414 2.5466823637590648 32 30 25
0.07805490775607801 0.11870678094232674 1.9056925506222149 157 99 60
-0.11601883450370407 -0.013704564008591394 2.102056552083344 185 169 136
-0.2209888257163119 -0.2546810876371786 2.62270594636913 113 107 90
0.28561071817300204 -0.16926417833322716 2.2859031262812417 55 60 82
-0.3281308888585541 0.07913476372626276 1.9753444412503147 100 101 102
0.03258349841642236 -0.1972207880512217 2.6877771470901446 112 71 34
0.06657768514741284 0.04396044526381905 2.008618147536897 155 142 123
-0.004090807196466634 0.168743231799662 1.8294325520290682 104 109 108
-0.04512954943573795 0.03717518736933041 2.0386088487436425 187 129 88
0.17879869838880658 -0.06608144173285364 2.8527920160813083 158 162 157
-0.19720103700594444 -0.2754380077526696 2.4620474947189157 124 132 152
-0.05561897501451759 -0.2626600474299985 2.6538179071429107 97 92 75
-0.1832637253048162 -0.2789536788134545 2.4491281003853005 22 24 38
0.17152184150962196 -0.057282301874431465 2.742341411946301 74 53 45
-0.16608987438277165 -0.17640468456383226 2.702902319292506 77 66 41
0.6639573438462657 0.04279047198015745 2.7183897895060234 165 166 159
0.027744387338801444 -0.21306122176420264 2.3598741779138797 216 163 159
0.3575061979135865 0.020852153487667946 2.0220938563088033 61 65 75
-0.31473138427199426 0.10797145838922442 1.9228701730736082 155 159 162
-0.032897837745042575 0.13239457801709797 1.8916517932072536 200 187 172
0.37225061735757825 -0.1352609530780606 2.240916503647073 24 34 52
-0.20968903243989676 -0.2883880606265679 2.5988990314655664 33 33 23
0.05238152105033279 -0.2975287224230094 2.487851433964481 67 72 88
-0.20532118879507927 -0.22651883589295627 2.3909242301107607 125 54 51
0.21654109245096095 -0.09249072439371978 2.910414603686497 147 149 140
0.28686425138989197 -0.08287882322188309 2.878853994656582 157 159 150
-0.2549878833902733 -0.31299660652608297 2.5642204836981946 76 70 55
-0.09779138054143538 -0.08196064410131697 2.776384785089223 73 68 53
1.102879776517682 0.353642560689996 2.2860418605712494 160 156 143
-0.24405003744245235 -0.30476934745399814 2.5683906382273736 40 39 36
-0.5128793439985083 0.0433851804585607 2.760751579328266 129 129 120
0.3116463632722656 -0.11592908477649948 2.218073787194636 135 115 104
1.1173136720219141 0.4908025124735203 2.031304047435322 155 154 142
-0.10936375572418575 -0.26427829964102295 2.441392034033724 211 165 148
-0.3699123181090019 -0.16946705407846824 2.316597409495967 196 176 157
0.4150449304229503 -0.029577586640821857 2.071974389128678 103 111 118
0.7036069850858099 0.09838654394744623 2.639966412460642 152 151 143
-0.3106129336559539 -0.2802801323716734 2.5546685493461303 89 92 87
0.004090483129081279 -0.28653730535710814 2.4642707246440443 122 117 120
0.41990937047461335 -0.03608002337980052 2.836135736871345 164 166 159
0.46382795777405456 -0.009971773568441703 1.9996947790112578 86 87 93
0.3746293934167439 -0.07958499721185512 2.1654903986422838 121 130 145
-0.2499635511870081 -0.09584465378747434 2.9143131043663937 139 141 127
0.3110260824252563 -0.07991558016898004 2.1490253381817666 133 126 110
0.10012125148201814 1.2877369918501618 1.0562961684117969 186 174 163
-0.13678066789554078 -0.06890710897247444 2.7894431334007628 65 67 65
-0.48265629968586465 -0.017088838368468966 2.532321800684256 114 116 101
0.17522706845235436 -0.21131851036116722 2.353875631848057 160 151 122
0.07742324719246041 0.1860277750989381 1.8116755113575982 150 146 119
-0.25641487327650786 0.03880558075042411 2.0322235872435725 186 162 141
0.21951424149670679 -0.16313886230714358 2.2754418203186084 139 134 118
-0.02853301394105148 -0.17463908282450455 2.297885773579814 105 34 30
0.14525011090424775 -0.28787125133699193 2.596482722847009 78 79 77
-0.8144862227013532 0.9116445543256763 1.6313822417531476 166 165 153
-0.19089792584606466 -0.01325246372435387 2.80161172076517 62 59 56
-0.059964630448044766 -0.04892050450711087 2.819030472179053 22 23 28
-0.13709135215007406 -0.10149263554858966 2.214730087676016 129 124 111
-0.03403135208322282 -0.2529066589707198 2.438027856729622 167 116 112
0.05777302129146967 -0.2139346909482635 2.3642184847936596 217 169 163
0.4613892595297006 -0.20328518923521377 2.3093878636631096 172 169 159
-0.2793097959242892 -0.07891183845425426 2.9079840884061197 145 148 135
0.23466703269831365 -0.23509973367556108 2.5760849587799144 100 91 76
0.22417653617648703 -0.2623299806311992 2.5650773194060164 45 45 46
0.37163846320302485 -0.025620391937029766 2.56740981913709 115 91 59
0.27963509091816924 -0.13553494321391096 2.6085051325205613 135 118 103
0.374257925722865 -0.07462564632063447 2.531763010392436 65 49 41
-0.13582580336516345 -0.24388074741794963 2.4119502850634587 223 205 197
0.1418354645956936 -0.17683530998126146 2.668641714929001 91 75 61
0.2519532650111383 -0.26735162861752176 2.539218304505293 71 70 63
-0.3466395487100328 -0.05877928511431252 2.6878980962110304 90 86 74
-0.24246772263366156 -0.12016393802823191 2.246810089751545 204 176 148
0.32311086389529914 -0.13637519267402723 2.5617566361999 139 118 100
0.2698479675357773 -0.22260981982986708 2.5568756897873364 111 101 83
-0.10273303092325983 0.026842155159753904 2.0359747396480627 208 164 121
-0.018693060825739332 -0.17896564670049947 2.3209234603244666 201 189 178
-0.2266453630576593 -0.04092232580361474 2.7720145172955157 91 86 72
0.3238947041166638 -0.1859797353221303 2.534162613627021 110 102 93
0.280979826704334 -0.239428400021738 2.532752724682791 53 53 54
-0.18404291207055348 -0.16820811392900922 2.308522946697849 27 34 29
-0.20953942575452772 -0.18104772680048498 2.3286144740279435 126 131 121
0.25704834659841264 -0.18771433395829304 2.5913933315193143 115 62 47
0.2999072711964696 -0.1544215130113232 2.5773009431785483 151 121 105
0.19979202637358429 -0.16790725564103928 2.2931730103565373 137 70 72
0.29188298121982587 -0.19802036815661575 2.5553701747562005 139 129 120
0.013106700373335594 -0.12117479782530434 2.2343752143633417 73 77 68
-0.20323852361281822 -0.10143527963815568 2.2180518220196017 186 189 178
0.3455248477710336 -0.08537258682172623 2.1672882753069156 203 211 219
-0.006628039832645706 0.08468471270804603 1.9543209783697262 196 146 96
0.2417572532526654 -0.13672233576725373 2.638870420395647 40 39 38
-0.0029276946213040514 -0.2010766742750815 2.6950367046560135 86 47 11
0.10577687658652901 -0.04950614766729429 2.1333571851073954 36 39 31
-0.4901065228173495 0.008269413524441774 2.033204937723059 63 81 130
0.1932561723892246 -0.11798512150392758 2.6874447083317947 126 92 57
0.17525750496190826 -0.14474153339813306 2.6757213840577374 127 84 59
0.1723288301586976 -0.17225415431449773 2.6571133579081887 96 87 73
-0.26735838745011187 -0.1505831157043482 2.667298967252562 99 95 75
0.13621047983965093 -0.10937734686332853 2.7228072525021285 142 108 77
0.18756473797237042 -0.2185377383360516 2.6200554717436506 145 108 89
-0.10996192899251062 -0.06880721967338989 2.784665822409614 100 96 88
0.08406135959830799 -0.037624869053006035 2.1228432463596927 128 130 122
0.2151921703787303 -0.2500469087792188 2.5821001357329334 70 67 62
0.10705839184476978 -0.27884843178804336 2.451746105994347 62 69 98
-0.4485397316558861 -0.1679607696008167 3.0389743868737225 156 157 139
0.07524975622695124 -0.061375815060384975 2.7764086417523974 60 67 69
-0.8893056723172106 0.2408311481610506 2.4936097499012173 160 159 142
0.19596314394882497 -0.335996721118477 2.5310538125899824 57 54 47
0.3455801113995369 -0.10991858075477859 2.55003257742027 75 64 50
0.2969232493017669 -0.2788698866995453 2.497145469159727 92 83 72
0.05355845889838611 -0.0660303988117398 2.1654519459315256 120 123 116
0.2986814405110543 -0.12810916633639646 2.5958345084592205 118 108 95
-0.01568512907189356 -0.2309258791727859 2.3923989466923814 147 38 48
-0.09977893813461437 -0.08656459750970223 2.1899508527457656 127 132 127
0.2516457308340409 0.03734947576379217 2.0087399720222274 112 110 109
-0.4057824875990429 -0.06118541233669382 2.1742781020161446 113 123 131
0.22895252214426995 -0.30710807606175455 2.5378612920693877 66 58 47
-0.17101836018090152 -0.03294979781824177 2.802018857461705 102 103 98
0.2645090205347934 -0.027513595705999056 2.096269972777997 113 109 95
0.27748783728391707 -0.16805256291661386 2.59299363925747 148 128 106
0.24779485607069904 -0.25987134080964214 2.42507182982778 216 211 191
0.18593383732917018 10.54015520207951 -6.452341147179585 198 195 189
0.3194541490470798 -0.11472160009865275 2.5768449536044984 103 76 56
0.23951397665259602 -0.1964543438745066 2.5897348050802096 151 106 84
-0.7532941879750734 0.0514156722788375 2.730326124454256 172 170 155
-0.8104370638727497 0.16317094546483576 2.598598012787763 181 179 163
-0.3615555909217315 0.09546081712137905 1.953804295035497 150 153 153
-0.016196625430905335 -0.09275203704636291 2.189847934582328 138 140 135
-0.3723569289912336 -0.014741139085974417 2.109540733469683 151 119 99
0.23726494160449893 -0.05545575020122895 2.1393588268035373 155 156 142
0.28149377488665583 -0.19147663577685875 2.568131431809491 85 75 61
0.14279310721982028 -0.12416908769432941 2.70547141779402 94 61 47
-0.42467002482857674 -0.12221023344492117 2.251614230078022 172 161 143
-0.33297018657996097 0.03976075306363735 2.030378802215233 142 138 122
-0.44118067621709467 -0.016232232853132966 2.104479293591529 137 146 152
-0.281979124705159 -0.2656847335902662 2.4432716789248587 145 152 160
-0.44737224812604276 -0.16031050199606398 2.299396481712339 131 121 91
-0.3690220225372588 -0.04330691107880157 2.147783680901016 141 113 91
-0.1463575357610082 -0.23867180182639977 2.658008653509755 149 140 127
-0.12079472005268514 -0.11980865655307174 2.256023381054066 14 22 15
-0.8234342604721421 0.2634760852617483 2.476010853619431 178 175 158
-0.06203748535864411 -0.31793416715217276 2.5038716049934373 151 156 169
0.20368790913937448 -0.062376242940174485 2.14555268111481 187 189 176
0.2159288207322557 0.012374522456709924 2.052141772257429 91 95 87
-0.3739754988113492 -0.19477189630514563 3.0851643213956135 178 183 171
-0.1089041542775633 -0.2097188273424961 2.6846548349053068 88 85 75
-0.040022323455697346 -0.18585772343505688 2.708427625244759 47 37 33
0.2705967960837768 -0.20732594694359308 2.568562918973517 125 114 105
0.15227815869523847 -0.32522427156687206 2.5670069814180225 52 44 36
0.04899024042105683 -0.29277479251885175 2.470872800084957 104 115 140
-0.1398264951847603 -0.07375401490466531 2.8998832023680667 160 162 150
-0.2724115017732578 0.14112497590591894 1.8860561605820272 142 149 152
0.23842084115011292 -0.27136054237148705 2.552730059018533 104 94 79
0.3046210817608093 -0.20964669300148628 2.350337957374656 25 35 57
0.15834794207324637 -0.10811838843146761 2.7119786601302587 128 104 81
0.1049903527677831 -0.19579239912169644 2.675653556922118 47 42 33
0.0563752945501584 -0.05414021819130281 2.129483654697793 188 190 180
-0.4080321473245125 -0.01504613945167109 2.109534912449182 188 196 203
-0.2084226054622408 -0.07624322811576148 2.8938887858147755 156 158 144
0.052159910602045334 -0.04664063738646744 2.1383088438039577 160 163 156
0.25171196655594447 -0.20636623521856354 2.576708320170469 144 129 107
0.03412462291659362 -0.05918702612173491 2.7840722868979775 37 43 49
0.031069934745305547 -0.17221322380084883 2.7113737304780092 73 43 11
-0.42610844265489806 -0.1815122049352751 2.3327696473375505 155 145 115
-0.3158869833065657 0.0643489258196588 2.0011501488184327 158 158 144
-0.08268979403202499 -0.3354752754642114 2.598332659550356 62 58 49
0.005600031483856979 -0.3038949701084107 2.6257763999093333 124 121 115
0.4582989409892389 -0.09359883983066536 2.114620762736193 64 81 134
0.44981326973884395 0.018318695686348842 1.9642070618591965 158 158 162
-0.21791292803535803 -0.08518648499054833 2.2024050574989764 188 166 132
0.17049921364766255 -0.24293888292272608 2.6092390673688217 90 88 83
0.23729243339556616 -0.1961991705640897 2.600964989005709 135 99 80
-0.3998814794341376 1.4649233540006739 0.8044538694336216 179 178 168
0.31529824969124 -0.012349182104614406 2.650124518386624 50 39 39
-0.6969119369905208 0.07476780946102807 2.7097932729793284 170 171 156
0.33214991984443437 -0.14412105248486137 2.545535436329683 93 81 71
0.20731703628239614 -0.24443409447382095 2.583106245287563 87 86 80
-0.7451243889031949 0.08619753337631467 2.720992920074254 171 171 155
0.45186371903434797 0.05554561786811849 2.7047673152068787 175 171 156
0.13765780570168995 -0.29909437099502234 2.4820050929679383 211 206 194
0.2403003025975696 -0.20145581832143583 2.3376441708506053 123 122 108
-0.0663332951786681 -0.0750884693508507 2.1846521888349932 98 104 100
0.09185168775060303 -0.014072004377393185 2.08874687753005 207 207 199
0.19672281266115987 0.15831491445992985 1.8273096763621024 121 133 147
-0.019936548574420503 -0.18387478320209738 2.709996744667184 85 49 16
0.30542533578978304 -0.055848458083749705 2.1385660765185106 173 154 140
-0.008132407963473006 -0.07808258420656042 2.789845228102519 50 54 57
0.24470125908804857 -0.2204726716977176 2.3627181790199967 158 110 92
0.11748645381504753 1.4011123893258433 0.890231217361008 193 192 185
0.23810127598987574 -0.22828036725358852 2.374738120060597 226 188 156
-0.2838796958060655 -0.22316452555051086 2.3976698221404553 114 133 157
0.39292071546761104 -0.007872627381429728 2.0561009813492643 146 136 93
-0.014618071390785607 -0.12222797841541967 2.752536126665586 59 44 39
-0.8312353160372256 0.19155085333791105 2.551167926750261 179 182 170
0.19607373489121946 -0.03675347706851592 2.738714580923904 58 50 50
-0.19076798117993132 -0.27136029036374865 2.4561223941510058 51 65 86
0.05468838083034865 -0.29323689776563716 2.618063175871926 130 128 119
0.15796092661455072 -0.21307858089899442 2.6426784420291263 125 113 102
-0.04321402861870734 -0.012965786355894066 2.0885299534021513 160 161 151
0.04990888857796626 -0.21290788044090644 2.3638208511966265 252 211 206
-0.5104127975099187 -0.010567972306310233 2.8193498045002863 163 165 153
-0.007869278729490973 -0.302079736524035 2.6267800277773397 115 111 104
-0.14238735566581076 -0.04975607514553342 2.8654932600485856 129 129 115
0.22194441123305397 -0.22925087118734858 2.5908896484502244 123 109 94
0.4074179178534031 -0.00741440149932646 2.0462537787286625 86 97 102
0.2673504547603371 -0.14924972059941 2.264380007816055 172 133 127
0.3455535498553158 -0.08284930431142044 2.5626421605657486 137 106 63
-0.1588902145156899 -0.09443870934281996 2.7624023875320614 99 106 102
-0.4610918101628121 -0.16664915811864836 2.3288261555264276 99 107 138
-0.2722405877685053 -0.05249168833173974 2.7421701588333085 67 68 59
-0.12483577336472892 -0.08502982855711487 2.77005078182014 97 92 79
0.3640740451301484 -0.06989371595642903 2.1439350728145787 26 37 57
0.38467213939052286 0.02766765304566402 1.9928639562700057 35 47 66
-0.04220332204619365 -0.1786821079714626 2.715208043149372 47 40 40
0.1750430008351059 0.16690851877474833 1.8385201227995265 147 142 115
-0.2538307121863625 -0.263337906307029 2.437752229460336 71 85 111
0.1272372124255964 0.020826519722670682 2.034220119812913 73 75 66
-0.2610289883872416 0.011340145206912773 2.06994481440563 204 176 157
0.3070642289275826 -0.1911844801146541 2.5407430717857706 110 105 99
-0.001546537383442886 -0.11277777943296348 2.755424308811504 59 42 36
0.09957235496906591 -0.13634002614292978 2.7183664155380947 109 60 31
0.005913164678200637 -0.06630078132702208 2.7879884823084207 34 42 45
0.5937535176639859 0.15815672624265573 2.5538969483579748 173 170 154
0.03049437137508113 -0.08562797699469299 2.1825117668409963 170 170 159
0.19904019168376427 -0.23905606460761886 2.5965677889727012 128 115 98
0.1809239230626981 0.006634687324929581 2.0538691618027154 46 50 45
0.2013987656390706 -0.2628183791750117 2.5738734562686725 104 103 99
0.083670884661044 0.16644488428541251 1.8512336229376012 187 172 151
-0.23109264806632807 -0.194458736091236 2.352414204642918 67 70 62
0.20480458948588226 -0.3182758314524409 2.553934015424498 142 132 122
-0.0998046634015328 -0.09762297963444803 2.2101435942045695 113 118 111
-0.3004578105784504 -0.07050466791357166 2.883691884657469 162 165 156
0.4218322404166534 -0.09926584958022688 2.1673382744943743 42 53 67
-0.07903652581500384 0.18000696260848195 1.8318548061115842 95 106 120
0.20890249688923943 -0.2542973647357457 2.4097236340014043 222 173 143
0.02184643524981057 -0.032348298994661705 2.1125527034979616 123 125 117
-0.3107037284480607 0.026368750712398217 2.0458093861719435 175 177 168
-0.49763962062937533 0.0454248448509693 2.7492729784125043 131 131 121
-0.18194314474594114 0.16453699505935393 1.8476639573745415 104 110 108
0.4192157935108769 -0.05052065017851617 2.0921771288394226 31 42 68
-0.29390529508571533 -0.08474182715850585 2.738821471607667 76 77 74
0.003527586845217017 0.0855293148985496 1.9708088641116002 200 144 90
-0.12151950583480822 -0.23496634996899143 2.6693152568859344 134 134 123
0.31740098795729715 -0.20564992605951843 2.5045986987553723 112 108 104
0.17480660354217126 -0.26866929400357986 2.5854141853892343 108 105 98
0.26854172050614894 -0.011229548366435553 2.8090218744607234 172 173 158
-0.4709452696139066 0.026881041216637116 2.0011345442322868 57 73 119
-0.31456570615311225 -0.08054053674990395 2.1955819698614225 202 141 84
-0.2658689015031323 -0.13314396265943632 2.2632291817706824 174 135 73
-0.4030535386107104 -0.18011406139323732 3.0478173609710644 162 165 150
0.17013767091087625 -0.08006454771607655 2.7231664555184443 123 80 42
-0.05780904169204256 -0.09760369001177091 2.769212444481016 70 73 64
-0.745675398166211 0.05559903384390235 2.728479593945248 178 179 165
-0.4270555811646685 -0.12326582386716049 2.261714229528536 179 175 158
-1.2430423260360877 1.6509663220164987 0.5905347872234219 179 177 165
0.1354020362628452 -0.28012152777289234 2.5994507561361173 123 118 108
-0.3274020953164442 -0.17577286748659338 2.3235102309969866 173 147 118
-0.003118930312060215 -0.044232423969477117 2.8008357403343944 82 84 87
-0.07720327826852084 -0.0335676485986208 2.11621367469139 182 185 175
0.2763931071081979 -0.2505100879201076 2.402322720800036 144 137 107
0.18188111764568587 -0.33060201824522245 2.536904540266611 107 101 85
0.21160176975172415 -0.24186776670312587 2.3804516737335666 118 82 40
-0.022936490118127675 -0.29748726826441535 2.469276199957504 68 80 99
-0.32508629535360406 0.12557098135415043 1.899282220362492 170 172 159
-0.3347844265851691 -0.10404158394665174 2.2294033375951705 204 170 107
-0.33698620498151566 0.10823114912840337 1.932278950089811 119 124 125
-0.20363702592823038 -0.03040306046539146 2.1233606776719385 203 150 82
0.35689819719822674 -0.10910182371934952 2.203454929897538 68 71 97
0.07962373018447194 -0.02378204843289827 2.0965218854147483 80 81 73
-0.018190126316403196 -0.1843280336274345 2.3314537186067374 217 213 198
0.29596091416306525 -0.14293718319478277 2.249581327859281 152 153 141
0.15703725575787156 -0.2649679454891793 2.5897441174381903 79 77 70
-0.45283868601300303 -0.1045020597293313 2.2282083968631485 172 175 161
-0.7750021916954393 0.025991523484077655 2.7543139630013314 174 172 156
0.029905514263402478 -0.10733958546934455 2.220005195285199 26 28 22
-0.1491661297765434 -0.10513042438869152 2.2243632917808616 63 70 63
0.3749937349119912 -0.059451292922558296 2.141405596450928 128 137 153
0.10547640713385548 -0.011343005387810542 2.0814370526785075 71 76 75
0.2662286492538556 -0.13950997850410032 2.2498265663071635 178 175 149
0.24393826211600514 -0.13918176497045892 2.251817206111456 248 171 172
0.26262709706151827 -0.2184489526520429 2.3580129208675413 189 184 156
-0.19951877274344437 -0.25262207219544897 2.42749607900845 132 137 125
0.19755709927255505 -0.13595539920231964 2.6684603254640367 80 57 35
-0.1552456871689621 -0.21194290072660393 2.368089324388217 150 59 66
0.1615632818725194 -0.272329889035836 2.4360408732384067 186 185 161
0.027920564543583277 -0.24522927325052984 2.407362414090204 193 194 185
0.013997695944661059 0.0999506402956893 1.933097877747158 179 109 74
-0.24063061638023345 -0.20385988929879803 2.3631170124241616 189 192 181
0.14145112157260015 0.13563615508242657 1.8814668556011882 142 96 65
0.20833388975810951 -0.12833377018207162 2.667728911727069 122 109 94
0.2683132728052831 0.07243229862359371 1.9585432867424644 149 159 168
0.04365858430176768 -0.26799430225703585 2.4422101456975422 87 85 68
0.11835878034680171 -0.23406883406394224 2.386338354117903 170 172 161
0.10356372956003938 -0.2248185523287457 2.3791581083132134 138 141 132
0.10823737056752508 -0.029185582949814676 2.1056962087744258 46 48 38
0.11401368070636704 0.06395565979846106 1.975434719399347 181 116 57
0.2290101308028568 0.005505886613163301 2.049768951236655 142 145 136
-0.12461669905314207 -0.13864715420110052 2.2676581219077807 41 48 44
-0.3031110413390602 -0.2710233525258966 2.448555980942268 156 145 114
0.021313184330736097 -0.06521097267963843 2.1590404698698156 216 219 209
-0.15147781862379495 -0.0823460130576103 2.1892512949071703 181 183 174
-0.1328952269052751 -0.1712147528172685 2.304305751726197 162 163 153
0.10061483657724962 -0.15418935063907963 2.2817197313208526 198 156 150
0.21238789195615762 0.13286391352351057 1.8818812602667803 161 163 148
-0.15766133349600342 -0.153860082523382 2.2912158087314776 49 57 54
-0.20702318311624937 0.14048760543809657 1.8909067863340283 119 128 134
0.08408733129667012 0.006917266166601039 2.06179435559189 146 150 141
0.34454583169049174 -0.027611681347714592 2.0939673581941993 31 35 47
0.37366870895214793 0.011027302219186708 2.5857627854145644 125 86 52
0.2585606720984707 -0.1640401805959237 2.2842922662787424 114 118 126
0.2655953869456784 0.04467964303547368 1.9965600959087022 57 63 81
0.36537670287411617 -0.008520366508405153 2.0661698226466974 106 115 131
-0.3122597374002117 0.12004747810238585 1.9145528832553376 170 176 180
-0.24795394177752 -0.16720514661913194 2.3129078761609807 50 57 51
0.1404840617253572 -0.18902318498845477 2.3270176112500254 185 141 134
-0.33382058216680555 -0.20832783138283678 2.371659457027217 101 114 131
-0.11194732217730166 -0.23228926960307952 2.3973025535199954 159 50 61
0.19874090971943456 -0.031832516605036 2.1055939336126555 147 149 139
0.1957870001708338 -0.13311486393532726 2.245822686770847 255 206 200
0.353689471825797 -0.03896847142603926 2.587370318959712 105 78 42
-0.2873685046115632 -0.23460417634920283 2.405083722805042 193 202 216
0.12205559261000541 0.15252772794875533 1.8555022628526676 190 170 147
0.46155053895884857 -0.1665237602004535 2.278291572927713 45 47 48
0.07151349983249614 -0.002848251489003219 2.0705624751243876 107 110 100
0.3049945517410416 -0.14595681161973856 2.5756633170735963 148 133 113
0.370699416794536 -0.10884557529468084 2.202490191266536 34 41 67
0.28715020974790445 0.07564358274991898 1.956319687629162 76 85 105
0.1106579119971331 -0.21271355503383657 2.3642237140527143 142 138 122
0.3958433150723346 0.019188230688719773 2.553994585001373 81 45 31
-0.07270094770216924 -0.08856717712341326 2.1957997125248303 39 44 38
0.3576786993607529 0.008096940260287528 2.044421382315698 104 116 138
0.19805410635427823 0.01302386844593799 2.043809764677843 59 63 58
0.0647667124256739 -0.09464203245246573 2.1982279842570147 62 65 59
-0.37277644612022265 0.05264075855649974 2.0177043612678696 137 139 144
-0.03343882215188537 -0.13119751147585276 2.2517912830678237 187 188 178
0.2797175770728805 -0.1390914571016524 2.2468656832516634 159 162 152
0.19818840971000576 -0.24828302332453903 2.4034437243841107 160 124 78
-0.05033498327463729 -0.21428654630478533 2.3684829156678515 198 199 186
0.16914164373681279 -0.1438401978269736 2.2613326623865366 207 108 115
0.28540615892020094 0.009020842246152445 2.7016001263479574 88 66 55
0.18298888027803628 -0.24202016161478979 2.393820214374226 144 91 53
0.16306927590516426 0.01822282297630256 2.0383892674295434 51 55 55
0.35474107321345444 -0.14999683948634077 2.259853380375245 79 88 116
0.17815891783294818 -0.25480369113855605 2.4112856627773946 173 124 89
-0.14609682958052658 -0.13896638022173027 2.2679674208167735 211 215 206
0.1913274505988658 -0.2278998577533538 2.384176856720182 182 152 120
0.11243642601209065 -0.17746073599334794 2.3073163537022423 238 181 173
0.36073523865116736 -0.04881232405979458 2.566329935746176 116 66 36
0.3016188926967552 -0.10353799671602534 2.609594148889746 104 83 62
0.18265979930808218 -0.1340457439498729 2.246369381761637 211 147 149
0.2222385137805254 -0.13662529953962846 2.249815314118261 214 136 139
0.38384696060245665 -0.09926407746073712 2.1879347954122714 96 101 121
0.33659857034255786 -0.17172200853470287 2.2919118023809575 103 112 133
-0.2516257447253358 0.12699612019480827 1.91254370529261 127 131 137
0.2983645320741626 -0.1694472544883554 2.2928541692703863 68 76 101
0.39195393439489634 -0.016913880883708803 2.536524570265721 129 82 44
0.09022703752549537 -0.2228302901561177 2.371786438123985 127 129 118
0.36920287996526063 -0.12035542741693313 2.2175595120524734 54 61 81
0.17338787088311547 -0.05524298622351815 2.740711541806104 81 65 63
0.2838158655798488 -0.17080317063667533 2.5834263397878625 132 110 90
0.2713714859000548 -0.28902074242564335 2.511884377456871 82 71 60
-0.09702499649521276 0.058770813165464085 1.9934721986536725 204 138 86
0.32773884966285416 -0.06899515374837951 2.59930252262456 107 68 36
0.08236590696303989 -0.2846503561691663 2.463979034155367 141 150 175
0.26660260745374487 0.10861002641762865 1.9121522602405678 61 65 70
0.06446737448945833 -0.25325924598294547 2.4190777085646213 96 104 113
0.06300159891702921 0.07558562890786705 1.965373292135546 211 145 92
-0.025550867325523887 -0.23936833091702078 2.403516221770053 178 163 154
0.033122072485982326 -0.26599115358288317 2.434741167354068 124 124 111
-0.347475014350943 0.07470414514073793 1.9871434024626846 150 153 154
-0.17677558257231035 -0.15869871254467194 2.3015563732231885 58 64 54
-0.00772281857337902 -0.042618206768077725 2.132081002394483 223 224 214
0.2259242173875166 -0.11474603240118839 2.2157120131815136 210 203 186
0.4787897636317677 0.14704183817759206 2.583053268611139 161 156 142
-0.33437845043833186 0.1356898949942436 1.9002668464340293 155 149 122
0.14473166317492278 -0.13580197885482898 2.2512424976439647 157 148 129
0.053014100324574376 -0.2596172120454535 2.429310325888561 105 116 127
-0.05278551651390944 0.1938445856200427 1.8045146115265749 161 156 134
0.12514161181616396 -0.26722138085758756 2.6192323875534664 56 63 68
0.19020176570556854 -0.05165110457129864 2.7293585946184806 69 52 47
-0.17711447075732734 -0.2598867692753371 2.4342486352966155 180 183 171
0.22004599182279344 -0.23952655429316247 2.5832342373787034 125 115 106
-0.04924926262560927 -0.09998132833850755 2.215346506539479 34 39 34
0.0891980239124797 0.06723516916589786 1.9718016905462634 187 111 54
-0.30904873521264065 -0.019871898440907962 2.1139487575562756 167 136 106
0.06871390379316605 -0.304479039687897 2.4883848580113974 96 107 128
-0.37956994531007116 0.037999650228372595 2.0368407467644287 174 176 176
-0.2285653342117901 -0.2315041514201498 2.397454912889889 151 156 166
0.003138182213609753 0.13647398239403158 1.8847217539792886 52 55 67
-0.2076013071509038 -0.2668782389298975 2.4477896298700546 65 79 99
0.2817302922750738 -0.17289950835056087 2.2947774010886057 57 63 95
0.013599385847316504 -0.28741674864586436 2.4639777492613906 91 83 79
-0.22376962552849514 -0.11352341011261469 2.237383098988515 199 200 192
0.3559908670830624 -0.2472790407313144 2.4492169045466854 121 112 98
0.30310986283155283 -0.08656245740791975 2.174261040287411 129 123 104
0.017022458582249586 -0.042497961080560656 2.1327560274994863 159 160 146
-0.17537465608704225 -0.29774819673408476 2.4860496985202785 140 152 163
0.1996394656624162 0.04826916599330315 1.9981922176024705 85 89 83
0.38493892696183657 -0.2608410973890707 2.401231930547199 39 41 45
-0.18758032233297461 -0.09435369213221101 2.213168510207604 172 175 165
-0.4717785558162093 -0.10550479819011661 2.230018251921044 147 139 112
0.01923101246747524 -0.1163205546023722 2.2293756295407565 42 44 36
0.06667823087980645 0.1762459890332542 1.8265750838482486 138 141 128
0.1234423912407783 0.17515429275449923 1.8206857718754779 144 140 111
0.25350594948113175 -0.08754049334924792 2.178980065310244 204 184 156
0.24151764983517404 -0.2627650135360625 2.4298203256822415 210 202 184
-0.10392533035786494 -0.3036475682229157 2.4944386841603152 132 145 160
0.21774004701210498 -0.2691178434096055 2.4275544502887696 183 170 123
-0.41193047687740303 0.044803832512025736 2.0236885516584744 170 171 173
0.09128817076883276 -0.20655860525495173 2.350039039263832 191 131 128
-0.37668901791953363 0.1315933883565374 1.8992145725636946 183 192 196
0.09846215172158759 -0.28987431657332496 2.4641524945520006 200 212 236
0.3226060125078066 -0.0012039890821616168 2.0566740491618782 58 57 64
0.31517046466610354 -0.0437177387951328 2.6324689842019153 86 44 22
-0.4291227316664912 0.008503550485325561 2.070141550428962 153 162 173
0.14229139847407515 -0.26341606911563514 2.4263873550926616 145 141 122
0.18207236709635263 -0.20112220547359838 2.3387140326013895 195 194 179
-0.23492170395420836 -0.15010654973332996 2.285127003191445 66 74 69
-0.0758192275851534 -0.29974706182946664 2.483705834407508 50 63 91
-0.24934201433218398 0.09295469828592037 1.9490847199875923 148 147 136
0.18594671473489127 -0.12001048407788374 2.228236338605505 185 161 150
0.17925433689244372 -0.03288739381991949 2.114110201062802 44 43 36
0.26678031528716445 -0.09251022443420037 2.194110555699286 173 37 48
0.012975138111574603 -0.22767920549504636 2.3851333526406546 233 191 189
0.16256111793628014 -0.15636305440340934 2.2784672349062607 220 159 158
0.1520147482523432 -0.0537010564173843 2.7518623630242294 72 57 57
0.04717939080157129 -0.07386754238081834 2.173527498997692 73 75 67
-0.03650590343988117 0.0997569705820505 1.928055272940218 189 125 81
0.06990103878648375 -0.2611953722905581 2.4286044891506773 40 49 69
0.39734366618091105 0.06123547295690351 2.580243763369652 78 79 79
-0.03469688010315617 -0.0036145345015224594 2.0753906490309353 188 189 178
-0.03515252372453548 -0.04729205789213892 2.1411611449920778 82 88 82
-0.13713547536645532 -0.0986410019239109 2.2160775119756684 57 62 57
-0.05257305571252627 0.024959424755011235 2.046312883671802 205 166 123
0.014131479784794107 0.14882332400279052 1.8632985784060443 109 121 144
-0.13792289152737347 -0.2806554021930904 2.4654350720387326 149 159 172
0.26490066200400175 -0.32381119374147194 2.4975331706226043 70 68 59
0.24197456942026288 -0.1556807193692569 2.272345749517836 171 136 127
-0.05619212228868596 -0.3114467582509998 2.496986425414179 81 92 106
0.013571875807143524 0.18076639573774803 1.8209978457188343 105 113 115
-0.3362535118056874 0.018522370998267094 2.0538011368275506 163 162 150
-0.023624196026455973 -0.06753344353718348 2.166198277860825 109 110 103
-0.35558040467661584 0.06718823457350652 1.9973366717823662 173 176 179
-0.2400393820251092 0.14767234168890078 1.872344552571367 186 192 196
0.03957990249178972 -0.020915447413260405 2.099085387725872 115 118 110
0.051044404240099296 -0.28851158059017273 2.4610710794576254 210 220 232
-0.12439154777537187 -0.26532583707926344 2.440508499339691 151 122 93
0.1436771071483322 -0.09427943509235742 2.1943913009598357 161 162 150
0.23020976161600196 -0.04337159095757057 2.12050654430994 184 185 171
0.09126095075221757 -0.26373817197768323 2.4308827981990486 58 74 106
-0.07221138625385427 -0.11707830750748544 2.2331370754586044 26 31 22
0.3245563003898736 -0.10651986862138436 2.201327392494352 145 95 88
-0.3904568341619401 0.02737620543640516 2.0494485642236784 181 187 193
0.004126464275316651 -0.0016637465244503263 2.071695354944316 155 157 146
-0.19727352050748406 -0.1288554299881394 2.2584454984616786 95 103 94
0.27010452426436315 -0.15743940789890692 2.2782637712136644 102 105 113
0.40776353906738 0.07220046323916798 2.5655188750643734 93 93 95
0.34012268145164054 -0.10704997162984603 2.561902950185305 155 122 95
-0.034217657326251906 -0.3053689740965272 2.497682743021608 143 154 166
-0.4353520497563163 -0.008219077848886596 2.090248347238497 99 102 100
0.09021240053064547 -0.036780262182012025 2.1179339539497235 26 28 21
0.25045365399381897 -0.06324947898436391 2.1494408570107515 156 148 118
0.2702801594710303 0.0027182869092550487 2.057611760719036 134 133 118
0.35532435438727156 -0.114256671753772 2.2135201527299486 84 77 88
0.16935979168171503 0.1374626958179509 1.8737277091921787 199 179 159
-0.15737183973106383 -0.24312796582239482 2.411882083447996 194 198 189
0.36189094685665285 -0.07725990961869136 2.157691840848889 68 71 82
-0.1403308548061031 -0.027269203695068765 2.1132495921058854 194 181 152
-0.07509137610306038 0.05683047115681274 1.999438085410238 195 125 72
0.16406174385984099 -0.0013799936833582538 2.06707741216334 112 115 106
-0.18752241458668478 -0.127679271836477 2.2533588357190477 68 76 72
-0.14248527339605624 -0.32104689497780997 2.5068963049673285 143 135 107
-0.2848535798752125 -0.17357612310896323 2.3207277952589855 82 87 83
0.0475191094435868 -0.2039777610003215 2.3498121469711792 226 171 155
0.00223945961706718 -0.05667620994400694 2.147763630532209 118 122 116
0.0319708151052969 -0.29359307068461626 2.46952689595001 146 151 166
0.4232386414532865 0.08768737878540105 2.543195039098005 82 83 82
0.385106984231311 -0.05245485558253877 2.122579847684708 48 55 74
0.37544988992416195 0.05345336226327805 2.6101223628302046 59 45 41
-0.46921162006734274 -0.08652023415201938 2.1983310934081137 170 164 138
-0.22743559107439099 -0.255351266356696 2.438427057825794 148 157 168
0.2463538503073252 -0.2549824126706116 2.550874948716335 93 71 48
0.17396553188578393 -0.2744121481350515 2.4385711714659566 177 172 139
0.22709510933748447 -0.09694609302813506 2.1965370772410644 186 175 153
0.32040857083736674 -0.17186244919391294 2.2989654673977866 108 114 132
0.21786308857046666 -0.15329558124122847 2.2764823975771753 167 159 132
0.060162377279651506 -0.1655042911541543 2.2930562442658884 121 105 77
0.36096591470787975 -0.08711784359036755 2.537040458555082 38 33 28
0.30141170885164875 -0.19274436780578086 2.5438728123426486 67 61 61
-0.025348944688917956 -0.2201385893451044 2.3743035565948842 164 36 47
0.20891609402303646 0.009282212064485892 2.055970061705226 72 76 66
-0.0990058515961175 -0.2876168879919493 2.4730441300257526 53 67 94
0.20152469757938893 0.09402155727616922 1.9282662589201025 176 147 123
0.052479067606928574 -0.2211165049167463 2.3737512542913937 180 182 171
0.30492340666058915 -0.16067453391475736 2.2843260304894804 160 159 167
0.342323827324445 0.07003397931678189 2.672293779754568 79 80 80
0.3812819026860338 -0.23766901203899546 2.4165424346591893 110 102 95
-0.1385526573102134 0.06833634908681023 1.9847624533843207 184 110 66
0.3071345799939408 0.018770716896307434 2.687232521972918 88 93 94
0.3500567311525984 -0.12316044401382051 2.2250766139611873 157 165 190
-0.10331551762852464 0.12617044820462994 1.900256065817573 161 158 146
-0.03813394528178817 -0.3045267102967608 2.4861068532018358 125 139 159
0.3324910616640909 -0.022282951321872607 2.0821034303558608 77 76 81
0.10225750711837427 -0.29372743741127405 2.4699516812714846 101 116 145
-0.1138821526567243 -0.2077804416881341 2.36030343117353 202 194 167
-0.1384038155354567 -0.1357560290600383 2.2740953966353707 188 193 182
0.2619265322886411 0.03573061702642996 2.732375160508245 79 77 75
0.2794418680579007 -0.13293950777239782 2.2319956916968042 187 151 145
0.05070126517477643 -0.30116545153292124 2.4834329213742743 106 118 137
-0.149276297762522 -0.22213940578445762 2.3831136280584757 182 184 174
0.056519124420320685 -0.032595922618017845 2.1101000465662976 132 136 128
0.3611294994954173 0.021117277196840034 2.6052779905314245 64 53 41
0.34759906698242266 -0.045960646334566126 2.123615913473628 88 92 96
0.4503533910306892 0.007774238568353446 2.4224839550505073 60 46 42
-0.2926491496827307 -0.160992015304459 2.3015901278184323 165 133 101
-0.07671507758680406 -0.2583226634951833 2.4304694207389943 243 177 170
0.12318606653929141 -0.09280733582746972 2.1959857108692646 195 197 186
0.0385748888531272 0.09707434095931207 1.9391433834816922 177 103 61
0.27301015153371644 0.03458159247487087 2.011034541396884 47 58 87
0.29624062493275377 -0.19478751394120708 2.5491499200124155 147 141 132
-0.03195845013087433 -0.27994846007736607 2.458379073674449 130 133 122
0.13338909218051398 -0.03449189194418157 2.1132775223010865 198 200 189
0.44948990590869553 -0.1704122565858081 2.3344694636331504 123 111 98
0.07549028790473156 -0.27043557549266545 2.4370484743861796 36 52 97
0.13468115732935199 0.024525136310008862 2.029484297752171 69 71 60
-0.02609857909986718 0.02105863297906048 2.0463213991191163 201 156 119
0.2729403806935174 -0.21218177524791432 2.3487427951659283 48 57 86
-0.03286191028334679 0.14239000180448452 1.8773858101706016 115 123 130
0.007143094376913127 -0.2435506973327555 2.4084751404950353 174 106 108
0.31665126349217365 -0.19213677742551122 2.536203404615076 126 120 113
0.38414887398296566 0.06192122310067785 2.617091120117029 118 120 119
0.2361793248404476 -0.2379330755297027 2.3867475198397767 201 161 141
0.03514301747339054 -0.10292448128513124 2.2169635142374537 142 143 134
-0.27926254867427847 0.015202302781364927 2.0643732694316284 189 141 116
0.3181480515198953 0.061505750169213134 1.9743021219641765 115 126 142
0.3036687409028333 -0.002975829338907967 2.0636749092367705 151 149 134
-0.3515405754524981 -0.017616879701744914 2.0968149899470294 164 133 112
0.1562946617821104 0.0806531055188798 1.9573658072761306 182 115 63
0.0818666960191422 -0.11325371373080104 2.222626257015258 199 199 188
0.34116956162810974 0.03718694199910161 2.005528625296913 99 105 119
0.007903583219442182 -0.09419882540139334 2.200957850655377 42 45 38
-0.048603824511500505 -0.09012403158690803 2.2069073805300072 46 53 44
-0.33895551089314774 -0.138419584158823 2.27354846879285 168 139 94
-0.12253282540616277 -0.30635713318291297 2.4983541787974524 52 60 77
0.2969732614059904 -0.05722405827667616 2.1382852804329144 128 108 93
0.06304736185437175 0.10683551605000152 1.9230433238194677 196 129 91
0.346809250488753 0.03696374701331277 2.644014065742921 57 41 36
0.2971557382686413 -0.12260012489802728 2.2257474868882463 118 59 55
0.01546656863401962 -0.25597793050095535 2.42377280885801 171 174 165
0.3728409219497818 -0.15333876441656305 2.27198492075236 170 163 137
0.30117466453918007 0.06341102709735784 1.9750341565717966 135 146 172
0.19377356800615086 -0.0051171434184012505 2.069645606087658 72 74 64
0.20150042987871603 -0.24461747524068878 2.5867161706402246 55 55 55
0.1583828098001229 -0.04651110593163092 2.1332257625891304 91 95 86
0.17569755250946142 -0.040257155619690455 2.1198057421612604 88 90 78
0.24227134409953735 -0.2681773521324221 2.423554860621944 178 158 100
0.35212863666160293 0.01012459428377607 2.6166369483568324 80 63 49
0.1142029618231309 -0.2729634935062742 2.4394466529355117 136 150 164
0.1541392099872606 -0.274934056782243 2.59346680578117 111 106 96
0.00982176141365831 0.04169785321597517 2.0178531103678594 203 153 108
0.4343537793434519 -0.1809007438390526 2.3549126158188596 115 106 100
-0.0317489858995568 -0.252322530485772 2.4229023469877577 230 212 200
0.4565082392027294 -0.027280537351896526 2.3801197143031216 136 127 111
0.2548595467125722 -0.24203782369389945 2.3976925661753192 172 158 107
0.37639286716930764 0.09401820521142512 2.6972468271462935 156 155 144
0.08864879754019855 -0.08029739665462814 2.180915117300525 100 105 95
0.3271154832944568 -0.07300482188265259 2.1547741855945093 149 148 131
0.43793421092783535 0.04502441842195461 2.496232712074448 74 55 52
0.31531912964530834 -0.07924154771462454 2.167237879360203 125 123 108
0.3274867594710481 -0.16621767945167323 2.2844112652228783 49 58 95
-0.07977426412923229 -0.1964238376664283 2.345305023991789 163 73 79
-0.2541195152078604 0.07378113809444818 1.9800735598532335 199 182 167
0.22505235789393763 0.019058960611939815 2.032216535040998 205 208 196
0.22598934650052674 0.10542705005819115 1.9126902648003872 152 151 135
0.3208904863328864 -0.19369854042719525 2.497982485258011 114 111 102
0.2775910009775295 0.06799215619293626 1.9757802550127377 108 117 132
-0.4615618597620634 -0.16858904090824187 2.3023418100084614 179 183 195
-0.009472474071848074 -0.312973839818394 2.502438826084028 39 46 62
-0.2872876632226314 0.14730243214792632 1.8726372570752656 135 131 106
0.22537032416891836 -0.16973680835735666 2.294810091285468 124 97 77
0.41285432531101773 0.07405174402727523 2.5853717759233668 87 89 86
0.2196942052101571 -0.22528875322984582 2.3660553916847764 178 150 108
-0.004930545200052557 -0.1602157885992138 2.2895966149221603 132 42 50
0.042045224624224255 -0.03428549774264378 2.113645830676731 213 216 205
0.3346088309819911 0.02050428288860961 2.6520209101254015 61 44 39
-0.29455302442317866 0.036737529835253795 2.033006720082356 177 177 168
-0.10054408550457102 0.13126621594039364 1.9071327935650122 192 189 174
0.35657979814891366 -0.09995351172867276 2.54130656012046 104 88 73
0.3688367232678839 0.07786580002812288 2.6489770361166256 103 105 104
-0.19036422205467957 -0.22635453359079483 2.387874728009284 134 79 77
0.0065637609403359195 0.16354502906928406 1.8462702115854122 94 100 111
-0.41792113500260464 -0.08731554681799991 2.2112857267161727 191 177 164
0.26443145306120575 -0.22818487521786035 2.3751494718254613 163 153 108
0.3925284731898061 -0.09428453911369122 2.487519595696793 46 37 35
0.22410055840166518 -0.20803437641004083 2.346320295411837 201 184 148
0.1359943550567263 0.008330663897093029 2.0547191271229006 55 57 55
-0.34800325337056925 0.0034473599002414613 2.0780531885123366 178 159 143
0.3434698752571107 -0.23623258249777324 2.4773648996339075 61 65 77
-0.07996753132923112 0.16049287594395142 1.8589938434457847 172 179 184
0.11956972484422433 -0.2998598448722333 2.474757666875101 36 47 69
0.42663459470316184 0.08270449142479804 2.5346423865196037 80 82 81
-0.16858418602745687 -0.27684092255415654 2.460771832776675 41 55 75
0.1657064001728645 0.186324556251887 1.7855588302225758 48 68 119
0.32463195676677703 -0.1867482119297991 2.3105078127955436 62 69 88
-0.3270171660617021 0.09962247011972956 1.946819605694362 178 183 188
-0.2401671934145801 -0.21401622512342777 2.3806070432289923 223 204 199
0.1150375412523804 -0.03888155797358212 2.1241137931303937 93 95 86
0.10577699175973214 -0.07407487309352503 2.1691544647492416 105 106 97
0.1416071543087045 -0.012836814669128806 2.0825791149971336 70 72 61
0.29999412963757116 -0.23159963731700592 2.5204963388464816 124 121 114
0.3552132417153977 -0.18831913463486696 2.3122252365963303 177 171 144
0.14485271513565495 -0.14778834098407567 2.2687330924615683 221 142 149
0.4524718292074622 0.22492311526177217 2.1378193026283516 104 93 75
0.46254401417973645 -0.08853911137925996 2.3088986617187515 124 123 121
0.47162424886057375 0.05513596125383693 2.3535432394525038 89 81 43
0.46399058377288926 -0.07247225095872917 2.3205831986198633 79 82 76
0.1691039322878518 0.031037633933092022 2.021446330587728 69 73 64
0.4541665550640642 0.15136968926629854 2.5046504082558574 105 102 98
0.1400330616834409 -0.29301058835559973 2.467230373702243 80 78 79
0.4759126356142583 0.08819742683875527 2.1452265543102222 97 90 81
0.48098022626898995 0.25463244410612473 2.346872855432733 94 87 49
0.4619782501223448 -0.04716492812116581 2.337807301020218 106 107 103
0.4737725915100457 0.0789076915983912 2.3684446210024612 54 45 18
0.46704463982796807 0.11853365630452287 2.1165801427274937 114 113 84
0.4810266509553943 0.008899469434499882 2.2777003701742147 107 88 66
0.2248616199823025 0.035849007830090825 2.0132328553663386 121 121 112
0.29196429079588376 -0.06744321246591042 2.149752181777072 241 185 181
0.4714772867292363 0.04970819864271903 2.374162174267952 109 92 61
0.22781964687492648 -0.14690556495292875 2.260870986150158 125 41 48
0.11986962619765812 0.16688414344758665 1.835439078885245 97 96 81
0.47412995327460633 0.14990342805379106 2.4008873256187058 60 33 8
0.44906335753669446 0.10831374771899668 2.488975169393115 68 68 74
0.47076987794577 -0.06753965846177236 2.2868082307600677 99 93 82
0.4198867185318102 0.19336618191583307 2.0168489471750544 148 91 80
0.48288182330645096 0.2233734567309505 2.3301857211729753 51 52 47
0.3004198893841447 0.031213841177290213 2.003281960603579 45 44 56
0.3451174548020447 -0.08315302394457043 2.5696179583168512 110 78 46
0.4803656274770657 -0.01204559465086003 2.261773941588902 74 69 49
0.4521880202563021 0.19166705140079252 2.109074915094239 101 67 51
0.4644521884090488 0.2721990083797414 2.2195280855597916 138 121 77
0.45968033212819226 0.03465235923869099 2.3945793960102733 78 73 68
0.1331683777760957 0.10389939171384553 1.9244754025633053 134 84 51
0.48360579106465285 -0.007917078568970419 2.2014332665131477 109 102 95
-0.13444650752843817 0.05190531307114346 2.0058708032266215 174 107 64
0.47797516147144165 -0.0478392267915613 2.267599518111431 59 57 45
0.4684136583974172 0.09353484194753538 2.0920084311634026 146 143 132
0.45755251570625516 -0.08357488520862918 2.291456247169095 135 133 127
0.48745130694677424 0.11628193966763188 2.2585892897151854 49 40 23
0.47490563244239914 0.19038735622210143 2.213432074828432 117 86 51
0.4700771633093596 0.220733745730616 2.2044682648186216 99 53 21
0.47402835027829027 0.22210789541634735 2.2312586188569865 64 38 7
0.23486015199159868 0.0013441936210459972 2.0638394333068 116 116 103
-0.15272215242798098 0.10178577905745481 1.9385904916862384 141 142 133
0.4834212147768895 0.08438754530724457 2.262920066177635 111 96 77
-0.19867129160256072 -0.3086213704329061 2.4945528282941987 131 116 85
0.4735630418842535 0.18367972935704033 2.4272765637690714 97 91 51
0.4464659888914555 0.17436770420075542 2.0822034965443477 156 135 117
0.45698004062477576 -0.09723793952495059 2.331131860067531 111 105 98
0.4813312711127432 -0.027332592173902777 2.249268981989123 62 55 45
0.46155381947612156 0.16751757582466148 2.1366626427945494 79 62 50
0.43085581935601214 0.28420335121673135 2.1146765705703765 117 105 88
-0.006770025313429943 0.08950324999577951 1.9475011401869375 164 106 62
0.09710381946881136 0.12911627417313082 1.892197555690733 133 88 62
0.4851840955500454 0.04044845274353228 2.2251577241559954 90 88 67
0.4746315374630391 0.12707096100668228 2.3875074311822644 106 64 36
0.48164013802354877 0.12243868806101645 2.2976977574455115 72 47 10
0.47714871532353653 0.1197370517502864 2.178034962623527 122 107 81
0.43081550168846994 0.18983436279051558 2.0418543968325884 149 113 97
0.040537041988774475 0.1731682767066666 1.8317996982326652 98 106 119
0.02504021348239351 -0.07782157131909553 2.175632475292268 84 87 80
-0.10294717425123975 0.22132012213755126 1.7471227639398437 79 105 143
0.47202743768027977 0.05551573739772334 2.33862986012497 73 64 19
0.4650979341832633 -0.020924957541853712 2.3372518371635467 110 103 81
0.4805191431059609 -0.03784592073483382 2.2603843471146634 81 76 58
0.48018066448234065 0.24679133031224854 2.365790497678528 53 52 22
0.47160467315576043 0.1086263597095863 2.387874998596633 78 31 8
0.4803571988721246 -0.02608935961389055 2.2790678901063774 61 54 37
-0.13566902408765 -0.30369462579690026 2.489421366372161 139 149 160
0.48110487278318753 0.2270838493193258 2.395669252782111 48 48 29
0.471785247983176 0.01813843370301044 2.321819963312297 87 58 28
0.4781423357737055 -0.005971182018780878 2.2852359144443097 146 138 121
0.48497523870741965 0.07422516356965082 2.189667235536787 131 113 85
0.33921199025137355 -0.16005256470768522 2.281585366926998 74 81 108
0.4809308828079121 0.23032181522605932 2.3741048165528182 102 104 70
0.4674360066418623 0.18725630622477343 2.1764008925663894 67 40 37
0.47038648216390133 -0.11640979759984664 2.2911216686270555 85 81 79
0.2604740421181125 0.12088108496126902 1.8906700897415574 165 160 135
0.2197497052637609 0.11791476318236126 1.8993676547899656 95 97 82
0.434964488503233 0.32156981774487803 2.148283442874527 106 96 83
0.4732387559531517 0.16464777391355248 2.4152036027133534 54 46 11
0.45686528964350287 0.10140226700946618 2.0609834910547256 121 97 80
-0.38734196106200164 -0.20129324920232838 2.366251485648303 77 83 90
-0.05979859772689922 -0.24020439536644492 2.410401826704804 167 105 111
-0.2531090637930434 -0.07617365322775095 2.1842165922516195 204 158 118
0.4623646849487227 0.2205669188952264 2.167719522674385 174 147 123
0.3332384497708607 -0.1338988368667761 2.2336366491786586 174 182 197
0.4790041948533262 0.0534992959221496 2.281358892469908 111 95 69
0.4771191782203094 0.16524079319690044 2.3889735118947155 119 86 45
0.476574362525716 0.14270874873417683 2.1845794175917868 56 41 30
0.47680273630550923 0.10864622256810044 2.3589608406289653 161 136 121
0.48448258676871014 0.10455948458263957 2.3047735820432806 88 79 63
0.46448535770293264 0.03468359765979904 2.3761454556878814 119 104 68
0.45581459195795976 0.23617876729295167 2.146854369594711 118 104 89
0.16221600946155085 -0.247034613741626 2.402649360300392 146 79 59
-0.17563362869882204 -0.194402383011464 2.3558291608892596 242 196 192
0.4738081623401937 -0.021031515215644187 2.3036495805556947 82 81 66
0.48011732551073416 0.20447276160808925 2.3834192984723117 76 60 45
0.46275388746621526 -0.09858788644185781 2.3010964629250568 99 99 98
0.33117716306178 -0.11774401500776747 2.2205043372210143 113 119 133
0.4724059294549327 0.12172290484465917 2.1401087943961374 116 102 90
0.4059507416557511 0.20600061705333572 1.9995364852877937 141 121 96
0.4754432703105754 0.21019461686548183 2.4417028162144243 82 82 45
0.43569280772105595 0.06427952891118333 1.9547859277576893 68 68 76
0.07526290189218138 -0.1606877701702131 2.292458517239087 217 188 171
0.4642254542035604 -0.027355296867180967 2.3522686107132267 116 115 108
0.4794244948993477 0.2099073240556472 2.426236902127739 53 51 21
0.4652379989372967 0.018899627727917603 2.0169782376364864 43 45 53
0.4771862003159808 0.1539085669653045 2.2004708301039098 102 92 68
0.4797947234038864 0.08990019572908946 2.2967046754437312 74 49 37
0.48247919793151267 0.20419970746247332 2.3290914357228387 111 109 103
-0.28631040374340216 -0.014276449283829845 2.1022664437959273 184 145 110
0.4740783346933173 -0.08916561884860645 2.276214644088576 81 80 73
0.15245114234952553 0.049162640727367486 2.003011877113618 226 220 209
0.24903279348106994 -0.10633164354502184 2.2097167433503073 243 174 173
0.4733890290970622 0.0043095584912048335 2.3055668745949123 83 60 42
0.48387004966579983 0.04057099247674133 2.269906766860647 100 86 53
0.4737186915897558 -0.03946874815628465 2.289117507037088 56 52 37
0.48017752470512926 0.024528301255660464 2.2660169306823 80 66 43
0.45913062165615404 0.136926188774534 2.4656595278702693 92 93 72
-0.1631654957119746 0.12805501701655786 1.9019327286369914 152 154 146
0.4826452019657029 0.131961953833782 2.206588114154065 158 138 128
0.10626460157236792 -0.2789612650141632 2.4547009812791165 145 153 173
0.3429849239052481 -0.00648727562233886 2.6196550941551497 99 59 31
-0.18129371373260383 0.0669586819632832 1.9847792673081257 163 112 70
0.4801777261672711 0.2748301103926237 2.307100509750278 55 54 20
-0.03962197748975207 -0.05125277439597469 2.1461056008708392 101 109 106
0.09059744788560481 0.1643029918211896 1.8434937863001453 145 146 133
0.7737660934231289 0.4681816863412992 2.1341317685744015 143 138 126
0.4842858124331984 0.1544842144916284 2.2664436649050232 90 76 57
0.48414612810743274 0.1908916007059504 2.299494654711064 115 110 102
0.4781912383171191 0.07498063068135499 2.324452405549347 142 127 101
0.47527756007382327 0.16656455225250114 2.3721019685192024 91 45 20
0.47587332940128335 0.07439991637382232 2.347590239414037 48 46 29
-0.322418176534274 -0.24329502608769552 2.412470887184876 161 170 180
0.4794849439165144 -0.045924846074856474 2.232013708487625 107 102 94
-0.04940109350299977 -0.08448907483771793 2.190179554564728 104 108 104
0.46127005752870726 0.009319369336274207 2.3758761092525678 131 127 100
0.48457906417590824 0.01827924395306188 2.240355216891289 144 147 120
0.488580550353697 -0.01564216383742152 2.1742277263712997 128 121 116
0.12137112806306345 0.12892543049225494 1.8858819728667782 172 132 97
0.4771740825006012 0.017686781519640805 2.2959176566002655 65 45 18
-0.3916579842179933 -0.0662575694815596 2.1764882675278026 141 148 151
0.13389091209358228 0.12151221525184887 1.8998047394918542 158 113 78
0.48119290572822965 0.1076257593944177 2.206206497675359 159 128 104
0.3146046785125642 -0.02773403668957736 2.0975155519986584 188 181 161
0.48537571724510725 0.06495216084336478 2.239165179303653 70 72 33
0.040815668450630734 -0.1514084258321906 2.2757673101391505 126 64 64
0.10576504418664733 -0.14458853547370415 2.267835005944524 182 179 162
0.16844738579181867 -0.2590748515351884 2.417448037110345 129 97 79
0.25671507634945817 0.02003490611554817 2.0312786996200547 127 127 114
0.48610042160353145 0.07743011441248471 2.223225814183627 85 71 43
0.45762518839074207 0.1915072304840033 2.503846898559901 74 70 60
-0.30244109997642526 0.08934556680616601 1.9553865853326646 105 106 107
0.36585997080341887 -0.1617667745940841 2.28588879890474 105 100 93
0.48316320302690524 0.23559358726010074 2.3083153471831546 86 78 69
0.450812914880499 0.07077117191413551 2.0072567532540377 121 103 79
0.4068688008963488 0.2481129500436458 2.0277948406443556 139 83 66
0.4490332940854788 0.32790756140637306 2.197058717560723 146 136 99
0.2438414649235911 0.1292723155418659 1.873162632508354 141 131 97
0.4831136762921858 0.20648166730844783 2.281900955277764 45 36 23
0.47876746172313867 0.08875760761201627 2.3425409952461056 54 45 25
0.2840059452133633 -0.1980339324909421 2.3441814106803616 79 86 103
0.0009612613033003497 -0.17589961599904366 2.30873892670944 209 200 185
0.2508449847248867 -0.1745557715299901 2.299383279518209 105 78 63
-0.21138254433415202 -0.3229745080897712 2.4997521644185876 96 102 128
0.3143143400840108 -0.15526714123494328 2.2710447371344067 175 182 195
-0.19138945760625914 0.15798427099550227 1.8629661091131984 40 50 65
0.2871992113728818 -0.03716871456993909 2.1102803618008577 112 112 99
-0.07426826288772859 -0.27384892340798583 2.4470591832692477 203 167 167
0.43639570574371483 0.15865965879031524 2.0376850133009583 87 58 39
0.47104744082784544 0.06363033224185188 2.3815704301386904 117 102 69
0.21083851307912455 -0.17630768468209387 2.3066997738914767 216 193 186
-0.045337981418502316 -0.20837510843100343 2.3570822684145334 138 59 67
0.4611313239061702 0.24118181014031415 2.1806472595245703 182 153 122
0.46494032592984336 0.31292180781169693 2.240451422253445 121 115 84
0.48075551928449195 0.1934477651829719 2.2514316927669604 62 48 24
0.349338774723425 -0.13084732236829472 2.5472159440298547 132 107 95
0.48308166226422133 0.21399838882575115 2.3484205021405535 134 128 114
0.43753058164086833 0.05376604095529624 2.47356852848704 67 36 35
0.4796043576100611 0.13557809395549358 2.3522677219209087 119 66 49
0.47180027271513614 -0.0020185446946074247 2.3205279267046386 69 51 27
0.4379723085379441 0.05289730090238183 2.4839775407558515 37 26 34
-0.4019637153722829 -0.14240534084416048 2.265188973877482 188 171 158
0.46450520214480306 0.3345978788172544 2.2549909201825393 77 75 32
0.32988726837348537 -0.29670394370548026 2.4527533198617197 39 40 39
0.4598255952979183 0.05040815617766266 2.405092146048877 145 130 118
0.4814436014779654 0.03554177363612932 2.2591380693441554 95 96 68
0.04821428303784847 -0.020155597196649663 2.0917533973043914 36 40 32
0.37848348056160724 -0.10885942026982247 2.2034671341280054 109 112 126
0.45460516317307764 0.11711541553815172 2.0738898079320003 120 97 67
0.47358572977019736 0.26528299333707994 2.2609274299335897 53 49 16
-0.3060538220151742 -0.2531955997975495 2.428783981444742 153 161 171
0.38600671567865996 -0.091738374828131 2.5143838003235994 39 35 39
0.48470760817876274 0.016532521912176478 2.2161302511958008 110 109 97
0.46388183166069213 0.19256538462851033 2.158243764346924 99 78 72
0.09818297381212059 0.8718145342055 1.6141132886912208 177 173 165
0.47061325254447445 -0.11933618502924258 2.270647762209938 107 90 69
0.4145230892282606 0.23775492351822503 2.041854064507648 140 74 63
0.48152176509512434 0.09652900254900074 2.2373579606180654 125 79 53
0.20613670221504657 0.00319773680697072 2.0599263394402296 84 86 75
0.4864435391019255 0.15218958780302994 2.3145383153619314 128 109 97
0.3505334520115975 -0.09362453587704271 2.173192344316168 206 214 227
-0.0719482885963165 -0.22905828285551236 2.3919839692397606 248 211 200
0.4752624756493019 0.21319018577677964 2.243261638951254 125 111 72
0.16562552449719162 0.16800110194159976 1.8148769255936372 37 48 75
0.12216553851537629 0.05340648254246936 1.9969953928619921 191 132 80
0.2347447342979411 0.7573915382519769 1.7532053881687302 175 169 159
-0.10400595348529403 -0.20753493385963204 2.3540161338324075 184 177 154
-1.6493646701129487 0.0800603146481728 2.7598732330112123 184 181 174
0.48504425721802835 0.1261576606947563 2.2820375272744173 93 72 44
0.4694155091015965 -0.009535212334936415 2.3315223698018994 75 51 23
-0.1611941364348975 -0.2742786468548949 2.454005175760403 86 90 98
0.4736222222301241 -0.05526175014175416 2.2918891711137417 96 97 80
-0.21282447168059174 -0.08674497365533415 2.917281855711035 175 175 167
0.4767547167558033 0.0016255509799279135 2.332869318493576 105 98 57
0.4037353680430826 -0.2070960269980131 2.394358305716424 88 77 67
-0.11488781891970574 -0.32279687624477493 2.512504753636871 144 134 105
0.06988845690711695 0.15940488511585302 1.8581823330754195 184 177 160
-0.014394133203109465 0.1521433039132208 1.8600214840731952 124 137 158
-0.29677639894821317 0.10388668280460757 1.9426984004333707 140 141 141
0.07032723274383647 -0.04030635826600887 2.127091501096739 56 58 49
0.3970710631498306 -0.06558751524048728 2.152800944771644 115 113 97
-0.19061317983529574 -0.2410025416956255 2.411189545901678 179 181 172
0.24639783145538313 -0.08878170619733872 2.191310379528941 234 194 181
0.4865111181521746 -0.07279325039465155 2.204423230316719 115 100 83
0.4799884365547162 0.14793339755326243 2.3102367875335914 67 51 32
-0.48671291097072616 -0.03906137946405786 2.147023068459515 153 148 120
0.3729350461665148 -0.11821471184157512 2.2202730460042246 90 97 111
-0.028993936004879272 0.11034770356322576 1.923420771894167 178 123 83
0.4298786020981146 0.35306480827212877 2.1608067619153912 117 106 89
0.4835566701613422 0.1803893770269409 2.3242928019499893 97 67 53
0.43023187050162526 -0.22025994734465604 2.3427230018236 34 35 37
0.45097150646377426 0.30184019207643215 2.190662634423326 146 131 108
0.4499634364037889 0.13879926654488609 2.0607538799589844 122 88 65
0.45618584626619135 0.157568431917034 2.0947249221480795 133 121 104
0.12311978549492544 -0.26474074951481413 2.433783420526467 53 64 83
0.3400556886305556 0.013321448796374882 2.038569468601872 201 207 222
0.3171725593330493 -0.17899961847546317 2.300735080404259 106 114 131
0.47327538196608554 0.11698925281830316 2.152862088786811 181 163 142
0.43174617904559237 0.2566622986864409 2.093712678093556 118 106 91
0.4022571443741571 0.36375609935406655 2.102295548921866 59 51 36
-0.10659049938912755 0.11134617050713677 1.9236403473505728 193 169 153
-0.09217258726849847 -0.3438260897863256 2.519217164026951 130 136 161
0.4518969868826376 0.14128060497405473 2.0733995844043847 92 74 57
0.3333067018987411 -0.11273696467886044 2.2109165277233154 74 76 91
0.46168689950391373 0.08202948854874469 2.4059516200084463 78 59 22
0.34800596873132245 -0.08330287241707734 2.161044333928091 97 100 111
0.4326678773351596 -0.03797818777361552 2.4199032471723165 30 23 23
0.4865429589517593 0.09680452962870255 2.2235557554302594 116 67 45
-0.13676305417855908 -0.3385366216234644 2.51533087249483 33 43 79
0.05040432651461815 0.13746846819390243 1.8772105746994472 134 103 86
0.16540864565425134 -0.17980400995630244 2.3149285995069717 164 117 118
0.0803591714910219 0.060745279597926735 1.9843901668922823 209 142 94
0.10413282095731233 -0.14957343542410753 2.273575577087098 224 210 200
0.2982119281683416 0.07726349194653218 1.9577955005809489 195 205 216
0.2028931179987684 0.054620238229394415 1.988766076334744 87 96 96
0.09857075527688765 -0.08206102468668938 2.175112612975631 61 64 57
0.394894923905486 0.07790238279965768 2.5747755263208165 82 81 83
-0.08291523046229517 -0.3782002173196876 2.5372011408661104 74 89 129
0.420402511296744 0.27049924266910774 2.0795454498147126 116 103 88
0.4713102405318628 0.15095081151715214 2.42560111326171 76 76 27
0.3888651506488937 -0.16434661818042204 2.411068092889996 74 76 84
0.34400688618688635 -0.05464013338254945 2.1253357159142072 74 77 82
0.14541459217160582 0.1489483680967033 1.8628253870615403 188 161 142
0.4868629307318757 -0.023784520511648997 2.137500929904296 112 97 76
-2.4315312164812632 1.075763325976892 1.4204160163856379 177 173 165
0.4731058768724894 -0.056387773458284954 2.244512078053311 70 72 65
0.3513935916853832 -0.0005017005895135786 2.078862168143372 105 109 122
0.3310559192000188 0.009534934532093897 2.652542198016969 54 39 36
-0.009191663045005245 0.1839084968015762 1.8192628218140017 53 59 68
-1.9485289304925988 0.7938201971815907 1.7840532919480991 182 179 171
-0.16747075227535177 -0.19183525286087524 2.343833600511973 164 158 137
0.45496385610224305 0.007655061539597625 2.403214446059215 104 96 82
0.48006768477482475 0.03277315108603158 2.2984632065743695 123 86 49
0.46634039804208216 0.116476537695778 2.42940728317416 102 99 50
0.479595757093004 0.05337765561115132 2.3194218634001675 98 67 32
0.47311623202051767 0.30900479810844467 2.287853660926431 95 96 47
0.3564325811476319 -0.06390051964066558 2.1518807429473057 101 107 126
0.4542901076245832 0.11108916779444622 2.4772450599522577 111 101 86
-0.3062248832254319 0.07890739883078829 1.9818994165280375 166 167 158
0.45402306645558527 0.11977167651767547 2.523339733499913 108 106 104
-0.04988212645392058 0.014862265711791703 2.0566800921724964 179 172 156
0.3134824557365802 -0.2850226187972028 2.4243157070435286 86 105 148
0.48484016324217033 0.15505418672120433 2.3313510534118964 105 78 56
-0.01721060630678205 0.17194031177167435 1.8345389418562772 85 93 116
0.43320883595005694 -0.12607239782360893 2.375146602149936 113 109 101
-0.4162756342129989 -0.018562348683269 2.120953636531632 154 163 174
-0.2706197701860484 -0.26934697975836924 2.4543362089625678 148 156 167
0.2155483055487874 -0.20169955556390456 3.0730155802197316 185 190 189
-0.020061900145013814 -0.26506323943411253 2.4356401743180696 121 74 77
-0.37002977426319916 -0.04992559446386585 2.1484878923190327 198 199 197
0.10586914789624467 0.05419169956771553 2.0156127174888336 161 150 137
0.41286452960960796 -0.08880539146014559 2.453084256320477 34 26 28
-0.35524223611863687 -0.172831135667887 2.3294628096266985 178 177 166
0.4862203171605878 0.20471617181392213 2.2682794565553714 78 66 49
-1.8279530736112735 0.5683890945688538 2.1356873934611746 193 186 175
-0.06481889668009777 -0.3415057002704576 2.5245836432062556 88 95 124
0.42191623693582503 0.03689233727304468 2.527375365688401 54 32 31
0.3487423841055322 -0.18159112059500215 2.473788530727125 102 100 96
-0.3137553749437951 0.9136520325259321 1.5645790599854115 180 174 164
0.34890832060383176 -0.2071491599115842 2.364703474034619 66 81 120
0.3876799307793923 -0.17783868459962762 2.4429605667978342 123 118 112
0.1764124971118869 0.024949649341339496 2.0305654475735815 31 34 30
-0.16200246908337954 -0.2564851229213989 2.4246342655323536 184 186 178
-0.02614054467726022 -0.378201661042266 2.5233688439269915 42 57 112
-0.4750733648725722 -0.14925774661979244 2.2727753450616346 148 152 166
-0.09612730034525485 -0.2523053269485469 2.420209646083657 214 150 147
0.24084013157035783 -0.19744067472662344 3.029219918380167 181 184 181
-0.007928896560617344 -0.025677388496451268 2.1057566102270857 167 169 159
0.3457073304339019 -0.19150141718127917 2.4795339037421575 117 111 106
0.4242571036880886 0.057218715572609914 2.5090380458341603 49 27 25
0.37069142426622953 -0.12274456493858259 2.231306185223835 36 44 66
0.25621116521817505 -0.154622656318223 2.267801123618951 183 121 124
-0.21609306764668607 -0.14021384992140062 2.2884095880374318 44 51 46
0.4854888143830716 0.16223775236859864 2.2733294235731396 148 128 103
-0.23198544477146357 -0.025303256389397965 2.112178100146481 146 103 65
0.4215684755569632 -0.06939777898264483 2.434285571875517 35 25 29
-2.136606648821632 0.8572928363899718 1.6760104603546209 180 175 165
0.3515371421220402 0.02140770268649222 2.6160126163189483 96 73 53
0.47471490171409164 -0.09697552729552138 2.2683523194386233 75 72 63
0.48306393507699297 0.16831979359862076 2.2518630509429234 107 93 83
0.42373351973117235 -0.14676331329259645 2.3962183446157272 112 105 100
0.16954518409105934 0.0735771134698036 1.9782273154113752 187 155 126
0.34849206036744707 -0.06542522049288868 2.1412065462673784 139 140 147
0.4812725133856255 0.15848102063382474 2.2360695982615155 78 64 45
0.33471932743524735 -0.10600998070898911 2.2005224289200767 63 63 72
0.48823126791670407 0.12323823563339419 2.312989088443556 92 80 61
0.4442978303743972 0.25307361335802303 2.128433051355758 108 97 80
0.19416050786603167 0.1589133266779213 1.8339778565882667 174 178 171
0.41502416760452243 -0.15262259447492313 2.407358486502027 95 91 88
0.4840771985597381 0.10579164424700173 2.2422031724461475 91 66 47
-0.897717139260796 1.1425575560342258 1.3132517908038788 178 174 167
-0.26649576645231665 -0.15930156818590793 2.307779586359114 74 80 77
0.5181165007521353 0.14466480909824875 2.5796518421768204 161 157 143
0.3900556543595893 0.07786732523777126 2.608244936339438 95 93 91
-0.019957384077692746 -0.1446825237492882 2.2700987809895685 225 204 192
-0.00964518433250531 -0.034154829715568776 2.126220689125124 110 112 103
0.408373040032399 -0.15662619711609363 2.4160053885971 111 106 99
-0.09582215038475647 -0.005921298383846916 2.0860505393098467 195 175 154
0.47794036474279034 -0.08238140620448962 2.2651038845616944 66 71 64
0.4501192096834449 -0.11582981671727476 2.3518869460145995 124 116 107
0.4846950707500477 0.19947424360677155 2.2881505354528695 131 121 109
0.4791497490003203 0.18506221847879922 2.245794730139586 74 59 32
0.4233165225700379 -0.11540077902131886 2.954569087800652 178 179 174
0.4398116814995121 0.13983186573769277 2.0492648559887026 129 117 94
0.43172362063254915 0.09658230159601908 2.559930524088277 98 96 93
0.4788175350514702 0.05367520968078458 2.3088231749171215 131 91 59
0.22277607565063348 -0.186074411224681 2.3120530734845643 196 178 171
0.4693685194596329 -0.05512858532590876 2.272438704339804 74 71 64
0.6230043795257426 0.26054723353270326 2.4190428984681187 161 154 137
0.3904928161953338 -0.2329139623549791 2.4210191768284863 92 82 73
0.44434830628939603 0.24025760603649773 2.106743000326737 105 93 76
0.45560145501673355 0.11868272227789667 2.547361647259037 110 110 112
0.23316334305163802 0.12147368102376889 1.8955613854532511 146 145 129
0.23885628344193768 -0.1946672847827756 3.052288819653573 184 184 180
0.34833220220737937 -0.06370628346496394 2.1304498262687432 49 46 47
0.21869736454491148 -0.1291793163790048 2.240184494590938 231 180 177
-0.11523838115819872 -0.17458086941838924 2.318687172449949 167 155 122
0.2505333115313276 0.09392721265433847 1.92694752197155 38 44 52
0.033032513524990884 0.14562930402279498 1.868120202685985 147 156 181
0.40736830969928406 -0.17688938631803058 2.426056709152699 99 93 89
-1.8542773373252162 0.5650608556908426 2.0875039034151786 171 164 154
0.45829894212232186 -0.07705679435742986 2.345417873610962 128 116 98
0.29040703850964683 -0.05988093192734442 2.1341313703674323 171 163 141
-0.29373239610887486 -0.21224105225526665 3.034675299269731 187 189 186
-0.23548245419084718 -0.2824549462171398 2.4654436869759793 90 101 115
0.4669044424791133 -0.056575236776482525 2.3081084761340382 65 64 51
0.4109758743934542 0.14263415541299154 2.5626823888716146 110 109 108
0.5847417921092569 0.16625631634477256 2.5519400828583603 166 161 149
0.43210236934200735 -0.11113789578939828 2.367258627545561 121 115 108
0.42849400073913596 -0.13031967647602305 2.382843576527875 116 109 102
-0.17541443315499103 -0.3311911867953782 2.509066449973417 41 51 91
-0.0696537691840981 -0.1275630368156205 2.9501148915608044 182 184 181
-2.3866450771290677 0.9424524811694324 1.6055320238703372 177 177 169
-0.36499080450184485 -0.1571240280845795 3.0443194996035214 179 179 173
0.3741955392165817 -0.17926946061811386 2.454319966868841 101 96 93
0.46351511440145915 0.19567565144726815 2.5062325478845513 54 48 38
-0.5402455732632163 -0.02588491687746468 2.1400670401574873 90 98 115
-0.39638183137404154 -0.12891326298637787 2.2407888603110693 172 147 131
-0.10708594471414225 -0.3927289185262922 2.563682264737756 195 196 194
0.3817582282925471 0.2286019682848661 1.9723790744334881 160 139 110
0.1193198035802819 0.1763748932065461 1.8210307152594913 146 140 111
0.3506371528739697 0.39922014079449825 2.044674176608306 124 111 94
0.48161074428877254 0.1500224657691655 2.214765878964438 112 102 75
0.4327651771926226 0.1347549490477362 2.0146794035651876 104 93 73
0.44620407304889703 0.11816932809911371 2.0407822733721104 131 122 110
0.4163157972810949 0.30114104100126343 2.089759299899652 95 82 66
0.4689046535139315 -0.03739820851062684 2.319603053914894 59 57 42
0.3788412974254792 0.25512209136224034 1.9816191470405942 122 73 58
0.39279098201241114 0.15582958548368067 1.920733822950815 75 61 54
0.369327351424275 0.40650725109637975 2.0723450946146578 113 99 81
0.47670609697682176 0.29538067136751756 2.3234844253763103 59 54 29
0.3313876726238182 0.049088381977615385 1.988225169055794 206 214 221
0.26153832426164125 0.10671373344727027 1.911417691455842 59 64 75
0.4062412040928186 0.28426289993970555 2.0564277002163207 125 113 96
-0.11347507690949589 -0.2330515213421214 2.395415003235977 227 151 158
0.3461973847599223 0.2788228090450696 1.9609673200635442 151 84 73
0.3192775570440793 0.24910145935592445 1.9078314627613653 130 122 108
0.4120228757361898 0.2780901489405978 2.068302279091707 150 138 119
0.28238507390399864 0.2645169976319361 1.8873975670888274 145 138 130
0.22017321268176923 0.009527253811259125 2.048789878703633 99 102 92
0.4003436582871846 0.3471819317282459 2.09474988279312 64 53 37
0.2934669046956457 0.043467803521302424 1.9937161038493474 159 166 178
0.46509038792626484 0.14022058779743238 2.125863495790834 109 95 66
0.3385376334091954 -0.04144702383494152 2.108343137147188 63 58 64
0.011397532137230427 0.0990169283797865 1.930611777214126 187 132 100
0.41442172099673 0.36917581250258863 2.1461975744412625 81 70 52
0.3818907587791235 -0.09729469573080307 2.1848008867588042 115 121 141
0.35548908133085133 0.33809122881667053 1.9975611467056416 115 85 68
0.4462454204197229 0.23351217471285185 2.1264137280392994 157 146 127
0.3186992246921097 0.13722567852533518 1.8938379035156006 108 118 158
0.14102239744780817 -0.030196659389507625 2.104521442893818 174 177 168
0.44091494378989127 0.3095962365748388 2.16215413659544 161 150 133
0.3540802827676745 0.024724177974967343 2.0207648251932784 65 67 82
0.38971576980117767 0.3272992135176046 2.0555863210621257 86 75 58
0.4376767085398791 0.2824586532356512 2.1343273890054424 110 101 85
0.19251285642281682 -0.21225213110103872 3.075447364243306 179 181 175
0.43241783815662016 0.2159877777620557 2.0646291813757833 189 139 121
0.3162995613759872 0.3015533039600253 1.9414085195805812 179 137 125
0.47852510707878343 0.07507700010875772 2.130816129488729 99 88 79
0.12049849211197584 0.15261504079035262 1.852906490944126 191 172 154
0.3633449876752456 0.006031336096214547 2.0446269535807637 191 198 209
0.3414662645466794 0.14488458205802296 1.850441140166059 98 89 78
0.41488128266955787 0.11523844547167984 1.9489444557328603 111 89 62
0.40129862538983546 0.31604163574031374 2.0747045896835354 121 107 91
0.29702099256866277 -0.111391371298987 2.2100004803069826 201 152 141
0.2552159421418241 0.07333482865075559 1.9803913320819426 175 184 200
0.2858271592872171 0.008245929990704573 2.0415385435533606 142 131 117
0.22108506599190322 -0.1112726789123724 2.2132855523954986 151 142 123
-0.18097085194056534 -0.3630314071539164 3.3226824646120576 178 177 167
0.4414283580284195 0.18282412970829418 2.0624439180531127 145 104 87
0.39242947072997697 0.10832426163965955 1.9018033201970013 94 85 76
0.3778600803450161 0.336768948202613 2.0406450423897593 107 96 79
0.4600330449501846 0.28205455893797055 2.2035344539111064 125 101 64
0.47949740673940544 -0.0005112038045813076 2.244631005415155 135 128 116
0.11592371447211855 0.07576679452937096 1.9604273716266567 198 145 103
0.47918005182854034 0.04123136931495511 2.0994738230124943 123 113 106
0.40656000907676537 0.2253459590242483 2.015846938851887 141 96 80
0.4853743251150934 -0.005875936039815739 2.2113343026986128 117 109 98
0.3718400721346358 0.2947371260697372 2.003295965031674 157 89 77
0.058516028467355055 -0.17762113302166685 2.3115362101323766 252 187 188
0.21410318126092132 -0.1267336698030563 2.227927938702526 145 70 76
0.3441822515118306 -0.029669337269223068 2.091534131360295 136 139 149
-0.16735733077382034 -0.3771945319773581 3.3423494763683563 181 180 175
0.31388471283025304 0.46406687573091376 2.0534932855667583 95 75 44
0.45784851497380674 0.20261683087606597 2.1188383593496445 155 132 115
0.3821901820069057 0.36150880882186487 2.0579052622907748 42 33 17
-0.14810432249353164 -0.0931212775779743 2.1983920048474492 149 147 137
0.394978052837404 0.3526570165366651 2.076661313773582 142 126 109
0.32016279175727946 0.008804147623884652 2.0399829628903117 168 171 182
0.4109632957133692 0.17818266654180712 1.9930701538320565 146 126 100
-0.061979610815723195 -0.2612034404841447 2.4301096703536365 218 161 159
0.2914937695417018 -0.09571733118264986 2.185036124403487 217 167 157
0.39667452932937236 0.41170930154142055 2.1307889602228536 39 26 10
0.4865219587335306 0.06609653609006393 2.204750798451452 117 98 66
0.5034249392512704 0.20772361580829818 2.4941900114153825 175 173 163
0.31138564859973983 0.1903796314131581 1.8501289064568125 116 93 64
0.4838185537049741 0.13650242687835076 2.2329357435942394 80 61 43
0.27202131745653957 -0.18823621237966473 3.03630787833847 180 178 170
0.3722676442544515 -0.022660644526099644 2.091157211349598 151 154 159
0.4511396371606003 0.3510142671066471 2.2383117713884273 80 82 40
0.41522104747990773 0.3354068201133552 2.112433392502256 157 146 130
0.4598449558965485 0.09187616324363883 2.0686330139085958 123 105 95
0.3853517780516966 0.18005891713126473 1.9467267278619507 137 117 96
0.036974949068381086 0.15577820799740114 1.8519226792302772 41 49 69
0.3693712100750177 0.1542029448750502 1.8936668720562497 120 93 69
0.4804774357419593 -0.0712935740388304 2.2497616827967475 99 96 86
0.1329118992287404 0.02354995532768041 2.027336644747914 213 220 215
0.3954586784648869 0.23662543231437633 1.996440514519933 170 137 117
-0.21579036373124036 -0.1932505022313092 2.34507117398453 124 132 129
0.412854996198612 0.37121315134816124 2.129669544939611 56 45 30
0.4138695775140685 0.40100381206667945 2.1432517364110564 156 140 116
0.2436567062787265 -0.15558391553548065 2.2649224944563047 184 154 150
0.20843095458860347 0.39333676166143083 1.9126702922678414 63 52 35
0.48392291168763624 0.2176607177088471 2.293739635165585 59 60 59
0.36770254305945943 -0.2123730409994203 3.067307746119834 178 179 173
0.05173209332560271 -0.2086237095770281 2.3696787752008435 236 164 169
0.48406721514374335 -0.028940711880820362 2.082163852701341 109 96 78
0.4832490871844309 0.09101040380714008 2.2496438824210596 117 86 62
-0.4832737961799514 -0.4215795429504909 3.4059395464177458 183 182 175
0.37599103316955707 -0.048797332863529455 2.121662240039798 149 156 165
0.3342078132571561 0.38372973513005987 2.008047389996786 147 126 107
-2.074282480896282 -0.3485518034404662 3.3346357215180578 180 177 168
0.010738385318389164 -0.03173788665590281 2.112789689711309 73 74 70
-0.8991819808471712 -0.461934902439349 3.476953690123788 187 187 182
0.2764390225504544 -0.0012435677111330688 2.055385616736233 73 63 49
0.3734784185425336 0.20998167816752078 1.9507229581068715 139 116 89
0.4685294823451999 0.2114086223589138 2.1840377821044163 142 95 63
0.47179598965509567 0.25531902697177716 2.2735767125679893 62 55 33
0.3893558829025485 0.29992191829941117 2.0348038364914736 126 109 87
0.559159648550152 0.15138848508195205 2.565709339814945 160 156 143
0.33789984322358524 -0.013284050748917602 2.072995477107428 68 69 80
0.28909197614063303 0.31320371533421054 1.9129038707448474 131 104 82
0.22830922849159913 -0.23150761847274026 3.1063726548110653 179 178 172
0.39022326664077883 0.3916168107819945 2.095970878213569 148 136 117
0.1167034788609685 0.09366239006795353 1.9369863316055045 152 101 73
-0.08767844597335016 -0.3108237451298844 2.5008757034788305 152 156 159
0.3468763412763012 0.42126043100629684 2.060766757197158 164 153 137
-0.02354674417413336 -0.22549535102499332 3.0990893535302697 162 161 149
0.024355889821380285 0.1809807773820932 1.8237416780939237 64 73 92
0.21409678441384555 -0.058173159537027286 2.139344311956339 188 190 179
0.4812690031748558 0.12586211318304766 2.2156513263367996 155 130 117
-0.05250836678398958 -0.28941707973008945 2.4672715714738582 146 156 166
0.4862084612257482 0.17736843728323293 2.30803716614646 82 48 33
0.4268600300047497 0.2625070274861896 2.085315204278022 125 112 98
-0.09322221978528125 -0.2866077022431336 2.4648679850540653 170 180 189
0.34453162090577405 -0.07623963204425874 2.155562015127409 127 132 145
0.44237964355865117 0.15767279548542987 2.048160097319574 112 78 59
-0.10315415749055938 -0.36834416727325714 3.337744470841286 188 189 185
0.3005997028990966 0.28533561975632693 1.9085367311433445 105 98 72
0.398302337022213 -0.23248575488226986 3.088048007953346 180 181 176
0.39545788458977216 0.17053327749117736 1.9532313686669276 132 109 87
-2.306822323048595 -0.5134985428501714 3.5947461220829298 180 178 172
0.40156767003908245 0.16678634774221293 1.9678245572142445 144 124 102
0.3979536252876253 -0.02033212534854818 2.0791659475927053 171 165 141
-0.13734767268775513 0.08287169036939776 1.9676886840996088 186 133 116
-2.213434354603569 -0.39798691318674245 3.416728926791065 179 177 171
-0.3102893349514132 -0.20678001182807568 2.35693444993567 125 137 154
0.4664003496948916 0.24440022321034577 2.2027288626075086 127 83 32
0.24054140931210974 -0.186358462324988 2.3150062073506126 190 168 161
-1.9940663977653719 -0.48272312126430295 3.5159205066031887 183 180 175
0.4790220362024221 0.26139229570927675 2.285804296889856 111 105 54
0.4216966179448044 0.3304717401999061 2.131002707888796 173 159 143
0.4807824534932971 0.18916326491067537 2.2682252670122516 68 56 42
0.10255164568688416 -0.2728200164389193 2.4478789126737768 191 203 218
0.22901514567242634 0.02805509063478565 2.021048908879933 114 115 108
-0.28736763847825353 -0.19047440879464497 2.338030714545123 170 171 162
-0.17155851825949323 -0.30603488453969657 3.2173434507199836 186 184 177
0.13845459663064558 -0.1775512305599681 2.3094183158478008 226 173 171
0.4590710510868853 0.32639104500211835 2.233273671653577 44 36 9
0.375400666000629 -0.07145667915892051 2.870519735455284 176 176 167
-0.05952045010877971 0.024052118805411603 2.0403976402535857 224 198 176
-2.0506932866907257 -0.37430104635861183 3.421738105025212 180 175 165
0.4600672728616084 0.21811532057743352 2.15511501054825 137 122 103
0.2821488823403114 0.2998312899346932 1.8994376447271921 115 99 75
0.3416127619228157 0.2301566422049992 1.9183109240916936 155 138 117
0.27693770859964595 -0.1400579985856415 2.9892629030374844 181 181 176
0.47280242119132154 0.09246996720086588 2.1124767749378304 98 94 78
0.47318002548781435 0.20124558681863453 2.1928813864670804 111 64 39
0.4404590804038871 0.2038847397472091 2.072556666989547 175 106 93
-2.0691515291277742 -0.1748074088686298 3.0864269101559456 183 180 174
0.32006198792241924 0.3468234084595141 1.9732052916110365 161 73 62
0.043807859048321976 -0.20444339639419126 2.349014396912128 182 103 109
0.30514177966745276 0.33636634910260926 1.957778160905663 170 122 108
0.030432496516583075 -0.08778454438293223 2.1830434706536748 117 123 117
0.3546645445830528 0.38010532272192277 2.0481165441291975 134 123 106
0.3279947862829421 0.34844165678616257 1.9818387753244284 146 80 65
0.328331549080383 -0.1950383681850677 2.320436465418892 107 119 140
0.3831920541578722 0.2747529479250361 2.009811309177474 149 71 61
-0.11233937986139453 -0.019767295166642586 2.1018793315509305 198 186 166
-3.8026193587163326 -0.6074078302329093 3.7733097245164533 162 161 156
0.08015868135667592 0.258380467496345 1.8343622926378191 47 60 96
-2.325117030295942 -0.41999050587560466 3.418679138904526 181 180 173
0.03417360801571054 0.035764400860815115 2.0179502032804244 147 126 108
-0.06511509474795052 -0.3279139747261542 2.5122581918399534 144 138 113
-0.4579829806233708 -0.04256655918078214 2.1499937769527118 102 104 110
0.4312269008664794 0.27112055205972263 2.1015796716720985 33 21 7
0.48035743137297415 0.24396672822046422 2.3006837618208866 78 70 47
-0.8085606127425684 -0.36684018302819354 3.3463810915012866 187 186 181
0.3074404767629301 0.40660603987154054 1.99254939906184 167 136 116
0.03783419139210992 -0.06027589843859373 2.158949426563249 218 222 215
0.37030918577073185 0.3423676732443577 2.0282632563646805 50 35 19
0.4549327099628237 0.16941626795495737 2.1166994014080287 157 141 120
-0.0009494457509255163 -0.2727504318579272 2.446776268582 150 147 134
0.1749282191314129 -0.26468878570784576 3.1468610088261815 181 182 174
0.4634086160912147 -0.01114373207993386 2.362048092320102 97 96 78
0.2547262463038067 0.05615738322469351 1.9800330298676143 64 67 75
0.27792775288998883 -0.0887401269253807 2.1775346787424628 149 60 66
0.43160360272176124 0.25348102521076077 2.103796066816045 161 145 129
0.44180026338512807 -0.0848173439038496 2.9032239357165084 178 182 175
0.15528832717192517 -0.3044008927016903 2.4739010414128404 114 99 73
-0.36399223772543227 0.11880138161345712 1.9015242688537934 56 63 81
0.46368093473733807 0.2967817755821562 2.2304071726798815 112 102 67
0.46395002442310274 0.05249329335831087 2.0275267232457796 124 112 105
0.42360268290796566 0.308795114866522 2.109602701040911 33 20 7
0.42922518189758985 0.28781358268151536 2.106877678385353 58 44 28
0.48575526983406964 0.15426270099596381 2.2954303604732647 117 91 62
-3.3485803449306815 -0.22160535385481578 3.3213927882406353 171 171 166
0.38785366299100515 0.3594893191092341 2.067281681781 122 111 93
-1.5417948057306403 -0.47786797253892954 3.49572142786287 181 178 168
0.47815406349776773 0.1350633504920998 2.1535152739683103 115 97 84
0.39103482431760384 0.2689345561948806 2.020617710590094 171 128 107
0.452329286850907 0.3400585613189674 2.219272252722959 108 105 50
-0.22429578943193124 0.14911389952905874 1.8934053668603288 105 115 129
0.30645124567274906 0.2939711286460856 1.9163097408106087 158 133 111
0.1179945457430353 -0.23216124952824996 2.387247768524005 160 161 151
0.45014427843891264 0.14613025808493738 2.053095387064287 122 90 69
0.3217507201776851 -0.0914044730904229 2.177080510720744 155 154 139
0.42058455302143205 0.2825601614859715 2.0979793429453886 97 85 69
-0.3903011052457652 -0.16018850444105054 2.3031683714322226 184 158 141
-0.028610375417042127 -0.2227930949028425 3.088442178453759 143 139 126
-0.0860402194788878 -0.04546520066245709 2.156287405414351 176 178 170
0.40419046014283705 -0.18369390828615545 3.0192256893810114 174 178 175
0.020229591865734822 -0.13875615743445338 2.2613129362012976 211 201 185
0.038421208802934356 -0.34770059847470697 3.2904321802711483 182 181 176
-1.6322478193245415 -0.2809973804461228 3.235952666370972 189 185 175
0.32230778597805343 -0.1914213638952062 3.0431916731112496 180 179 170
-0.0760694399226186 -0.2613325056123615 3.1607238567803635 184 184 177
-0.42168261009264385 -0.04417538667004022 2.1486189947046097 100 105 120
0.3876051881378022 0.315037248598758 2.0468807620488145 40 30 13
0.30976470270719914 -0.042499241142237534 2.108297580708444 164 160 147
0.3833801220847373 0.29420278526207067 2.004224146190676 147 106 89
0.38608908862026703 -0.14907738623361017 2.9715060929343884 181 185 182
0.4778315541272407 0.10171685184396947 2.188359149848434 137 116 81
0.42805185985944627 0.22668606865585245 2.058114390436607 196 141 123
0.4096999600621334 0.3746740538275744 2.1218810186953303 81 68 50
0.3294468968490025 -0.16692471674721698 2.289591351563387 115 127 147
-0.6135883217581332 -0.39194693436759126 3.360597510352892 185 185 177
-0.02066276145440259 -0.2530514960394102 2.419214462017191 161 105 107
0.2950004305743995 -0.07369871653978488 2.1589952555757885 136 78 75
0.4827868554688351 0.1079222897372174 2.262203011353337 74 65 45
0.35678386417972313 0.019832372182944442 2.0309756132606904 26 35 57
0.3833096965989742 -0.19884588555718066 3.043984786544896 179 183 181
0.3237890759332154 0.40712906354326733 2.015844189592421 145 115 96
-0.060367048474861004 0.634835598243175 1.9423032047884383 175 174 170
-1.7164425876076859 0.4053581958286872 2.344760386940188 185 181 172
0.37153609212817545 -0.03945550093063834 2.104803055379449 94 99 106
0.11170493465605566 -0.2184830405706367 2.3703379429669464 146 144 132
0.01098834314132319 -0.010275065146279303 2.0786071437780627 184 187 176
0.48226377258453473 0.08800371795384883 2.195966389159112 111 84 50
0.34901273463583277 0.3107219732140748 1.981825499820683 189 120 110
0.4818281337564183 0.20705393046577325 2.364243751097918 54 46 34
0.29636346784143863 -0.011857707965905274 2.067959146329409 84 73 56
-0.4174828921413491 -0.14261772083142296 2.2835871659867513 179 157 140
0.42073314726737565 0.3264031947793923 2.1194563280191825 113 99 82
0.10042537049463593 -0.29825230277247466 3.22449393356728 177 178 171
0.3844985541742845 0.42473040942650464 2.115079720839598 95 82 60
-0.2742533625882303 0.16017733607674167 1.8637514603121046 143 138 115
0.48073952161345496 -0.10193707254335574 2.248546538569202 60 51 44
0.4554978210750932 0.29120892235196105 2.1974030663904234 166 152 121
0.33784859343002116 0.10305703414063631 1.9321378505272524 99 110 137
0.02436236811542693 0.0766169302202589 1.964976669570624 173 101 66
-0.21753005094343095 -0.1823521146624233 2.338384932709602 157 163 158
0.141634547288725 -0.13847718390281027 2.2555936898169717 173 162 147
0.4519196626557283 0.18170674530369615 2.1335777575137906 128 112 90
-0.3618175783312346 -0.024014225262429304 2.105576981481702 152 131 123
0.3773855475213284 -0.17904659674752305 2.3178315150024154 70 82 112
-1.579020967871814 -0.13089346200975027 2.9175458987697414 169 165 156
0.42233264273026133 0.2254846903461538 2.0461462576552623 126 44 35
0.4054917239242762 0.1813640670821124 1.9736154403590602 167 135 105
-0.4714746186358931 0.006969468544499553 2.083460651998902 128 120 88
0.3284970419373326 0.4250957611172907 2.0351647136294857 133 121 104
-0.27696269162361936 -0.16602240626104728 2.311174095732545 209 204 196
0.3511128286499185 0.42144405969071735 2.0499400728123343 104 89 70
-0.008688243019615455 -0.10428495062714115 2.211329923023494 69 73 67
-0.10541864307837641 0.17658000270023744 1.8346141648250205 67 77 104
-0.1082264578183111 -0.11404047859833066 2.2280420713267395 59 67 68
0.22353608944536338 0.29636538329344664 1.853822056556593 142 120 104
0.25897944736805517 0.4124166397288457 1.9626853312035235 141 121 94
-0.2360065688401945 0.1340777098245502 1.896669560200836 44 57 76
-0.2474902512179654 -0.10489814231454 2.227447166482254 187 155 132
0.1184745217732214 0.3454905125075513 1.8277677086070092 142 106 85
-0.10132888955601939 -0.2413889954666789 2.4061246978401614 247 193 189
0.25463515822693417 0.4888358797532022 2.0081103273521914 76 63 34
0.40646343045080624 0.24532264263216938 2.027312416293465 147 83 67
-0.25388964730977653 -0.2510671879183735 2.4338594956339414 218 226 234
0.20206868307605869 -0.010283061532244916 2.0772270611974726 47 53 52
0.237278835267472 0.4975902567433171 2.0016869822078354 112 105 78
0.189238726267454 -0.017575613561405787 2.0853710717302576 92 93 83
0.3358768993473565 0.36096614919194153 2.0022265027464243 140 126 108
-0.12158722039380628 -0.1527011745892558 2.287876588788137 164 164 151
0.10536646269955556 0.3214374170765827 1.8129557185367673 127 117 102
0.35145299472230895 0.20561895819217757 1.913884511792361 123 112 102
-0.17014442254699266 -0.2014192129731005 2.3567708510594687 243 186 184
0.21127141303618396 0.28571027070239374 1.84091780698802 110 100 95
-0.16943346495399295 -0.03272369721579091 2.123874254713196 190 159 121
0.4588924845850061 0.13857511309405804 2.0928969119022414 149 144 123
-0.30875984884457613 -0.022555984031238763 2.1145401588735617 209 183 163
-0.15119915944811593 0.15578229066021382 1.8670703527406987 77 87 105
0.2130299372367663 0.13018309988203117 1.8812795289086846 159 160 148
0.20569567049897855 -0.08353832536587993 2.1743979953729986 149 134 100
-0.12362270793914142 0.15836810355341996 1.860208757588089 91 97 110
-0.16451498897079656 0.17088175459250804 1.8472296202989062 156 168 180
0.2782542902558969 0.4456449228885546 1.999757256599144 81 44 18
-0.06617083594177432 -0.11321892740709168 2.228888432086919 201 203 197
0.34478187788993064 0.37189740783537556 2.019072118474832 70 62 47
0.06581584867139524 -0.2123026994197036 2.367558597590146 163 104 105
-0.006551875693809683 -0.04420358560514623 2.1309608317173003 220 224 215
0.06831836761733874 -0.20248732846312725 2.3486507797019742 232 167 167
-0.06955365506078003 -0.07133288391638279 2.1668942502524833 109 112 107
0.19821975381862755 0.42735122815215515 1.92481744134514 111 100 72
0.21410090869579756 0.07064470944000198 1.9617014085512146 159 163 155
0.3962518180730116 0.328845121778399 2.0714248517428238 140 129 110
-0.07432598711823477 0.12432702578843768 1.9024781685283894 225 195 176
0.3424818356096193 -0.1644292166679995 2.2799536505275557 32 44 66
-0.20802161305890188 -0.2644478055875113 2.4499673375064335 129 136 147
-0.45378664987596706 -0.15829691857216419 2.3060130687953624 139 123 90
-0.49773099418775674 -0.1522822839560824 2.3022666411590182 100 104 121
0.14707820662169716 -0.01081259547553027 2.0802152835955465 174 176 166
-0.01655033441692393 0.1582168962792512 1.8531379301642403 123 128 134
0.2783710838233951 0.4048585576084244 1.9700990812364212 72 52 41
0.30625899385455596 0.24416610815879555 1.8892652063621656 143 136 124
0.24331386546813724 0.02590981468234245 2.021909993114317 120 121 109
-0.04940904682335322 0.19424557661788497 1.8024865406415813 157 152 126
0.25506491729013836 -0.265626245698499 2.4183284670225187 164 160 140
-0.4683202726326292 -0.10870748025317278 2.22623789022901 121 109 78
-0.15908718492814983 -0.11465862953213471 2.2323888622591004 35 44 43
-0.23713141912638036 -0.2801929104060956 2.461418693514454 194 201 213
0.19912658530683594 0.3552167431218512 1.876847606393198 130 110 79
0.16204049306898305 -0.2832781273345492 2.455584374483051 133 141 146
-0.41165397434854006 -0.05252748132969253 2.161315943013081 47 61 83
0.2654501426598186 0.33810517841302296 1.9121830843560637 163 137 123
0.44193935885349794 0.12348960770722696 2.0205221866526926 126 121 103
0.10392677218959523 0.39945005102200926 1.8668950114533576 168 134 93
-0.33478190267603697 0.011197822830023069 2.0681375129838164 163 148 134
0.17258438400704124 -0.015652108649809243 2.0826810500576003 102 105 99
0.4660133232977811 0.1893422480403215 2.1570761812022563 81 64 58
0.3730198844332696 -0.07305242190665982 2.1513027513652996 57 64 76
0.41557654543177525 0.2314265935492831 2.037510775451725 196 122 110
0.3568359612910243 0.4217876861244919 2.070955803818015 135 124 105
-0.04653726194227059 0.16091392284399872 1.8501710356450076 91 101 114
0.35190374348402464 -0.1512895364799826 2.260853400282705 58 69 87
-0.8938272869262435 -0.6448711339550666 3.634396088139193 197 194 186
-0.2011391303465038 -0.29211061596473054 2.4828240041618486 162 166 169
-0.3467352112415665 -0.18545173441319796 2.3425958814313064 109 112 120
0.05436031660426566 -0.08216310195419399 2.1814096582513978 47 53 55
0.40053769412153745 0.3820584543660481 2.0985326882975412 56 48 32
0.2666932961980112 0.43398536074266614 1.9803518077661562 135 123 102
-0.08470125713465156 -0.030788903384016117 2.114957670238386 183 185 178
0.24469842560136884 -0.25283234460349907 2.4081238176225415 156 145 105
0.10725568855025035 -0.2840241386644609 2.4596751676107607 91 100 121
-0.20283848994860768 -0.103068583411031 2.218249793829716 178 180 173
-0.3362925546679962 -0.2353407989536734 2.403953949538336 214 221 227
0.24516528158021358 0.04761557065422767 1.9918376483604396 150 140 119
-0.15945081970803932 -0.29969133429994643 2.4851008305034936 214 222 228
0.16878717826426584 0.44407642890580906 1.9245404928661698 139 119 81
0.1925610855884186 0.14051959366474656 1.871962627724648 170 174 163
0.004623968340366514 0.19436198315192585 1.8039066392315675 149 141 112
0.3356401799329569 0.43400993658263176 2.0532468817482044 47 37 22
-0.1185277961788636 -0.19044521441388104 2.3371374654550237 223 130 136
-0.4262657958851353 -0.18192403868056012 2.3317550796922517 170 160 133
-0.0019244559874479611 0.18269854229477392 1.819422676004421 49 58 73
-0.17558825417127857 0.1426999630178694 1.8805438476338643 74 79 94
0.37369575044872483 -0.08194108924735678 2.1673372533627453 40 51 70
0.22256841662295151 -0.21696295811198404 2.3598948847408336 161 121 88
0.3515167992273316 0.368908381185285 2.030072983881049 43 39 30
0.008856136284871835 0.018493009583546244 2.044277711637824 171 164 151
-0.34196762926853236 -0.07398653318481631 2.1975234345483914 185 125 92
0.3794798460054011 0.40371601281597996 2.092902629955515 84 73 57
0.2642175184880652 -0.1000427405024659 2.2027888764464714 147 42 50
0.25293100298654386 -0.19599766397130866 2.3296035830589763 203 205 201
-0.29221946067639687 0.035995864209642174 2.0290750447288812 157 159 152
0.45253280994912387 0.15543687635117065 2.078561325188947 115 93 73
0.4230499030790752 0.36064104125614266 2.1510490558319297 90 83 67
0.39512664931831043 0.2037433686467543 1.9647921217845878 136 98 60
-0.10016093053008507 0.04329650032277308 2.015652254698018 202 150 113
0.3467721795933102 -0.08879501248919755 2.1768016953848934 25 35 57
-0.10231197722368292 0.16099780985946338 1.8566765383573676 52 62 79
-0.030484955592913147 -0.24053735664646492 2.4064719502587844 115 96 88
-0.06283747457213781 -0.08323900425875215 2.18205450110996 108 114 113
0.2833354904672552 0.10969504429000414 1.9101726752042487 152 146 117
0.3790987990780695 -0.10869856521959798 2.205129329923232 46 55 82
0.3434259916409965 -0.20298236259767 2.3311505713143865 119 111 79
0.015286599290093815 0.009930636398374432 2.055575761202176 173 176 165
-0.4716336329023677 -0.2024188177747346 2.384797217861425 119 122 133
-0.22139644031600222 -0.2867103282915372 2.4720264770166107 135 144 150
0.18568141195751095 -0.2962965947275634 2.4558617742251787 143 135 110
-0.22743678938843845 -0.25942758437861557 2.4462063295525036 158 164 171
-0.16965667958179553 0.09467570666041199 1.949906748021535 168 130 109
-0.17025184224754408 0.1500247439896613 1.8698497614744471 82 88 99
-0.07477148182289753 -0.2878580316125738 2.4727981238428733 197 206 215
0.24566564643513925 0.2976135646720639 1.8693578524674976 80 79 56
0.18582075061602804 0.2858032480490527 1.825803471114272 152 141 138
0.2561159240180161 0.035210368707009096 2.0136415788721163 46 55 80
0.39925358822467055 0.23794076574164402 2.015755673684517 127 49 39
0.16828955879697538 0.41516560171074146 1.9058927027283035 145 105 70
0.31748129500369854 -0.19384394219370635 2.319593922836234 141 150 165
0.04175195407111247 -0.10494191146418545 2.2147857886017515 81 85 79
0.1250804025840606 -0.09662853928712407 2.196828463798098 192 194 186
0.2522197518737163 0.3266428889823587 1.8993092938896583 157 140 123
0.18059139307081923 -0.0717978415108885 2.157721169581865 186 188 177
-0.07001032968551091 0.052882658401272924 1.998799914976777 192 120 86
-0.08139008983626282 0.02573080841038489 2.0471128792288367 182 163 140
-0.14433048541547602 -0.13978488435119749 2.2654544572565576 198 198 191
-0.4091919272014375 -0.025893974977156637 2.1255190806022446 61 74 92
0.39817372668941114 0.2593132149904632 2.02846133730207 128 72 58
-0.09281958222800667 0.08347554752184698 1.9643669185748232 195 149 104
0.13463747908744333 -0.1567281990381617 2.276634880797927 198 118 126
0.3461105130278459 0.3899106029191639 2.031374574681774 114 102 85
0.4345737699082938 0.343006030089449 2.1590331630299677 116 105 87
0.1575676321311596 0.14281315567640215 1.8700047783732552 161 127 107
0.3590356149067244 -0.1356019806572923 2.2417167932704394 27 40 58
0.23344812011252442 0.33749334921454804 1.8920043721005355 101 71 58
0.2538927946452565 -0.08503755648597743 2.1753995627274962 181 160 133
0.27773549124018115 0.17935157024312787 1.8105537362203155 65 56 54
-0.40850197895150997 0.04295632674879643 2.0221626217850774 94 102 111
-0.18758348619009066 -0.1695640302176339 2.313088586159574 42 49 44
0.2095220494577991 0.02834334088457457 2.0210551960283056 177 186 182
0.28670207225684835 0.058241288222092895 1.9738636477119194 103 112 129
-0.3849829854357643 0.08631034213504689 1.970950753952322 59 65 76
0.16438678823155922 0.361339629751487 1.86649791097578 125 93 67
0.2260780709120331 0.3349973632519781 1.8849458981288756 116 89 74
0.44996362382094257 0.06974846299758702 2.0071937334638377 111 93 67
-0.03597143258862443 -0.2890167347001132 2.476889959393954 175 183 192
0.3240976447711733 -0.10580891463418436 2.2010676832395495 179 153 144
0.063899464928925 0.16276192807873266 1.8480347892574436 173 176 165
-0.05305940206027818 -0.030174823776366305 2.11172381580257 166 167 158
0.3129683490598554 -0.1770180771729809 2.2928477247761596 139 150 166
-0.2641976209349865 0.1322502151256109 1.8912705290005132 101 112 135
0.3892662476757519 0.1948060332812513 1.9622474082011214 157 120 85
0.41080038391636603 0.3379469872955896 2.0951689283733224 129 118 102
0.3954668058589187 0.1893991491114691 1.975250730004012 151 116 82
0.375881178215709 -0.06431249149898273 2.144132361140347 116 128 145
0.24305107483347962 0.28211883493951373 1.8587578473263708 87 77 59
0.3065027065971317 0.3841463983928964 1.9852189036219239 117 90 60
0.20755703695888386 -0.2534297500132593 2.4080443376042564 195 144 124
0.3970899278631411 0.39816305405842817 2.12165960840612 161 151 133
-0.11979090063798896 -0.30684805134457105 2.4912311792077 181 187 191
0.24621069595446216 0.12265328374931452 1.8911427782887242 142 142 126
-0.004184950120310204 -0.3126278134370397 2.501948319215987 102 108 112
0.23340674120773688 0.3805056978078334 1.9200349856972312 104 86 64
0.08093349506602679 0.35360417538809685 1.8231227913596724 121 105 80
0.2671836036923035 0.07410938650685468 1.9573680768810464 112 121 133
0.3314442285188304 0.41130391631623414 2.025652570939295 111 104 92
0.36917543576166134 0.3908612973630263 2.0716604801831693 165 155 137
0.08973110875233803 -0.05747834216424668 2.14237260542298 31 31 27
-0.026582625390803877 -0.3130547317087288 2.499679842064904 137 146 152
-0.3292913276379116 0.11448117279841076 1.9295451310749352 88 99 115
0.10432435057814303 0.12169862704708947 1.9015258569211886 141 96 63
0.304380274534494 0.04697109745385955 2.001470485835568 48 54 76
-0.09983458631655609 0.0712435877879931 1.9773468228795879 202 144 100
-0.00798832415715539 0.01447241145647514 2.052181451362863 178 156 129
0.06962711729354788 -0.3215218283108418 2.5045747875309106 163 156 134
0.36446975555426253 0.29923845283728356 1.9903446634133797 169 138 117
0.07581828315596238 0.01526573311624306 2.0451027080553024 189 191 180
0.33691847375578327 0.21892214070173213 1.9072357032875513 117 108 102
0.18390605587160877 0.019509430851021022 2.038025443676744 137 139 130
0.42278931180961266 0.32182110749295423 2.1343083266078358 106 99 82
-0.035488205936884815 0.1448494709676152 1.87050631827673 155 163 174
0.23002450792367235 0.30821803540578235 1.8570035009934633 112 91 61
-0.24502521737942295 -0.20707838520634433 2.3667486776733164 101 102 95
0.13042553854098748 0.005792160799429664 2.0613168328964577 201 204 197
0.008876396892754334 -0.09529045206271376 2.19746498716007 150 152 144
0.26243428067961133 -0.14003476947765905 2.2546102160439783 182 180 167
0.15440955141542861 0.168639326295841 1.833969739066447 150 141 112
0.11046717705798711 -0.33272595218902423 2.496485874652527 90 101 130
0.37906833398140066 0.4746684208196313 2.1346348396368606 84 72 55
0.4325959961793574 0.30196836989889686 2.1389773988328415 77 75 65
0.3113919629834745 0.31441105883845155 1.9424425834058772 205 153 140
0.23287522047681625 -0.026287388854031053 2.09493568391183 135 137 124
0.3431155180749724 -0.019984639282086162 2.0820867838945127 53 51 64
0.2519104445147962 -0.09576746785309019 2.1915507346479832 255 199 197
0.28859089755753875 -0.11976927135142176 2.2376283204279095 217 173 165
0.2644407861986687 0.450987831146456 1.9874281890733279 76 65 46
-0.24181981903093444 0.1505954162992186 1.8753777197022798 27 43 69
-0.031197190599178203 0.17581260009283167 1.8276707226129156 98 108 121
0.2957086126390728 0.04942641354545095 1.9881602421383042 61 70 84
-0.422615083154088 0.02463280230068461 2.0568410908132577 99 107 117
-0.14451729702179822 -0.026283042368605836 2.116091047456283 192 184 162
0.3112250229648982 0.03870126133853639 2.0061698776057417 103 110 120
-0.1540122642105481 0.12635942751801096 1.9014374348925822 117 117 109
0.4723166222550564 0.02267051481449832 2.0750787849053336 79 67 49
0.04385014611529124 -0.08841116987353384 2.1856140211729493 85 88 80
0.24447356652316013 0.34411348112226015 1.9030232961162963 70 47 26
0.27806665193899976 -0.19407440624003228 2.320884791767699 115 122 143
0.40741713510809136 0.3110095427446563 2.077153895000968 93 82 64
0.17684837314500826 -0.10943675072635699 2.2083012547793923 137 79 78
0.3129941572696006 0.4197006317890411 2.015061965505203 105 77 65
-0.812640427258033 -0.6322715190891598 3.6976860945316115 166 164 159
0.17280246904888188 0.13741203709568536 1.876069915538849 158 156 142
0.09089738462140487 0.17355584667530788 1.8302986489231883 178 182 171
-0.2545716218766584 0.12527698686523173 1.9051704282221524 141 145 153
0.34433904690520617 -0.10543017637776048 2.189383563060369 86 90 105
0.11087457531473778 -0.3148701992181204 2.4887032903958524 152 144 119
0.18140706710944426 0.48120604810683876 1.9570541041624978 66 57 37
-0.06005488882364332 0.1727681628620076 1.8363525903957016 156 167 185
0.010432113264202717 0.17492336108494833 1.8314507899892756 73 85 99
0.35852612837508885 0.35219047434137973 2.023806023320968 176 162 142
0.07944186160344277 -0.2546197681069745 2.427163865664304 163 171 176
-1.509614507619861 -0.4426006822796113 3.479589702951067 191 187 178
0.2822993959181241 0.06289474780471872 1.967243050547782 63 69 83
0.3741988754944432 0.368222122276632 2.0565394865763027 67 61 48
0.4016027240035339 -0.07328460767380895 2.146751541020904 120 113 81
0.20936381182116232 -0.2312214585033057 2.381507019813838 206 171 138
0.4391559443985799 0.2011092648294647 2.052281913226357 165 108 91
-0.05024296500535666 0.06708923794233883 1.976007708613803 207 196 179
0.3026555679998245 0.06534760336126404 1.9655556373029373 146 158 177
0.3398272398421782 0.1986403137398279 1.8810239815854657 135 126 122
0.45501573543283114 0.10692039095040852 2.057860092914262 114 88 69
0.33590671323328436 0.47604410925792073 2.0846149018332567 55 52 33
0.29324181676029165 -0.18924710557810467 2.3304425896366876 50 64 89
0.07482953394248394 0.1510439594871298 1.860947728116358 196 185 168
0.2824391428571211 0.48558853959985393 2.03002854407182 124 117 62
0.30202209142055003 0.46509742969853707 2.0406927626610463 100 70 19
0.2534063579789752 0.07855445173070953 1.9460146018400357 184 190 201
0.24256176411300773 -0.06056256115445304 2.147662824753571 165 167 154
0.034689166722836506 0.36216067455004025 1.820632065656802 116 85 61
-0.07672275999252176 0.09728121075139225 1.943179970942591 194 144 99
0.26718891911710435 -0.15981123467106154 2.27919388268405 133 137 149
-0.2492214095837519 -0.26711164055742015 2.4475738159224023 46 58 76
0.29692297602586865 0.4624381084052851 2.0251628262089607 114 85 38
-0.21022179500301932 0.16013365333802546 1.8616588496067668 107 117 132
-0.3992668937501439 0.16680062087668543 1.8600497288428284 93 112 143
0.0599003976383353 -0.1620283708681562 2.2814193352048924 139 129 110
0.44209063780036256 0.32423194434206315 2.176286530423648 128 122 103
0.26384275237789895 -0.14921278015819767 2.268175730135068 188 158 151
0.29841406387577624 0.05981906913049131 1.9813061782282742 56 70 100
-0.26801892631944646 0.07919851736986586 1.9706259285075385 182 184 177
-0.006748223422309714 0.12478915970079883 1.891927234217608 200 158 141
-0.1394017651568294 -0.05175878479405123 2.147155221235895 194 197 187
-0.1413221941482124 0.08886677982525981 1.953401006093421 117 91 77
0.08680628919520388 0.07150283225438833 1.9671298051882822 193 128 84
0.19524097767753615 0.3116964085622094 1.8470481296604206 113 111 100
-0.9930696188952072 -0.5361515563910061 3.5765097127830394 168 164 156
0.24726425272248054 0.007884755194518204 2.0488082028294565 178 180 167
0.39608363510876493 0.18105800108377199 1.9602351332823376 135 108 74
-0.2954949639391887 0.09984580322256882 1.9436925031679642 76 82 98
0.47368418229447096 0.11751302481824463 2.1450935795188877 141 124 111
0.18786639732816135 -0.037095967606727634 2.110587626814498 76 78 70
0.3309125636383986 0.20071076823657089 1.871700683840057 113 103 99
0.22715104593649416 0.524221830259196 2.0109583435187446 145 137 98
-0.958428073177407 -0.48341752030207846 3.5224800734881674 192 190 180
0.4334912157820887 0.09597634851004672 1.97554254332811 109 94 84
0.3529293561691852 -0.10605575771726856 2.210279942067389 55 62 90
-0.3907517418778441 -0.19202691319190762 2.34900880936935 196 197 183
-0.1388871952605754 -0.1643500904482478 2.300372292357977 159 161 152
0.18291762896288133 0.3117271856961137 1.8383387773660143 138 121 107
-0.16511086494474722 -0.16227296985373238 2.296194390129078 115 121 119
-0.29923139863179876 0.11166657311051356 1.941354873425328 164 169 178
0.07138514962288661 -0.1092703094690369 2.2053309957305705 181 183 173
-1.461726465484743 -0.16652361828268797 3.0927680178941865 191 190 182
0.13015316935113594 0.041039664537240124 2.0157409856507993 171 163 148
0.26371967275273694 -0.20391142123036834 2.341325290533927 75 85 101
0.06685963486412491 0.35371808572777463 1.8167518700662282 124 108 84
0.03663413264253622 -0.28349635113938626 2.4638246574683023 51 61 74
0.10195013193222045 -0.009124644619304336 2.076606984018722 179 188 193
0.3692841308251522 -0.0959118105609474 2.1883938284647324 69 75 87
0.328797953669269 0.21337106184706228 1.8846934624871943 130 122 117
0.3394403668006568 -0.1781662471149758 2.3049537722699616 61 73 95
0.2763590980865163 -0.14732449215729296 2.263730642557137 125 121 107
0.08613219187589359 0.4043718501498037 1.8464284523196923 146 121 88
0.3521952588152487 -0.11596955713121014 2.219072179558963 80 75 82
0.3672344679853217 -0.019137518103766696 2.0802194684908386 69 73 78
-0.1028423749085181 -0.30670558478963966 2.49376867903199 203 211 220
0.13678730913402543 -0.015032552683956157 2.0834974523277805 39 39 37
0.25629149913705723 -0.31599228502132165 2.465602615506961 116 137 176
0.36539531412773185 0.37949145238119075 2.059477679775001 99 91 73
0.39954305801895507 -0.0815774636922297 2.166138037078801 119 107 80
0.3078942588085094 0.07860609864862557 1.9459173401261742 81 75 77
-0.22007172369634057 -0.06505138627010608 2.1670839253137517 231 190 139
0.1496671942180226 0.07328947375767582 1.9604416717372113 222 176 143
-0.14906366194721254 0.11199414687983601 1.9235896371215027 135 137 128
-0.22469409349378883 0.09617131409642478 1.949183822679387 141 140 133
0.33142480576405187 -0.16021261286869096 2.26627279244888 33 45 71
0.10867279868750593 0.10357035570598934 1.9254823020544678 174 132 91
0.03567845604869677 -0.12049542352626445 2.2345233695285636 192 194 184
-0.7065291741771657 -0.5325680925587438 3.585784494552554 193 191 181
-0.25214585885860863 0.14642016689699866 1.8797443482553404 60 73 99
-0.027791130313879375 -0.16140110349030468 2.296220835189369 170 90 98
-1.1012768373003325 -0.37985548237361644 3.3665738166265724 197 191 182
0.264151985859855 0.025650819839752436 2.023519656121116 74 79 92
0.2757612143075256 -0.13669614341133235 2.24872944024197 161 164 154
-0.269590669408941 0.1404537660449147 1.8879181904686866 151 164 182
0.31898378071765104 -0.17995918089606935 2.2959598052930406 182 190 203
-0.9805729810004656 -0.5427295169881747 3.5821452652386028 167 165 158
-0.008975372667945939 0.10556471744933872 1.9191225353878358 182 140 105
-0.21858683922970484 0.14902457199823335 1.878470169204895 54 67 96
0.019503201673283316 -0.31177256341134263 2.5002172427460088 83 94 105
0.33430518587493724 0.28239631259204845 1.9392941469875224 148 108 91
0.2401543927569486 0.061416788488385325 1.9750674916703397 124 125 117
-0.13475538024072078 0.06504830476629572 1.983551731108736 200 132 103
0.2073310069693673 0.3178073575300174 1.8686815266446062 110 112 97
0.07039329514834348 -0.012381879664660235 2.087273200927478 25 28 28
0.13753806107617875 -0.2355793428496231 2.389941093740589 173 166 141
0.14312408178949798 -0.27330535810691625 2.432688695981783 55 65 83
0.022756898555691487 0.027300865766404846 2.0353526027251836 194 184 169
-0.2683001346130277 0.06654423482493219 1.989976448673558 199 201 194
0.14717070087362227 -0.09106422260482042 2.204148059570647 159 159 147
0.14357090644566955 0.32532482432210574 1.826483303930302 108 94 71
-0.4126084476548948 0.06705085594393918 2.0052548765991407 61 62 71
0.2836316624996657 -0.16570501575991248 2.2875234030961797 45 51 72
-0.48097198689590953 -0.0490708988948522 2.1523721623019307 152 142 111
0.20389064920220168 -0.06102691253104365 2.1401556755289084 190 192 182
0.5163977028384577 0.3161715564278364 2.344161875901032 176 177 168
0.24521325125196883 0.35517980624513434 1.9089364252507224 127 98 64
-0.3305803960903414 0.047639389708916215 2.0170100921184484 107 102 89
-0.0067879403110548305 0.0027574802350727404 2.0620326260673423 198 200 190
0.2613571968710537 -0.1790169321274655 2.2968510291097655 105 101 99
-0.056848931786542226 -0.16436834533756078 2.3015469963811626 180 115 117
0.43154968224973245 0.32026799169877557 2.142955962085521 155 147 129
-0.03548395628014613 -0.03474231895982314 2.1186091853801186 193 195 186
-0.3024049601034097 0.09027702117148884 1.9671975885152313 131 130 118
0.25794344602300867 -0.024851710020595646 2.0957808072440263 173 171 157
0.21207787918592505 0.048719041923992845 1.9892561645342925 53 62 65
0.37423504481604875 0.3398258347962128 2.0334577287797515 101 89 74
0.018613953283777834 -0.04513773546566274 2.131055132353996 128 128 117
-0.37259860116803883 -0.01207365276780828 2.103974235412789 183 166 151
-0.33046743423180197 -0.21594407759454845 2.39261227168861 170 174 185
0.19620208250482055 0.5042578126023601 1.9783722423459416 137 103 61
-0.016347061714299387 -0.1822844991327126 2.322769843598459 220 188 180
-0.06307939995846533 0.13953832631455854 1.8856340784143295 174 176 166
0.4190126856141759 0.19391756317455952 2.0266022400112202 166 134 117
0.30960051412262174 -0.006660835246256276 2.052588735925972 126 124 108
-0.2734049573437684 0.11298748725728654 1.92610062909949 148 155 169
0.30866353921450534 -0.16119677217518139 2.278725405836409 118 122 128
-0.3977947613448602 0.05778831321811631 2.0055650125857376 92 85 85
