ply
format ascii 1.0
element vertex 2214
property float x
property float y
property float z
property uchar red
property uchar green
property uchar blue
end_header
-0.17572943298424784 0.4633082047529063 1.9390581176879567 197 120 77
-0.3136841498890984 0.2900830967606255 1.8826373809575598 182 164 145
-0.163367897713527 -0.27260535362900057 2.458338363063479 136 144 152
0.46841516737901767 -0.11312471319742402 2.1427578654997714 70 84 133
-0.259356933892779 0.41087469011297867 1.935807526268408 198 126 87
0.11762797575620515 0.13125151680665023 1.8883640190872668 124 83 43
-0.3015061596889726 0.2722066270697024 1.8612089992194276 73 70 79
-0.06343526139537134 0.564669490645913 1.9840700089177483 98 92 100
-0.25125162663710254 0.4396187251299872 1.951775704449215 152 87 56
-0.15918375866012632 0.47592022997033473 1.9401189117833408 118 77 70
-0.05221813188649894 0.05591017031291417 1.9964381953953734 157 91 63
0.17490637211368867 0.040520274845828756 2.011447114617195 84 90 82
-0.12460089997508188 0.6157669489841785 1.9480636106290348 78 76 72
0.25169114343027926 0.036040003521703085 2.010065785092515 72 78 94
-0.10641688417380724 0.11059004193835252 1.9326513083866488 159 115 89
0.04086406739027784 0.05509303397580119 1.997915897724526 189 146 106
0.052820615141283396 0.48572384654374623 1.9332836711147505 177 161 139
0.07128274852023034 0.4020066473595636 1.8708211306000053 232 191 153
0.10499922486587059 -0.046837173961545187 2.1278736527135336 41 49 41
-0.07072288934170402 -0.06818204533865908 2.170144894021039 103 109 102
-0.1686339302135063 0.11081865323563932 1.926064745846807 122 120 111
-0.27435918375209906 0.13599891052499521 1.9163116479137439 40 47 69
0.15872378215888838 0.0427579297908816 2.0115750535664456 144 147 138
0.07115364479399026 0.5423544907393267 1.9808347156148047 135 124 79
-0.27564154823640924 0.38615979314256565 1.9256312774537574 117 102 96
0.10132202491951012 -0.20020932024226765 2.3411621590041984 162 144 137
-0.14136309901464014 -0.04951185247526662 2.1484455270194522 188 192 184
0.06474429073703311 0.3215879289137294 1.8096012771652494 118 113 91
0.03307581067942578 0.45432646213623895 1.9016059767985058 152 132 109
0.1281911627657109 0.43095291246784856 1.912302662978443 194 146 110
-0.1745966500640366 -0.2950645028927997 2.4802869836604917 201 209 222
0.4484086053502862 -0.16389516400611917 2.2095002503532846 64 78 124
0.30528834127034826 -0.21478954298631492 2.3476643072201124 86 95 104
0.1061744708511293 -0.02805628865188334 2.1058994417403407 73 80 73
-0.34386596363135274 -0.18338328993461653 2.336379668563198 119 124 132
-0.3156513095712793 0.2590815422913015 1.862044078675333 167 149 129
-0.03155497972767408 0.550050709153248 1.9723828962501835 166 166 172
-0.08243264104842207 0.4564931648242752 1.9043385439512164 144 88 45
-0.29250263971294493 -0.057744588947283376 2.165343448892681 194 168 133
-0.13071337506110792 0.17370742224153007 1.8435596595135126 173 185 209
-0.027051183402971232 0.10961056675738731 1.9269598579949176 182 115 65
-0.35705920745955383 0.25046198108902157 1.8951515739942855 58 58 70
-0.42768526750885427 0.16810064982194733 1.9173171634646324 99 88 85
-0.24087624159926163 0.3442202013761344 1.8813540275767509 208 144 134
0.1265115281409024 -0.19402407269245547 2.3351884917455092 179 135 134
-0.4512763710427818 0.298564612472457 2.0515247983891367 104 88 83
-0.2050121217005653 0.46280737915538644 1.9496288699446607 199 136 86
0.07475784253388618 0.11955091531044915 1.909109319247789 221 157 104
-0.2680572831850047 0.3365281270175295 1.8852566015836827 222 169 155
-0.07891486143912653 0.04110210172842568 2.0216095454439875 200 160 110
-0.2562083924580266 0.3848645656388857 1.9131884476100414 159 137 125
-0.07927612610411044 0.024461762600603638 2.044159705175727 193 175 150
0.2815749572849256 -0.22719095026539282 2.366615486579963 145 154 161
0.1426987046603935 -0.1361277461977712 2.250438247350973 182 151 142
-0.21831279282533614 -0.2838472625798884 2.456385476248493 137 145 154
-0.09740860058483186 0.42788044067826725 1.888947427028047 161 93 51
-0.15598021281943875 -0.2097500911896866 2.369881144899311 183 89 98
-0.44526362437480055 -0.15805218592081902 2.301806736057786 172 160 134
-0.032358788258508596 0.17210888454769566 1.8406024088438429 81 94 121
-0.23549516332674644 -0.006903308053317208 2.093289322494614 239 186 151
-0.22824769466705402 0.3912038274718635 1.9034732048616225 141 114 105
-0.09789806366741698 0.456993639916058 1.9063840213437506 121 61 22
0.008198361208313992 0.3157416291007564 1.7925964048964194 173 172 187
-0.11769491438509912 0.4607935175156813 1.919610803012345 157 87 40
0.6986150746159908 0.4323425950964735 2.1523466763650925 146 137 121
-0.21336399766420003 -0.14056699994009816 2.280090035477486 21 28 28
-0.16785290876107978 0.4240584478193378 1.9026832986571318 198 128 77
-0.0905459443194221 0.17489426197176347 1.8381291596167328 17 32 59
0.16198849949048522 0.469452706348577 1.9597647587282374 101 88 56
0.4585484829507368 -0.09020438162433612 2.1152599910144905 56 76 135
0.06496297271249803 0.04388331311690458 2.011977293546337 157 149 131
0.1336693691913964 0.4983572491128323 1.967586540604159 175 164 132
-0.0256302035921073 0.3130570358436585 1.7930901706474465 172 166 167
-0.47306724809224737 -0.04398276930617315 2.1433656765729627 154 143 109
-0.39984469001152934 0.1587187271026144 1.8678600560093095 130 127 118
-0.2229877167072101 -0.2564473838726119 2.4324810028879096 181 191 200
-0.21151674390787645 0.5153993798329543 1.9951300892110482 89 48 48
0.1820150985349008 0.056170330761678905 1.9791393051471486 195 197 185
-0.44152461347760624 -0.191377631423298 2.33269147479993 105 112 122
1.060567512976174 0.2487467845979397 2.3832241117737176 172 170 160
-0.11365487303187931 0.05342792325399037 2.0056259207904983 204 144 93
-0.20355055966016272 -0.26194653008390284 2.4398758743063027 151 162 174
-0.010004651129528839 -0.044464371998865174 2.1341118209462593 198 201 193
0.20039730694426397 0.08458460793339911 1.948896652429759 145 136 119
0.13349112654724046 0.22458034647780145 1.7517947562797427 133 121 120
-0.30417433509223146 0.2303168441928046 1.830054081806593 122 106 99
-0.17562957772012208 0.14342705254076005 1.8790787449104684 130 131 134
-0.04470632853771451 0.42457751644627606 1.876685171576231 85 66 73
0.12012309557508784 -0.2635215017726072 2.4302885041127915 65 80 101
0.07409816157455376 0.34448694951760084 1.831309620683693 106 98 73
-0.09590585694581875 0.2485240685377516 1.7482515081868462 123 124 138
-0.33942463364416603 0.18866651509615381 1.8256488722498192 146 134 116
-0.0595323585297545 0.08070788022451361 1.9685579939438016 203 142 87
-0.19612817164796478 0.41048927031424515 1.9038100102754418 152 106 78
-0.13456781088295666 0.08544176768963398 1.9630753657990005 223 198 177
0.13119677588040962 0.10197628216147972 1.9259158066915234 150 91 54
0.10742874143072062 0.09538021970242902 1.9347700627932396 183 120 74
0.19750632355343958 -0.1685949428111306 2.2922645584750483 220 191 187
0.38182874018777463 -0.09983316826034046 2.1884996843555986 83 90 101
-0.05820413973609038 -0.3108444580369337 2.4957275453383834 124 132 139
-0.004332286939925099 0.050548995657047194 2.0024924356787572 214 144 88
-0.01905670729116322 0.172405695258798 1.8368162490214244 79 87 113
0.4451381843424575 -0.03415135359155266 2.0258102880865665 64 71 102
-0.04333473969227679 0.08494971901492229 1.9607820352029508 223 189 148
-0.11979475881849964 -0.3055857127100648 2.491000655414747 149 156 162
-0.06638327184086534 -0.08229558865706091 2.1815011545981275 43 51 50
-0.35750487033735334 -0.22170403175981748 2.392828212026953 68 80 98
-0.11394980950989485 -0.23097197918025172 2.3896900126947753 212 94 110
0.3213809399112787 0.0009880959732139632 2.056987687011567 84 86 88
-0.4507876250124172 -0.036528606448725465 2.140202167486913 37 42 61
0.10182130241263904 0.5794035887299503 1.9822111298123455 189 183 167
-0.17924387595350688 0.5069131447498818 1.9725014237299319 164 107 90
-0.12424775384115878 0.1522702507787008 1.8692484410844408 157 166 181
-0.36972363257274715 0.20363724081039947 1.8712343883279325 110 99 95
0.3979348501203596 -0.02394536921349434 2.0804642271413605 151 146 116
-0.2411466487416725 -0.20289107641956095 2.3596976987502685 40 47 44
-0.15390507820260485 0.2627815266405953 1.7744044676852762 147 120 88
-0.2896014038496327 0.13173172752801965 1.9072753796707347 197 209 229
-0.157359949187089 0.3706993376322607 1.859724431235464 99 79 77
-0.22184927067256707 -0.08887905372196585 2.2125812303548242 196 172 146
0.05168083304645368 0.39709432894156915 1.8654314241369594 149 114 82
0.21389111394137492 -0.057474369202632464 2.1417735772762025 177 180 171
0.2941511155234686 -0.14393786952099738 2.261385109135458 180 182 174
-0.26983676842089743 0.2133452823324127 1.7923926732721929 19 21 31
-0.11976332299520372 0.32825363122678974 1.8200977977244763 33 44 84
-0.12261840906708245 0.48565101067101796 1.9329413003389346 152 88 74
0.2927206967879847 0.04269353486315145 2.00521649649947 115 119 128
0.11235537523439088 -0.009676443499570333 2.075665366688424 83 91 88
0.14910675082291633 0.3960652332067766 1.90277522001855 155 105 74
-0.18900811824677527 0.3929093123116816 1.8873923484487583 71 51 49
-0.1933786377939417 0.5695781356727773 2.0126128851793057 152 145 138
-0.08660019319773744 -0.030462004833737746 2.115958601648258 192 195 187
-0.06261975393540667 0.17305474443772398 1.842843972563359 161 171 189
-0.4677724326948303 -0.10601385086396994 2.228349437578505 116 100 59
0.06600017909221802 -0.04140690372643351 2.1272235050632906 16 26 22
0.012945244573454943 -0.18728354901609573 2.3284222005076316 192 102 106
0.0577226781809701 -0.17748164066002456 2.3162370210564376 225 148 149
0.06846583905598468 -0.0018202080785292586 2.070494711284388 77 83 74
0.24374249681920945 0.21872098198687093 1.8126805816083045 152 128 110
-0.2930134312347338 0.29299389197154246 1.8782223013660664 24 29 51
0.008715519257075017 0.2694257630533064 1.7553959976249398 165 137 106
-0.2196439445555474 -0.062284802541567916 2.170090364961438 213 165 109
-0.10525229768112812 0.028963505153338984 2.040453720920177 216 179 132
-0.4247162882788677 -0.11747424762582433 2.249066672613898 195 165 145
0.17606595407386583 0.3556658313947412 1.8776600111679191 132 103 71
-0.41216947786648206 0.023377335963636035 2.0497765548208795 64 71 89
-0.01335892774327442 0.5375826150979695 1.9602608364057255 55 71 104
-0.26184397986040703 0.32050217939669995 1.8697174138823685 201 188 186
-0.00456035260036864 0.16497773282968267 1.8530428275950952 139 143 152
-0.28047790226735514 -0.013290060726502174 2.1068231810827296 179 130 81
-0.10160429732191624 -0.30629354921949004 2.4949630372077243 197 205 215
-0.19684446734084313 0.4851926017754569 1.9634287579598488 209 148 101
-0.23082183481862936 -0.17559289267670114 2.324588118758023 197 204 201
-0.15750479532798023 -0.2962005071008111 2.478076806364814 201 210 219
-0.29923324859099 0.1596997630146447 1.8160665557637736 98 109 147
-0.38557482666641646 -0.0267776001244045 2.1272198723564393 200 202 204
0.29797975749669103 -0.023657762557376415 2.0901153028045076 142 136 118
0.19988580085640595 -0.2587045873598285 2.4136444073470487 191 180 150
-0.1321200862762084 0.41015064316821087 1.8839694323502703 197 134 89
0.001869567603028695 0.030791495734572894 2.03225219536721 227 183 139
-0.19684364305331642 -0.28865358331147817 2.466215820171907 207 215 225
0.08139704575850353 0.004567841997999738 2.0623297243485816 106 111 102
-0.2383744550695565 -0.27796789354017704 2.4547835348031906 132 146 164
-0.27664143251003726 0.18103286392107173 1.7791277470760034 108 124 160
0.45707875793122826 -0.07411286372748815 2.0907388556332727 81 96 136
-0.38422690296616974 0.03614578097520418 2.039104795530623 76 81 89
-0.04213456546635294 0.10635193095967721 1.9333228735770707 209 157 103
-0.40050199022418675 0.3077954910665433 1.9869287904513488 191 171 163
-0.27871546813755604 -0.26433635909049624 2.4390270702696126 81 90 101
0.19902204256377193 -0.00268646884806164 2.0658800809954396 29 36 30
0.026714846973500055 -0.031197812473894394 2.1285217623008346 96 105 97
-0.4525871653602239 0.590750670336721 1.9932926644398452 195 194 190
-0.13231607676456986 -0.2794416076161837 2.471579022485374 158 167 176
-0.48491775224232403 -0.11371322126740324 2.226262437707237 36 45 76
0.012940155589537362 -0.285818013777944 2.4650965605284294 95 89 89
0.10996001549820146 -0.2830035356821176 2.452846047034647 111 122 136
0.33660809101734707 -0.012590326486239005 2.0692817847334966 96 100 110
0.024309309976315845 0.3145942927948766 1.7984938245359388 196 186 180
-0.0647657204804951 0.3920387528108722 1.8569858106625043 39 31 52
-0.11678004741822018 0.26797564390631123 1.766836580341048 104 86 81
1.0597161290133394 0.22285176408091292 2.41401689679153 186 182 172
0.28633211385145574 -0.03795775852098849 2.108137665495342 152 154 143
0.18864458634607778 0.34756987216551816 1.8622793166307485 142 121 96
0.08722650541641312 0.17188249756959476 1.8301576242866626 161 164 147
0.2542795199136838 -0.17450696211861425 2.2964088521306105 106 101 98
-0.3066493376814931 0.30465941222329235 1.8895710442461897 195 180 176
0.23054317662548182 -0.2752755661094784 2.4302159532553635 185 183 166
-0.03488355942267583 -0.2876962366132384 2.467854175162311 158 166 176
0.12867212278238158 0.09243662604765394 1.9387402796044784 213 139 82
-0.09992497531269305 -0.248821912448871 2.4157252587038265 195 126 123
-0.2202621900965718 -0.19218045391217098 2.3434162913282495 32 41 39
-0.4327612602308915 -0.23970498197949097 2.365446893500734 77 100 177
0.3414695602085499 -0.06162366777829289 2.137702251727074 131 131 134
-0.07896280688420242 0.15572018588911932 1.867955876115472 126 141 161
0.04704919272279691 0.4298937254833537 1.8859695565230408 127 87 59
-0.12991946260061016 0.30676045804754004 1.7992545481866156 192 183 183
0.34187512826520694 0.038636788112796965 2.0002924488128317 113 124 141
-0.02897829390820655 -0.23928704137261714 2.3995037578558147 164 155 148
-0.2797270761191908 0.25659253630144097 1.8242589603398507 62 67 92
-0.2320877811141285 -0.21422038103240154 2.3585827926999534 207 107 116
0.40792649619208693 -0.016267818794534747 2.0532696503850523 85 99 125
0.6574083326020069 0.46899906478449155 2.099744467956119 178 168 150
-0.3591222204003975 0.1466408797501177 1.8273103919326872 77 97 137
-0.40270133372336814 0.06160369924140807 1.9983737453161736 43 37 43
-0.31221197253251937 0.12036546662639501 1.9212963878135032 116 126 140
-0.0866263277478323 0.5450451200255173 1.9713881651192533 161 159 173
0.15304176507635076 0.07797671668811483 1.9563762249315915 171 97 44
-0.06867583560616321 0.31096099752223366 1.792972823070695 178 170 172
0.3414584999423515 -0.17920076895141052 2.2981212968150952 96 106 114
-0.10756754406076083 -0.08685680849422478 2.2043377816434213 86 94 92
-0.240555193914969 0.35774511722390273 1.880359949830427 153 132 131
0.11692063041355794 0.11188942943502193 1.9110543642536866 164 115 59
0.5269189932210082 0.5243862359244158 2.0337263020624614 182 172 155
-0.18214150422836226 0.3015267764392193 1.818134369264251 189 177 172
-0.07826638183136783 0.3109601244376853 1.792425024132298 197 185 188
-0.15340301300621487 0.4149630075233011 1.894164128610578 198 126 76
-0.3275638499537776 -0.07467785825351503 2.1868831390987737 160 91 43
0.011746038451058344 0.03693626146082967 2.030128731160855 219 174 128
-0.21856746691845372 -0.02283648619566431 2.1139038656097133 175 105 49
-0.19267657888627154 0.5979214871173959 1.9755675089496312 194 191 182
-0.09954102958227233 0.07318804847947236 1.9828606667413942 215 153 93
-0.14791256782983975 0.16943317182576073 1.8384510454871434 36 48 68
-0.26683423320236754 -0.13124229028633677 2.262630097439889 194 153 100
0.026360277861150673 0.35435455121983794 1.8246478834214808 98 71 54
-0.36816552624333576 -0.16759058159816542 2.3178308898957383 210 186 170
0.2417652906494127 -0.22159646265524954 2.3633401378235694 122 83 63
-0.0787223435647781 0.14252280819733681 1.893556544435516 174 177 168
0.022905797358849705 0.02763022620196168 2.038237321192043 181 167 146
-0.03719487108349447 -0.21216896902008273 2.3711068490313534 190 97 105
-0.04891447115329379 0.17190244342380215 1.841546095722419 95 108 135
-0.29391794989312253 0.3101086430565421 1.8914779046785506 212 180 166
0.2539379546261956 -0.08573973310302706 2.181068026668572 217 174 160
0.32239686311756893 0.0619897595707407 1.9840477000887862 23 36 55
0.002028351206117737 -0.03259023448511097 2.1205540520108963 193 200 193
0.49127034420593513 -0.11653583864393952 2.1565517474069336 107 112 128
-0.2652149632421802 0.18466089941071218 1.7784307124848002 82 102 148
0.013043337166405539 -0.03046856745641099 2.126600521553344 170 177 169
-0.22692624819006052 0.544441250236295 2.0157284541123484 105 103 113
-0.2852490294594038 -0.23467989995002997 2.410017477673143 146 156 175
-0.3722948579553768 0.037914685747064955 2.022644512284035 121 125 137
-0.43706287965498924 -0.015435652931158879 2.1172508772513456 200 212 228
0.047034402097835964 -0.29365781998303214 2.4727181819540287 62 76 96
-0.21638405801832158 0.2953191324807127 1.831162182376452 184 175 175
0.0315694776102759 0.037994811126771055 2.022276653380379 163 144 124
-0.35966773069922714 0.2967922694669289 1.9293901185514686 163 148 141
0.13323349049148003 0.3900087306996891 1.8914367949667967 185 137 98
0.6090569197770358 0.38979209287911976 2.2203476962157174 182 174 160
-0.1478168461881273 0.30435552567259017 1.8000613788581388 193 183 185
-0.22372030803976103 0.09657816762228556 1.9526351623923763 112 108 95
-0.25108412034936023 0.09806307668371221 1.9569978974894189 110 102 88
0.14992693570274265 0.34928265280068704 1.856040243745373 131 101 74
-0.07135053406766 0.16424267335245282 1.8567754447653007 139 151 170
-0.28514202488492674 0.046759462021665914 2.0169617787706966 192 192 184
-0.12512039234957212 0.545825815406467 1.985213275622842 176 176 189
0.55733501344325 0.5128056696009949 2.0493298495004533 180 168 152
0.19703947903977953 0.09814481555731298 1.9312990848137814 157 136 113
-0.165011113460952 0.44152747864563857 1.91713429498929 186 113 63
-0.24503798254707285 0.013013161788761348 2.0678290902454073 155 121 96
0.1977518572243262 0.05106762109079163 1.9912435961194779 38 45 45
-0.12992173988574615 -0.037648375017471966 2.1286825181331723 203 206 197
0.009286012461218095 -0.08653230396544684 2.198388007233317 175 182 176
0.25836627491861497 0.08902239979026066 1.9394825151254271 174 185 195
0.05667124473699197 0.32530175100492553 1.8052686139015748 123 111 93
-0.25833007273657527 0.396279243550816 1.9240578308133185 164 111 65
-0.11860040554600158 0.5615813339127105 1.9919744858466653 90 88 101
-0.2243320043864327 0.29347034433403857 1.830969915956796 186 176 172
-0.07069445630020367 0.4342970297222452 1.8858390922271557 101 43 12
-0.39078408875002907 0.6071183824995418 1.9647750349926507 194 189 179
0.0010962274519572067 -0.2891729353258247 2.4822402167232442 127 130 137
0.25680485073676235 0.12243572696114387 1.900779867219083 157 155 132
-0.20336008002794578 0.4511151941766318 1.9380228819521543 204 151 99
-0.13373290198333895 0.44964801634114027 1.9127330044637922 209 135 84
0.08529732115190873 0.4023413695534378 1.8800870468373687 188 148 112
-0.09652325729177168 0.4878831181745571 1.927954311947348 87 50 51
0.1569918167723377 0.31128114684566693 1.8421513998763301 161 142 128
0.2748609272588984 0.06061044896101364 1.9670869551841081 188 197 208
-0.2618666980492892 0.1274540371885044 1.9038967752666727 30 40 64
0.02014611539728596 0.18036694192701944 1.8247690662635492 32 44 59
-0.025859326384363623 0.35572765565993236 1.8260487756455712 139 123 112
0.07789966994508765 0.08379267160195202 1.961256033324755 172 111 48
-0.2681984219491836 0.011289510883447386 2.062775895386526 205 180 163
0.07561065850767072 -0.04220161024400849 2.1169502252839196 168 176 168
-0.08541715926565535 -0.28161064488953413 2.4436724921943 117 124 134
0.4422815824167159 0.5496921557553476 2.0109837050390302 180 170 153
-0.21087455781362643 0.549273765956969 2.0153360548871846 88 84 96
0.09209960407393025 0.37631476799833213 1.852678884193846 155 109 71
-0.3457735773109268 0.10825980158238842 1.9417375455759351 59 69 92
-0.30613891054617665 0.17208420915170378 1.7934662974943403 150 159 185
-0.37330542897335806 -0.019215346844565745 2.1093774890377652 184 163 149
-0.5562885585946903 0.5599455535314788 2.0492221355233706 193 191 186
-0.17691230281920972 0.6157015029098756 1.9559469058210408 187 185 179
-0.13827370034232403 0.3692073936417782 1.8544131752511381 126 101 98
-0.1008530616192327 0.4736980034377201 1.9228844708325952 174 96 47
0.19721836975572465 -0.13440292826086697 2.2519530819625193 246 166 166
0.26151497188443684 -0.16264475605056555 2.2874143535045697 206 210 213
-0.23805912179498626 0.28817562979931455 1.8188080986934927 153 142 136
0.07192493388471209 0.1865358924836161 1.8119502444891915 171 164 132
-0.2742306583922982 0.07920648992569014 1.9814310148067238 163 167 158
-0.1853452043525187 -0.09774431902018811 2.217441726255141 154 156 150
-0.4752885314466343 0.33812315888274497 2.131687733276316 144 105 87
0.2297719343793898 -0.042742527138736774 2.125352351828856 196 199 188
0.003575260416456041 -0.057413408097552486 2.1571925590642387 135 142 137
-0.4813175660589914 -0.24215842869845333 2.3741534232171992 163 165 170
-0.19336789000965107 0.2970784707821438 1.807376218982586 189 181 176
-0.4614618933963737 -0.2204386641006706 2.3790771444334817 41 60 119
-0.40909430801818325 0.039522916864834806 2.041746699357395 103 109 126
0.27183300055495585 0.03481308709078861 2.0124177709774878 19 34 61
-0.16757949476674894 0.6243387689539064 1.9321709453646 190 189 186
0.02976935823322342 0.1567753143054484 1.8523033402759075 89 100 115
-0.4406163522460323 0.037242813225171166 2.0318902147612685 149 142 112
-0.05065322148446874 0.4090294043424047 1.8661190199097655 48 52 82
0.22344237072261416 -0.15996363309422987 2.2875249846974484 188 186 174
0.16673384114393622 0.3868106424859791 1.9062956260143462 179 158 127
0.09936540317604829 0.5526112676370987 1.9958932370019804 116 100 69
-0.3543098094688662 0.5480682226691166 2.051365028366454 185 177 169
-0.2058532697575671 0.29517017786464067 1.815043116701677 179 169 169
-0.07264167074660977 0.48325568026104504 1.9256008221079437 107 66 64
0.39242134210354235 0.014513016715320879 2.01178598899828 52 64 96
-0.29852463211505037 0.07815529764121863 1.9775952373765575 180 182 172
0.6490882916714004 0.4679409886034945 2.1035947621991635 181 172 155
0.6000238532445094 0.41646861965104903 2.1604327620333894 175 164 147
-0.267534325432866 0.2810143763013752 1.8396000257790008 111 106 111
-0.24798518225598645 0.5399067927828014 2.025992699610743 103 100 109
-0.04473833563499322 0.18315153498418782 1.8170496373037723 20 26 38
-0.270677931354933 0.4629308475291361 1.975484143363832 186 121 72
-0.15340984427675627 0.10110429267902976 1.9418964508484085 121 122 111
-0.12824274126510105 -0.26439178302487715 2.4446071879435674 154 135 115
0.3256567270756836 0.011720677080584895 2.0365740653773017 81 85 93
0.1149092229052082 0.1669702250218315 1.8377708821133059 119 117 97
-0.14867154900680335 -0.1067074788535537 2.225761099146412 61 69 63
-0.15284711546846091 -0.08094563059261982 2.191148619990955 183 184 177
-0.18346882742419363 0.16437126839629396 1.853915881527861 42 51 60
-0.2931690911636343 -0.12327673924730707 2.2557025929700845 120 79 15
-0.1539778405406026 0.11096215205682058 1.9254043645842762 152 154 144
-0.5276437685640083 0.10670740369042378 2.0997833181547767 146 141 140
-0.26955813035801496 -0.16561084220809902 2.3147219013282485 62 67 60
-0.22260879515532755 -0.11358834520604025 2.2399041571467895 185 186 181
-0.3984156459968125 0.32729015019053753 2.0019787774150255 160 117 95
-0.34542877554470675 0.24626089955801278 1.8773455380258095 151 135 118
0.00831064097551992 0.17455311360693623 1.8334755178232225 146 156 174
-0.3038458723659962 0.10290439149769315 1.943566583353659 52 53 58
-0.44893224142372645 0.1415752621777159 1.9344164336951692 104 94 90
0.15462403770798458 -0.021740955993225827 2.0962946142397194 114 120 110
-0.33748319943690974 0.317080059066332 1.922692784009024 197 103 97
-0.38018429270903015 0.3613861044648577 2.0018474827860566 118 84 59
-0.4268893907783323 -0.0225199819218404 2.1213337357195967 25 39 83
-0.1952317675174805 -0.17343313596817492 2.3227241863338044 60 67 64
-0.35243239960933703 0.08418535978742399 1.9718642058403022 117 111 117
-0.29063694970354464 0.40947999563581294 1.956925880105901 170 147 132
-0.11864862101744236 0.42969383856619653 1.8923675466404175 196 143 98
0.13689383148686132 0.07581596071440802 1.9632247984585764 157 94 44
-0.4410124555822477 0.33934485553617194 2.0673786191500674 150 87 51
-0.4665091698834345 0.20396989424130738 2.017487097627553 55 61 83
-0.4014938773772848 -0.06537925429739612 2.1777462722549963 31 40 62
-0.3089318344509458 0.32230528691573074 1.9002932350045154 158 88 77
-0.2098738207806791 -0.18005716567594512 2.328359104684164 111 116 113
-0.22835968128896955 -0.22838929134322267 2.3985876651373843 128 131 138
-0.5150949805117598 0.5429509009211927 2.0635265217782717 174 168 157
-0.5342325781753161 0.3005673345007087 2.276088411482954 88 95 106
-0.1373976835165846 -0.16321136841087683 2.304572196080691 176 179 170
-0.13964130569267452 -0.20046862418755912 2.3575698883000524 241 165 169
-0.20879926668359272 -0.13661382013156056 2.2710052103922203 36 41 36
0.11228622561258524 0.07656436115372366 1.963996208174868 207 142 88
0.22152406014456855 0.033282478434356076 2.011060433222641 171 173 163
0.07148812461897905 -0.30347106560330245 2.486681474597729 206 214 226
-0.26680907992583114 0.4398743420290452 1.9613518835733281 186 119 72
-0.09946818814226618 0.060358926080875897 1.996640189793467 211 137 80
-0.010531833790519763 0.014679371885026224 2.0539636845292932 195 175 148
-0.21200509021661382 0.43617776053867285 1.9313351920116888 189 124 73
-0.0233339676779585 -0.28749376217141065 2.4743774350406063 128 138 150
-0.08592670021008365 -0.07713713566333795 2.1847141182146235 59 62 55
-0.28350785510273896 0.4971840177800574 2.014094695672261 135 94 86
0.13930551607126795 0.1341116867642424 1.882703576196784 164 106 64
-0.16391741346972627 -0.08948648308074839 2.203278221088744 169 171 163
0.051743976191317764 -0.2839217516695334 2.468439256873647 151 159 170
-0.13902071986873712 0.051104347889925024 2.007059195675952 160 80 33
-0.23330363410138102 -0.022732548845379535 2.1163128818636476 128 78 30
-0.2775457061309091 0.4873942344309024 2.0053552532092116 98 65 61
0.008599129370394722 0.10108437844912493 1.9354085243418762 189 121 83
0.3579146729811843 0.04439807986545976 1.9879414593376201 148 142 108
-0.392941907338538 -0.050638987733727485 2.16003971203956 73 91 130
0.03579382317918871 0.17393913452416726 1.8307937683661872 162 172 173
-0.28087180686597757 -0.11194285498853475 2.238370116363476 203 153 81
-0.4541270052899925 0.1329218541380542 1.9365272053022533 139 132 125
-0.43916981033578956 -0.14216590301922652 2.2857937649872238 142 139 121
0.11144631897525963 0.018486619599732385 2.041672119408432 71 76 69
-0.24120812823614488 0.5068299431606076 1.9936289784785461 99 74 77
0.09837662956937739 0.1268116390770665 1.8946596951547547 121 75 41
-0.1998825713986033 -0.3071813888003194 2.4965758395701267 161 145 117
-0.5133178823052931 0.08802349909994683 2.0319712888758135 82 71 66
0.013020083497550603 -0.22433918141972856 2.3833781290135687 213 167 168
-0.27730818929750445 0.11647582417679735 1.9227810809458887 123 129 143
-0.4593575204440646 0.26504412309600267 2.052071919493078 106 86 81
-0.502498256655036 0.5537501678173798 2.0463305142010086 178 175 167
-0.3963329688280091 0.019442083852322253 2.0605860402361524 104 111 122
-0.07186477477648091 -0.1147193112460323 2.236245913499911 86 97 90
-0.28975358448958904 -0.18761363631878744 2.342987527531921 164 165 157
-0.05255467035046333 -0.10363074841574972 2.2147540214723263 88 97 92
-0.15081292643757951 0.15459691823255553 1.868374595893303 30 41 64
-0.43432033873690545 -0.044469629543255805 2.1535575694978935 72 80 103
-0.427241011089682 0.009545783332422654 2.0786072593612572 77 88 119
-0.36237619127943893 0.3161909079989258 1.945848380277763 187 158 143
-0.3373031088847589 -0.13627099794904815 2.275416416766658 161 131 81
0.015287406106522666 -0.11620328587914008 2.233508575790208 41 52 47
-0.0331010643816023 -0.12989059087383592 2.253806315710423 197 199 190
-0.29945663986899135 0.08640845040844436 1.963942849333276 129 126 110
-0.3829151355836705 0.06378080263575192 2.000806485555519 48 49 64
-0.41155664952247584 0.053665893577717914 2.010829901471296 29 32 48
-0.4285295556125783 0.3989709850647696 2.0876621883876063 90 46 20
-0.39396309295937976 0.006495958314651232 2.0820219875095662 192 198 211
-0.05213669791918397 0.045113883785201314 2.009518917456226 188 105 60
0.14504573631530843 0.14794584354277238 1.864210091554956 204 190 167
0.10951627284164854 0.06602599750248407 1.975906890908859 176 101 43
-0.4393473932162364 -0.02893897287906796 2.1288277170376286 75 87 113
-0.05353576575177081 0.17623211929621121 1.8313850450085996 52 59 73
-0.47294659303216446 0.18910475278219574 2.017203784018986 62 69 91
0.16627419412861727 0.03180801981585373 2.022650981647984 125 128 117
-0.3482859958494038 0.04513101180908266 2.0253822945789453 167 162 150
-0.47420707277591134 0.13050784110460165 1.974546233471635 90 78 70
-0.28782152984853726 0.292223258549925 1.863300949146688 31 34 56
-0.34898530900485775 0.07238844491539861 1.988255035710551 43 49 67
-0.03794423317573126 0.1764306585653966 1.831592026382629 82 91 101
-0.24858275794649848 -0.16681957452449658 2.311771966856261 84 90 93
-0.14821209049423612 -0.14938938342542632 2.28469492417898 37 46 43
-0.30215029677897354 0.30620779260273157 1.8849890723510245 114 97 99
-0.14017645554162622 -0.12729764355965292 2.2550095415486875 213 219 216
-0.007857606930724676 0.1830012870365951 1.823368951890785 54 63 81
0.10875489207578413 -0.17639023493649858 2.307728402204437 210 142 138
0.37608418205680555 -0.10968506452027345 2.202962328485485 157 164 171
-0.016477959316852593 -0.18947955454153417 2.3426648529028427 184 182 171
-0.37312803284755747 0.07914400139377649 1.9827465168076466 84 76 76
-0.11565326083322738 -0.32274596893906476 2.5119202175052746 166 158 137
-0.44777921074771637 -0.0935382385948394 2.2196151713943046 165 167 156
-0.4617098211958084 0.1711298955301314 1.9897176514549852 58 64 84
0.006429294993818967 -0.3272457081136336 2.516660838774607 187 184 168
0.07201038413022673 0.15041037686653627 1.8636244790562866 206 178 150
-0.3920321991765299 0.41554209442387696 2.058043141039539 69 55 70
-0.414543384271552 -0.07563163930905686 2.1960025257419082 132 134 125
-0.41413792086480894 0.3204010248629126 2.012086921746873 206 159 137
-0.22983542081391636 -0.19810944632242086 2.350922041758184 86 90 85
0.055846430780760216 -0.21401891221965735 2.3643113392921076 203 150 153
-0.07583754423513246 -0.05563032419534206 2.147841395548141 196 199 190
-0.17204219787961433 -0.16136922954106603 2.305352314046781 46 51 46
-0.43793516141011163 -0.12745851679240006 2.2681109667314883 179 181 168
-0.31791194070703355 0.09424445260097268 1.9539735619486165 134 138 149
0.1912511483881987 0.03213516941102276 2.02123945823498 212 215 205
-0.4523872346632324 0.21218275051232557 1.9992393765493275 52 61 85
-0.3881751438918259 0.07501233790149914 1.9964706689234717 52 56 73
-0.17928952632158837 0.14135289896556308 1.8847092600764805 52 53 63
-0.29443138549051506 0.10861412580298278 1.9326664756157614 35 43 65
-0.3256909759200153 0.11290310812284107 1.9294534410310777 86 96 118
-0.10203318818618336 -0.09693596341010037 2.209272128501804 112 117 112
-0.03397490555834322 0.648554405458604 1.907415358900812 194 193 183
-0.3868814859201762 -0.014716853309502976 2.112855464724115 147 145 133
-0.42266515303857993 0.4399619405858879 2.119901963636147 110 66 55
-0.3670011707779713 0.28418016468876445 1.9297611454883787 194 185 189
-0.3320191636059198 0.10300894171811882 1.9495144864023364 130 134 145
0.031130795052717458 -0.2967208648754495 2.469385951739942 99 111 136
-0.35476885615949405 0.014202107405063663 2.070955848447406 151 150 138
-0.39175641608143835 -0.15701108163609975 2.308954180284527 208 174 155
-0.024765987293194458 -0.06865867070963343 2.1678353151257252 79 86 84
0.058516173974853536 0.1609342943172884 1.8473696173057093 177 179 165
0.11587456320846258 0.05339514641346468 1.9957919908903015 193 127 70
-0.2808192920194897 0.12483157486609324 1.9137930417555 23 33 61
-0.35322348360280226 0.0012921877017295423 2.087441320114398 223 195 171
0.10784545547824062 -0.31534557215198755 2.492623429263346 164 160 145
-0.3969801990666464 0.42220700583996285 2.064339407015466 61 52 70
-0.31108584762304625 -0.11048567634643751 2.237530647024407 200 167 108
-0.4025201145670259 0.22493670251224981 1.9256588598546875 175 163 156
-0.4545333491290267 0.5487723156491385 2.054460500143266 198 194 184
-0.6572351503833483 -0.03813472372032559 2.856916541763702 188 188 181
-0.4374782119927638 0.2982353436662866 2.0290354950417777 38 35 44
-0.2684312708487438 -0.24817215877225085 2.4255719708136985 172 185 208
-0.16366521812976928 0.17437086732696003 1.8458090869165422 171 182 198
0.09080423218603849 0.1620775702523918 1.846339588121955 176 178 161
-0.2953370457168673 -0.08638511752826564 2.203185925600892 203 134 78
-0.13841087815697037 0.06670720141678514 1.9887184556559012 218 139 94
-0.12647423481088557 0.0932110493830709 1.9511040538673057 226 186 157
-0.7512578589888473 0.2671367610134891 2.4467388971026502 182 178 166
-0.11557561703467194 -0.2647014512014208 2.451135744809694 156 124 102
-0.22037491765095202 0.5970719544142828 1.9839209982694954 197 190 178
-0.05786927342620651 -0.029354563536430768 2.1162359440065606 169 170 162
-0.46442729924491266 0.19451610314983153 2.010360757773281 55 61 80
-0.37797692014892553 0.27323804722467543 1.9301475093391693 41 40 53
-0.37235822796958623 -0.03576636398413462 2.139181425480271 129 103 85
0.00033678726805900106 -0.2693111306908411 2.4368446935808583 160 157 147
0.18933959088125088 -0.27314437045756007 2.4342553178304915 202 199 180
0.09849907150890053 -0.29086121353287625 2.4682522168963543 98 112 134
0.15726938125352044 -0.04968760777470593 2.132264000171804 187 191 183
-0.11374755210891377 0.18148326011386207 1.8279697756752078 45 55 73
-0.29394319396643276 0.1204897591808061 1.9228654981905593 122 125 143
0.008422463867075815 -0.0952176225679167 2.200640988604693 27 35 31
-0.2941316241678099 0.03704025655840851 2.0370755244024754 104 104 95
-0.4427312414633901 0.19765071857357921 1.967843366052876 154 147 143
-0.36718946517525614 -0.014331347045019623 2.113152919974415 217 176 153
-0.1282923955209548 0.15682224045661186 1.8617500596123968 57 64 78
-0.505119613940199 0.11901662493607784 2.0190047433247553 80 86 108
-0.4743203653868678 0.1979231487274021 2.0263812233633156 104 109 127
-0.027466251187519043 -0.06134318399943214 2.1680113801621443 36 44 42
-0.3842951551276251 0.2701741392479164 1.9444065740425052 25 27 47
-0.24509683971465943 0.12976642203403937 1.8983496515532978 65 77 94
-0.4044582848527853 -0.13703155833769817 2.281579059123683 209 144 112
-0.40434393866856577 0.26948047913425716 1.9625853746826891 43 39 50
-0.4241848604707392 0.21046104427873355 1.951256712328538 174 167 159
-0.0062189376161045735 -0.34493029421445204 2.52376051199504 105 121 148
-0.4047291711566468 0.22409502621046126 1.9397233285994286 177 165 154
-0.22563360113418987 0.0025714508411491493 2.0783140771061275 200 120 76
-0.4154572940732594 0.06464700506947282 2.005220580499783 144 140 124
-0.3942944615298057 0.05031043105909294 2.0231048143687467 61 67 72
-0.35944797743566703 -0.0031857079129996883 2.090517726044669 197 155 130
0.31762609920866375 0.01278880422901339 2.0396890136378976 187 191 196
-0.3792134726703716 0.2852687351536862 1.9392668327684182 183 116 108
-0.1661973896067827 -0.04318827278813607 2.1397936745787804 183 147 118
0.15844678847167248 -0.0029726403774669547 2.066658773678875 99 107 99
0.2627915331398725 0.12443220512227364 1.8906813207013276 150 142 103
-0.07726005389270915 -0.22795994842294126 2.3888273529331205 209 165 157
-0.41950746467842354 -0.15734718795602434 2.3042741629425363 195 197 187
-0.06872042709522827 -0.31232889178683715 2.4900664335179696 136 144 152
-0.08227026060955867 -0.3082710353558532 2.501728437279417 188 195 206
0.2066684749549555 -0.25398002397379843 2.4095253284299996 182 152 126
0.33583016845434593 -0.16996654305028874 2.2906913815596535 93 105 122
0.10283607564079326 -0.0746072436158395 2.1757648427672738 179 186 179
-0.3906459131415883 0.3402411458751327 1.9977755937916837 106 80 77
0.26868841767494706 -0.13804810121405356 2.252691153955491 197 196 186
-0.49425561380163613 0.5661678255696737 2.0360827429847426 199 200 196
-0.4426575681962752 0.32087075100837886 2.0570355557012077 170 120 74
-0.04475318541288367 -0.09967366735605791 2.2113641739757774 72 79 74
-0.24660747869461688 -0.04149877678137808 2.1414085876147686 171 150 101
-0.44992932420580756 0.19154068157138399 1.9827144179085743 141 133 129
-0.22967330870300076 -0.26611732672534333 2.4499063517101964 172 185 209
-0.028266687546862703 0.01939769190602126 2.045917103069519 207 161 125
-0.22506969626392728 0.25797969630525786 1.7824437147205712 118 104 105
-0.32998196606874985 0.06055961710570509 2.001494483708202 106 101 87
-0.3673128650231722 0.18431973529148496 1.856543743218939 48 60 94
0.3305737317579948 -0.12013580346582002 2.218232299421955 118 121 130
-0.4096305768146745 0.28513302569343585 1.982656323984208 114 107 108
-0.20324672625297563 0.16797984993147344 1.8575421516159636 22 35 59
-0.11139939151166234 -0.20463640529331303 2.358038809495967 157 150 122
-0.5530863418638032 0.15594815154450967 2.327128606520511 115 115 113
-0.5516797082266777 0.17580216339235036 2.342350589332667 82 68 54
-0.5520298130318269 0.22136263159131958 2.3402055310919714 102 107 110
-0.4986793750110985 0.016918244716165733 2.515566110383932 45 43 34
-0.5515232109846905 0.09302714286109993 2.3269579643825233 61 57 52
-0.5390680272461672 -0.02575684383009317 2.3380851379477003 84 80 78
-0.5494849225572888 0.03568681981947808 2.2994096413895693 156 148 141
-0.5347107668943927 0.14195460415101957 2.1731704912168364 87 68 63
-0.5330477393393314 0.1305010121752778 2.148264485019986 132 141 147
-0.5484171624168853 0.06624925815686128 2.1989775412017902 90 80 66
-0.5349471597731377 0.17084282600361042 2.17682223129205 50 58 74
-0.5347263272909067 0.1300471295524873 2.166843767763523 169 167 162
-0.5372279746590923 0.11981289823753646 2.459420255606282 116 101 93
-0.551243821926228 0.03860616788691857 2.2423095602796694 92 78 61
-0.5376832731629063 0.027708300587936177 2.3775396226633445 143 80 67
-0.5333506445613969 0.1037456669156327 2.463924622181071 83 74 71
-0.5398116400006681 0.05932638561078528 2.092405002922492 160 159 164
-0.5420206500131787 0.2058657922590478 2.247095910161974 96 63 45
-0.5501566144985971 0.23898771057677426 2.3263157581528273 85 53 46
-0.5152427332128235 0.03759379024637375 2.008250934630664 60 70 94
-0.5509664942179158 0.09758962827044744 2.238863335595077 59 57 54
-0.5371939072192137 0.02696769705797433 2.3971696418265593 116 75 61
-0.11297926415495134 -0.18896212404984541 2.3359981050902343 161 37 53
-0.11832236128895142 -0.37707582733009265 2.5342747246116186 96 113 170
-0.5467218238577928 0.026648761022147388 2.3323670000604766 108 97 82
0.0643830387645037 0.17448316202019587 1.8282220738590789 165 168 155
-0.5192526845584643 0.014172858469535466 2.4573491215103 123 122 112
-0.5356219922206895 0.1143069522553287 2.1351342887925098 73 70 71
-0.5384606761862182 0.16095998630972178 2.186826771653931 126 110 80
-0.5367329312293431 0.34409717515734856 2.3067591909344056 71 67 67
-0.5184665265548728 -0.042966915955108015 2.4142780199642346 166 155 142
-0.5463405805832431 0.21222084231965618 2.277418026459004 76 71 68
-0.5488275279646367 0.007171222991739913 2.1972639046154576 124 127 127
-0.5506506863948153 0.045974613317639704 2.2819612180056406 164 160 155
-0.5515640068936766 0.13417443065380494 2.3178380706577646 90 80 74
-0.546692581900338 0.23577099658307824 2.371569420192616 109 114 121
-0.5452661730946068 0.07572806462560325 2.1685089928305072 109 107 93
-0.5501233754646606 0.13971064756358767 2.255894641986731 97 75 48
-0.542421950085609 0.12529040733582578 2.439923147875245 76 42 21
-0.5482190219335971 0.08882403228425718 2.215678791239764 176 152 139
-0.5475166983139322 0.010438053950037883 2.3047044685352036 89 78 69
-0.5482280401459058 -0.00968679903115514 2.2659552177227575 131 132 133
-0.5445349267253009 0.11352531993177851 2.4130930678989433 157 109 76
0.008993109051679065 0.19215604841099845 1.7546357587770838 54 63 101
-0.5354753402291772 0.18718541498007532 2.203048550531052 151 134 117
-0.544773079542466 0.05411368228638583 2.3637020915824793 120 110 99
-0.5419072471559979 0.0063501995016600485 2.3361896306306407 136 112 73
-0.5430536058417883 0.14020700507229322 2.1850539349600324 93 83 77
-0.5488175203434874 0.024569494013505878 2.284220975720989 87 95 98
-0.536735293524625 -0.09587116721001503 2.2894005505005963 73 67 65
-0.5110696672582237 -0.06503386553956975 2.4128474656589676 109 100 95
-0.5442475063708292 -0.01445136685903931 2.3137283967463445 133 122 110
-0.5454556218618152 0.124157924163895 2.207215191998837 78 64 51
-0.548175126534076 0.2613042998749473 2.3246392064906214 91 100 105
0.11266876792767418 0.17422094705001887 1.820507196599771 142 136 106
-0.5026503340048518 -0.07688170752846038 2.4427486807332373 110 77 66
-0.5513509695781845 0.20724356048123457 2.317832213881867 130 134 136
-0.48185273010735713 0.3086363669194109 2.1214520757363173 113 72 35
-0.550440513629902 0.029512069610174087 2.1965991888396035 151 142 127
-0.5448323238417719 0.04893889893030782 2.161719737478535 85 85 81
-0.5502971394586533 0.11020689514874973 2.3008018771565752 109 101 84
0.37424855234267435 -0.09799026670535962 2.1835877797186107 147 150 155
-0.5391272226063377 0.19318678943890022 2.2266753281572993 59 36 18
-0.5357811940243119 0.07348672870050282 2.423490720021903 145 104 83
-0.5361037778028099 0.2215360443713316 2.2162289317688293 130 116 113
-0.5292433618946049 0.34280857149046745 2.2762927270579967 130 125 121
-0.5413771899143568 0.290876987775256 2.2918753989728713 115 115 117
-0.54343571593699 0.04330817700225967 2.3624860836633723 106 90 82
-0.5443463966049875 0.05749133250205397 2.1864656672065417 70 58 41
-0.5492297903678385 -0.01102413745499732 2.24101380303563 116 119 120
-0.5489968483113618 0.10618095315292746 2.3604502036831394 88 75 68
-0.525363596400621 0.05412271437390971 2.4589217245131154 165 166 160
-0.5157226815683363 0.0926943052178153 2.530587266130541 67 66 55
-0.5464847068854216 -0.004864173050780033 2.286079346382747 143 147 148
-0.5386565788199488 0.12098686431032278 2.1714320335853725 133 134 130
-0.5406713748629532 0.2512788207617877 2.263199034686643 70 52 43
-0.5311328413669267 0.0077586855810613305 2.3845538434743805 161 100 70
-0.5514624309281082 0.038101779235866405 2.2615066507002806 68 62 51
-0.5222695307005654 0.22397543766103706 2.1683004946877347 58 35 37
-0.548119203141125 0.14158853167782073 2.3894209820369676 96 104 109
-0.5076401531909829 0.1696379828751956 2.0859136592974417 94 102 126
-0.5507348649608055 0.06915780371941362 2.285753842101236 101 92 86
-0.5502440320311301 0.16040290161216256 2.251006368255857 152 137 121
-0.5512173858149537 0.059073848451855926 2.2639085337558345 88 64 51
-0.5031468707191655 0.17382426841858378 2.067444803992939 46 52 76
-0.5199444803094564 -0.027785391191268972 2.433993321761177 120 75 64
-0.5491941061443313 0.08314306695338738 2.2522204622178403 95 81 76
-0.5460971766750541 -0.1039118820421282 2.2394888436289437 51 53 59
-0.5461469498224745 0.03840379998946914 2.1497006496891333 133 136 134
-0.5280903898180039 -0.1506926554938751 2.3034438944932383 36 42 59
-0.5514270362537433 0.24677040953079357 2.3570484175135116 67 67 65
-0.47135894906945186 0.3689461851337205 2.145870026497348 83 54 52
-0.5131647508296353 0.037244225053093244 2.4974752026400577 162 161 153
-0.5440030905190995 0.18405696718082304 2.2311783190720087 86 49 30
-0.5518363163317364 0.12464279496005456 2.329712759451525 94 73 54
0.3109329844984547 -0.21149974517423448 2.350023522532341 113 122 132
-0.5500425053882998 0.11256835152342604 2.2396297191412704 84 86 80
-0.5451805916612099 0.02086244919383609 2.351028458942385 191 159 128
-0.5391472746257355 0.10454588011613394 2.155209661601465 94 83 66
-0.5513593185162691 0.07862839632467661 2.2744371153758642 100 73 62
0.22829165235493848 -0.2758530299746703 2.434389783449195 170 167 154
-0.5504676854084541 0.13120943372753618 2.2882095563341522 109 92 78
-0.023989328363125444 0.16828074459499628 1.8354934663679927 71 81 95
-0.5407138912072125 0.046416175179859756 2.383246728210141 90 56 33
-0.5260734455050541 0.5752822038454369 2.023707388446112 194 193 187
-0.5553077251900934 0.004456518052918116 2.167866590546295 86 80 73
-0.515866197262201 0.057951470765153716 2.5023371282613076 93 90 81
-0.3607924842932988 0.022571121826140135 2.060283272104044 137 135 119
-0.52577622759922 0.02127675865602349 2.4307969191008665 120 89 64
-0.3851898933727857 -0.05308900343541449 2.160655485623741 77 88 109
-0.5258449674390128 0.022955556093488944 2.7658057139754697 166 167 162
-0.5522666279367658 -0.050643261233028224 2.219811888165066 91 86 84
-0.5525784043787239 0.0920089648002778 2.302279357895669 102 101 84
-0.5501578945684465 -0.009990582823399428 2.104483494630342 34 40 51
-0.5453757199147006 0.06721422645141704 2.2423506650031615 85 73 58
-0.42144761772327666 -0.12818352835848484 2.2680100145149615 155 133 114
-0.5529086378311578 -0.05539755908638127 2.1745656427894335 38 39 44
-0.5524259367146407 0.20871245242354994 2.357533275156523 141 142 144
-0.5113303801642747 0.20230498309433906 2.12304140011099 39 33 40
-0.5517599544181812 0.09400757520428539 2.261131449333668 104 89 75
-0.4973877722875962 0.20780391667568623 2.0853554144468474 37 34 44
-0.5515806353331738 0.005290788235772415 2.267728090557261 93 103 100
-0.5500878987876927 0.07479052401008002 2.226439429180244 83 75 64
-0.5204741974086193 0.24730368526293628 2.1859209019540873 63 40 44
-0.08241049591015091 -0.3445609602821615 2.5197183814903403 104 121 155
-0.4629266227919964 -0.09796763805435812 2.9165173794226 166 164 156
-0.5513777373131434 0.0596313056126668 2.2468843184873286 135 122 108
-0.5375218356376682 0.2281297316687961 2.2513588337608335 168 123 102
-0.5029989786353963 -0.053861368920397126 2.4471784349523578 177 139 130
-0.5720899130890463 -0.021695435369767098 2.8168708885169793 184 188 187
-0.47891820590162854 -0.11343904504195482 2.469280213973454 125 115 93
-0.545997685969997 0.13758569705493928 2.4243421638684652 122 115 108
-0.5450737470267247 0.07298142192053796 2.3677776827062513 99 88 86
-0.4396088871905351 0.21673535771322602 1.9847836727134374 53 58 82
-0.5384884876446133 -0.00932563171657007 2.3514589836313937 127 106 71
-0.5048603062304914 0.027198481602798367 2.7600806688184822 148 147 143
-0.5257914012379076 -0.05498869419753583 2.384856981944895 81 70 69
-0.6642555572545736 0.08919123405772743 2.676325862462565 182 180 173
-0.548446583219586 0.10160332777581745 2.225261364874295 158 146 137
-0.4195564204690197 -0.044775153455115665 2.14581295641459 147 156 169
-0.22081691509660417 -0.07941987592424853 2.885879753140589 166 164 157
-0.546427899097912 0.09367978675980264 2.3679828549311623 90 78 71
-0.3594000040030349 0.09581490623079941 1.9252298583293728 111 118 130
-0.5286567585207406 0.04937561566286699 2.437327992450869 126 100 81
-0.5512716668358263 -0.0008069518018808355 2.164039974542589 54 46 44
-0.5517972389230369 0.605942958970575 1.9810101898869406 190 189 182
-0.5407565511254175 0.07724535618892414 2.4060309720866355 92 49 35
-0.5485969546082973 0.10871471906659744 2.258580593720466 57 61 60
-0.7436556629425415 0.13783466514272832 2.62512255326684 185 182 174
-0.2794286136205181 -0.08279959068106099 2.9018988298940043 179 180 174
-0.5450023112739718 0.13236643222948172 2.4089389003324095 135 136 136
-0.4985930887858597 -0.014797414066698527 2.497118625814363 146 143 132
-0.0070280828486353674 -0.1725802532837096 2.3105511104290493 193 185 174
-0.5522251734532557 0.0979292716025081 2.2918499208663157 136 131 121
-0.49253570728466567 0.1510740585764279 2.043687657006044 171 163 157
-0.5117524703585552 0.0058441609734154725 2.473705218001802 66 65 57
-0.0057793828391911805 0.1332651413630888 1.8863903845123644 95 102 109
-0.5426464430005389 0.20098004154359583 2.5019192599948514 79 79 82
-0.6775826735424986 0.20852355396393024 2.51729689213275 164 161 153
0.2932734983470108 -0.04009997844025578 2.109515418345786 176 177 167
-0.421077995662263 -0.08837576478288099 2.9044051292334867 183 183 176
-0.18551914827319174 -0.26953972269396664 2.4487340041296504 210 220 236
-0.5320492553776281 0.09005336348190657 2.151053411940958 92 86 73
-0.35725308771726894 0.09744257197207509 1.9642045256952538 76 83 94
-0.07678222517251022 -0.3801948907455746 2.5387173276253017 79 97 146
-0.5319027418710887 -0.0641890970111765 2.3339724635691588 100 94 89
-0.5224893387816718 0.12023120473032842 2.0725011264694713 166 161 158
-0.21306499712735325 -0.3615448769155207 2.5147459557446883 74 90 136
-0.0383799522783568 -0.30335153480644383 2.4882977519151392 39 54 75
-0.43922459831963867 0.20114062473238473 1.9523563242829245 160 149 144
0.3353971899923118 -0.026615917598665266 2.0935995243580834 125 124 121
-0.7241204609654379 0.5013217360823017 2.1416056166817645 190 184 170
-0.49350526089599955 0.32739823078347513 2.181730978194005 69 35 36
-0.5024111113486545 0.13878964578056377 2.064919756375531 160 149 140
-0.5538280972421837 0.20183822108693875 2.388675361454091 104 113 120
-0.25295470374436263 -0.07490518668316765 2.1852658624343766 197 135 90
-0.22928279164714124 -0.1945021599469697 3.0488064996609774 180 181 179
-0.5229394913583293 0.042382962361397034 2.043994697136245 95 88 75
-0.3916332855597662 0.040284677178581856 2.0391616811723465 81 82 92
-0.5332262838843284 0.1549801080545056 2.5183946560671693 85 92 99
-0.49837326442728913 -0.09047682675923435 2.448500169263258 150 138 126
-0.5484448380357736 0.06134010773326618 2.333789863325945 154 158 146
-0.5304398545617027 0.2775641067844018 2.2270179527241827 152 140 125
-0.5170826209740096 0.3620546864110528 2.2530818160196167 140 135 136
-0.49334777753473563 0.1586299995005509 1.9951170851884923 139 128 120
-0.5542740703834429 0.029670977664466525 2.2183811758155336 108 112 110
-0.06445635781252833 -0.32593585535169356 2.5206802928324814 183 176 152
-0.28619297257680765 -0.05430810457591928 2.850653678173828 144 143 135
-0.08988623738704854 -0.3023828948614559 2.481577716804341 55 68 85
-0.015291124053645654 -0.24874128935424922 2.4004381727543826 193 99 110
-0.6877597800020898 0.07663908082488291 2.684508829213978 180 177 166
-0.09360904580625609 -0.008689245559956283 2.09113652651776 207 200 190
-0.5014067347009439 0.3151626111294298 2.1853034381819985 83 48 43
-0.41738070534449484 -0.15009432899969852 2.9796672751296445 186 184 176
-0.23316715242891423 -0.21796191850489177 2.3857078383459425 219 200 196
-0.527406656709054 -0.09158232320168108 2.338478035953415 160 162 165
-0.33781808489776277 0.02257603558227886 2.0574336306972296 189 186 170
-0.5425389879033672 0.13880141084272174 2.2331849243431905 139 122 104
0.15974810056768202 -0.3202600574613558 2.48439827271907 125 134 151
-0.5348221546177973 0.13519723973039624 2.4818057157528517 112 114 118
-0.49642961637556643 0.151726771516872 2.0258777563376125 165 155 151
-0.5619047224959925 0.06502197106584356 2.2381669081285653 174 161 157
-0.4371874697290834 0.13442770391628034 1.927200592945438 94 81 63
-0.47798500660542104 0.16620435290199992 2.023337802700688 171 161 153
-0.5521251737657256 0.1126200547136849 2.351545005245157 149 154 158
-0.4940843564284137 0.20920242834728203 2.0965799485121557 45 42 56
-0.5073155128293484 -0.05343538684691887 2.4319008164421065 167 149 136
-0.9227056071556126 0.1729420517747472 2.5682359569834237 192 194 194
-0.5114720116507714 0.3731131007133742 2.2223798793470935 139 133 139
-0.6842677566961081 0.1443071924522733 2.6034243233636505 183 183 176
-0.22275789078719885 -0.09960874853400023 2.909162233503682 177 174 163
-0.5403671481900636 0.03696843394889266 2.0973598620191547 93 87 81
-0.09732441673194904 0.029112988179567506 2.0137453019391365 206 176 154
-0.4549506025745851 -0.1330408679697887 2.496800417815154 114 101 74
-0.4575426909095634 -0.173825708953588 2.463785555612708 110 101 81
-0.522244789226781 -0.08664144822723037 2.364925382547098 174 172 174
-0.5420735580712106 0.14151323675851213 2.4416124103434935 52 44 39
0.019917156970289212 0.13128384673991567 1.8831405733101745 153 158 159
-0.5478579156541303 0.10375473955386294 2.199002798290669 114 69 54
0.0569321699874328 -0.09778627761501045 2.198011789230266 111 117 112
-0.4784143335820322 -0.03707924526438054 2.5252447952113517 85 80 66
-0.5448982450454458 0.117261968935718 2.389642521209449 107 89 85
-0.08156573774250163 -0.02959836847719771 2.1171470456082586 175 176 167
-0.46900595288693964 0.0019576027154892105 2.5796216150657605 99 91 78
-0.15714471829255164 -0.21226418102767305 2.367498366026142 146 42 50
-0.5191526217988508 0.057554495726839905 2.4838099388868367 70 68 62
-0.2880477009814362 -0.01698415538518721 2.1042617886603443 194 153 116
-0.4178194906673346 -0.1325945238341465 2.548029799203094 121 73 63
-0.033439278455473474 0.14388516151682795 1.8801142426452278 195 202 202
-0.40953308341286115 -0.0676438233349019 2.608833995090746 78 76 62
-0.04943397330984113 0.1962189902491205 1.8056712495444212 150 144 117
-0.4597502008599163 -0.10603504738710623 2.5079554073082564 91 64 47
0.02456113101435546 -0.06323451789596006 2.1596398831363364 160 165 159
-0.5370337415945942 0.300286273926729 2.2761898676758974 103 107 114
-0.5001648668500913 -0.1977796581365675 2.362134066414707 27 29 41
0.3432796113831724 -0.049399613011949284 2.129415376143043 110 108 104
-0.5023424299003145 0.06628197672553521 2.5635915992896634 67 65 58
-0.19762204550370155 -0.22801155131264 2.3862015790390707 134 68 72
-0.37359317612561194 0.04647503659844872 2.0187180726643312 125 127 133
-0.47614299267559457 0.06732598272516326 2.611962928002555 34 29 20
-0.4468263238473329 -0.037145384102549646 2.580383342922704 42 39 27
-0.436871183330807 -0.07938175074545117 2.5553488758920735 146 103 92
-0.22725898167279354 -0.23109034202344086 2.400032889819184 171 175 183
-0.5468337267567186 0.1747229412539082 2.2706389936969846 97 78 51
-0.45046924145469275 0.055756461946678354 2.6344321339331733 99 92 79
-0.39041779203050986 -0.06340345863272774 2.6582051046419317 121 113 101
-0.061391012213004165 -0.09503102419161956 2.187862258265471 172 180 176
-0.48400125069151767 0.06046330412166988 2.583658640518188 34 30 20
-0.38388926184212746 -0.20366907062092124 2.3637211326061305 40 46 53
-0.44513480257723526 0.011354892618590259 2.6311398126936107 70 65 51
-0.11764819156389504 -0.32484377877414106 2.5099364948309706 145 134 114
-0.04466470234396783 -0.31247973761347325 2.5055734964407335 60 67 84
0.06946976279901655 0.1795971817992156 1.8134048361609882 148 143 120
0.05877638738737185 -0.21802267888704044 2.360434752069935 193 136 136
-0.4669744588729318 0.556335510272641 2.0469531743752047 190 185 178
-0.4681066556446985 -0.10497948227635237 2.497086444351219 139 114 99
-0.9413946563410822 0.3832275572748824 2.3024507247344235 181 178 170
-0.8800180830012791 0.5215479197234889 2.109630323056745 183 182 175
-0.29686855226803843 0.031514049037049796 2.035457825123699 175 177 171
-0.22544139247248968 0.08529566325561135 1.9643755734825326 207 192 176
0.008456773282589489 -0.18567642008891339 2.3239565345165056 198 86 94
0.15625017255151552 -0.18714424226242865 2.310929778697561 212 182 183
0.03596129810659859 0.1704589174493138 1.8321508805664806 168 172 169
-0.5520969383323939 0.5557901394579966 2.0494888422262063 186 180 171
-0.0058442939812198835 -0.06002661531490728 2.147672052222293 157 161 159
-0.44695842385073553 -0.17828741528437309 2.35109693684341 88 101 135
-0.31994503490805937 -0.06893825360238608 2.695782464108235 63 52 42
-0.3800657022582968 -0.08814136167167462 2.6275601010029015 136 93 79
-0.2883529817590571 -0.08242568746289232 2.7053124386462444 87 82 72
-0.463846165647902 0.028389067115053648 2.612244158700464 50 43 29
-0.4946350714426427 0.3335171850494715 2.16799483389401 75 58 59
-0.5556432598085282 -0.05759266377676134 2.2247178293427026 65 62 62
-0.5409151475267332 -0.004156771704750705 2.34460911713796 152 132 110
-0.5153684993477782 0.545051717172424 2.0641821240128713 182 175 161
-0.4357720766315312 0.00739302985525789 2.6118836473957985 112 107 91
-0.40997668406942983 -0.09648708227724163 2.5987333711880556 119 68 58
-0.4113423951939211 -0.18845618544033554 2.5206106890355233 124 113 93
-0.5030728516778231 -0.0033326498884319418 2.4857885859351607 149 145 134
-0.5010475828590479 0.04116932340752369 2.533980104818393 32 32 24
-0.4538175525177029 0.5190718916562602 2.0936630380004164 179 169 157
-0.5101573681831163 0.020131611050005 2.5003565452959466 62 60 49
-0.548540551869486 0.08951991988226528 2.3116879108428314 64 57 55
-0.43255995486315957 -0.11186017835306553 2.238173292871081 154 149 131
-0.5516803630416112 0.015281421700445197 2.24755386919478 118 122 120
-0.2803659916243402 0.9501895434103123 1.5733424043407656 186 182 172
-0.5349225335110516 -0.046066903590685666 2.3396731558034887 146 118 94
-0.11259008472234908 -0.019597805205854454 2.1033279206707043 207 201 187
-0.15149545793684066 -0.2705355543570623 2.4640793723486154 62 69 85
-0.8614700067114576 0.5330290929544885 2.0908204918098368 186 186 180
-0.40264742248531454 -0.1195513700669489 2.5842173525112413 117 62 55
-0.41864806291320694 -0.18557676499958914 2.5086834340340896 104 92 72
-0.530374404145169 -0.018082362794075553 2.3583365457754923 69 43 25
-0.04511903853765972 -0.20411297202850653 2.3584240205019698 195 95 103
-0.8615068884235534 0.5450916916389749 2.0753611414147217 152 147 136
0.04406838999512733 0.07284216722588205 2.0194104914454862 188 145 119
-0.42147327346715774 0.008598006666281195 2.648385707007315 85 82 69
-0.41475434729136645 0.022793234687586834 2.0566690545166453 79 81 90
-0.4212050716354379 -0.04244971333211826 2.1370830218683774 122 127 140
-0.53078081970089 0.146311188241375 2.5295291109155587 111 116 123
-0.5276640946616632 0.1325862525178494 2.1185285572694244 156 147 144
-0.1544908489589439 -0.08396213633619458 2.189614155969738 182 184 175
0.004833870087478181 0.1923231083974483 1.804308962990607 145 139 113
-0.33230283075652406 0.07283218630093444 1.9799514371609317 80 83 89
0.20264938626049558 0.15576544276059973 1.8305538851072203 77 85 102
0.14077113691540286 -0.013284933260316519 2.0737203480998456 117 122 118
-0.49185359355982855 0.04346062173764232 2.5496546236996833 123 118 108
-0.34815426048083914 0.06962490714914937 1.9880872176292468 103 105 112
0.29155864317377117 -0.07196442499508317 2.1540182684661393 129 88 85
-0.13330260524323173 0.18899647693148985 1.8148024207768338 138 132 102
-0.05617774029039496 -0.10707901271441007 2.2245311530248006 169 176 173
-0.21035705609169195 -0.18245289816322574 2.3296135041630675 216 217 209
-0.19135306719087034 -0.28212014688466647 2.469494448329865 19 30 53
-0.3127176389537293 -0.17212746617046443 2.3256648872557286 189 178 162
-0.5207290316272918 -0.06508109504671888 2.390296711897231 142 134 134
-0.8819893389696009 0.539648901225597 2.0847030232036365 184 186 185
-0.014083396814565607 -0.26176273680015516 2.457434438570314 153 133 129
-0.22371080633150534 -0.11586078221859694 2.2377500146712905 168 169 159
-0.5473137032254558 0.11429131784983035 2.315571971695614 112 112 90
-0.5522823147934027 0.17864491114167674 2.3595287013064743 123 108 93
-0.5305822700644566 0.056882182928072164 2.469617374764895 99 102 100
-0.41631043685844754 -0.0875166673598825 2.5907847364411976 125 71 60
-0.5309255470875776 0.0028938202696068443 2.423255628649077 144 125 110
-0.5499024508934253 0.059387763047836634 2.2172426306587156 69 54 43
-0.06863009769759891 0.06876200428023765 1.9769268292881468 203 164 132
-0.4117743574451519 -0.08174969418510335 2.584566264697729 124 50 44
-0.34980074791866606 -0.17707192784327738 2.322440648289047 199 172 152
-0.5100566207515859 0.05626340678310667 2.5356085176436904 138 136 126
-0.5341942028118062 0.264060134196069 2.247975972136649 150 132 131
0.012182807221187676 -0.14175485214375902 2.2632311697782463 232 207 197
-0.3210984796064334 -0.14893565706430373 2.6432973437829825 107 88 70
-0.397417363499326 0.009751063083501387 2.0540852638004705 171 175 179
-0.008267228851018193 0.07899789374604205 1.947545920111825 189 131 103
-0.3423928482690436 -0.2059578927506149 2.3581148381864163 211 221 237
-0.5359031531777573 0.22749828448748508 2.1906114604500497 107 100 97
-0.34766894806507337 -0.13946810438949353 2.622726583961124 78 75 59
-0.06747327560811847 -0.2597382284350107 2.4312709693550385 193 156 149
-0.48295091425588793 0.14268856132039326 1.9879601388262227 76 72 76
-0.43894385689592963 -0.004554504339569046 2.6032046732736984 80 79 67
-0.3583010085922445 0.5485143551392259 2.050912788011803 184 170 161
-0.48722271124393574 -0.075185918230816 2.4642297209909914 151 135 116
-0.487239631687865 -0.050016869771790685 2.478866221934585 82 35 26
-0.06469674366509588 -0.08209399202343126 2.1847498809271073 220 228 223
-0.12815524880225967 -0.18022120908257155 2.3137618408116203 155 144 109
-0.44348207868527995 0.019228079014300167 2.6255845343680395 126 122 108
-0.4881848709245234 -0.01545598517913726 2.5085818263565267 35 29 18
0.012108341171959004 0.03584144013326125 2.0437638144894534 206 181 161
0.27675486271072436 0.0582061737345645 1.9568360374262974 165 170 175
-0.10181439872976597 -0.09810146792251183 2.2091432872991708 119 120 113
-0.4656099510622577 -0.07643581820892695 2.518377894226548 109 73 55
-0.4175127898853839 -0.04634522491901928 2.614548772364078 28 26 16
-0.15635028580424462 -0.18154645239958253 2.699208031101744 99 92 73
-0.4619318347017056 0.04737875713453419 2.6077958188499766 75 71 59
-0.3414808656194587 -0.0009034314695581142 2.7294687226868217 60 62 63
-0.33160900178901415 -0.037805386119223884 2.711483183127478 66 64 57
-0.23146632669214195 -0.18308017709503113 2.6666122656104623 98 97 90
-0.4896582330473802 -0.06942582925310055 2.48088244885989 145 88 74
-0.311184761432848 -0.08171749465340994 2.6923506935653414 53 52 44
-0.17873293234270554 -0.1554515221605523 2.2927984842923315 155 156 146
-0.14503383009200146 -0.14048597382764588 2.2679770535845845 150 149 139
-0.20035264667292182 -0.25474542257781835 2.4262687469448116 120 120 106
0.19913363862619005 0.01607292581806261 2.043234025629163 140 141 134
-0.23554842316105878 -0.08844758540270847 2.7377851303253053 73 56 37
-0.3646738865429223 -0.1691835945605122 2.31855159408168 183 150 126
-0.2486797260432684 -0.2537186641666915 2.427847004430425 142 148 163
-0.01227381772400265 0.02990020586082584 2.0344311295623796 226 197 176
-0.439602253352453 -0.14415824802717042 2.284268136675393 154 150 128
-0.2882859989847179 -0.1166362711288421 2.68408859277494 72 68 54
-0.2881486268418695 -0.23565177757084063 2.403895330382198 199 206 215
-0.20907633845966597 -0.2686572916548355 2.4452204982132693 151 157 168
0.14392631789955035 -0.13400429164750194 2.250928046955852 159 151 136
-0.3319300975784956 -0.21733864544292433 2.570497505214223 85 84 78
-0.36496826288443485 -0.20202910962639312 2.5608236482917635 84 87 81
-0.4311730467600205 -0.046012302893730185 2.5942361877166125 83 76 59
-0.24254803740238096 -0.2067533402989872 2.3634268767920514 53 52 43
-0.10255560621736419 -0.24015446503237126 2.40258260494937 220 137 139
-0.1992865765609174 -0.08162505678335473 2.7562056619524586 52 45 31
0.027005054253494552 -0.24549305046471884 2.405776904514412 178 179 167
-0.44149781591136017 -0.06820373834798203 2.182058825691528 72 76 88
0.10915247787568307 -0.2750777738175389 2.446826279537378 104 109 122
0.2126853258022521 -0.05720850373148733 2.139497545956946 168 169 159
-0.3541371771828555 -0.021439206405944322 2.7037873859872907 72 62 46
-0.2718893143364872 0.12008761618024277 1.9233620190231047 123 127 133
-0.1032879653911557 -0.30427858079568315 2.492876824758624 124 132 151
-0.3458745887716884 -0.21074289718534417 2.5674663847822914 89 90 86
0.014668354869164776 -0.25768909939389556 2.421526295418283 164 166 156
-0.1400304301069807 -0.16406993054368454 2.300649358081512 127 127 116
-0.2511756662624769 -0.2181254414875405 2.631583135459158 111 77 55
0.2525945376282213 -0.17204304319257516 2.298417076385695 109 82 72
0.1434324717898982 -0.11292752148373926 2.236620340249961 108 75 70
-0.2559235710883596 -0.2506525617042559 2.6083208537084435 76 69 55
-0.27353966611203057 0.1520277574884016 1.8656970657781793 135 129 99
-0.40966132365155006 -0.2761508457045639 2.4650367601645535 49 47 45
-0.4111536776999696 -0.03366596725901872 2.634467580338704 86 87 76
-0.22519252699048065 -0.2648036851284294 2.4494656879075505 79 83 104
-0.4557686149755145 -0.03623991160925854 2.57111086967901 131 124 108
-0.35212563577570744 -0.27498486538841427 2.520822470789885 48 42 40
-0.32583548559649084 0.12739859000914763 1.9024423797868368 120 110 84
-0.41843466106271787 -0.027740390498914157 2.627494600299541 45 43 28
-0.14628423814665162 -0.21839213612289254 2.38261586576291 149 148 137
-0.18918743490385528 -0.2767899816101225 2.454543051547286 110 116 141
-0.36090825707779284 -0.16189503928689475 2.5951498837599503 101 100 90
0.22938128118663564 -0.14399849608239867 2.259848896578807 144 72 75
-0.4052670026530658 -0.03120620164880817 2.1242366749060113 45 55 77
-0.4870290208043267 0.0736488066754092 2.5786161605455695 73 69 58
-0.3896799686026616 -0.027700957965726854 2.663347328533827 52 40 16
-0.22712650548562935 -0.18273941767448718 2.3350359817110706 167 169 161
-0.4291207173125744 0.004816566610099254 2.0757567863335376 34 43 57
0.14445786017105194 -0.1469351733599211 2.2671524801159237 217 135 137
-0.4072857528258203 -0.1596397440104816 2.3061899281862464 154 155 139
-0.4093366556582515 -0.1140129956186923 2.2403701727900205 165 103 84
-0.2666330193915488 -0.0634258936582884 2.7343834967834826 73 62 48
-0.4667771798583315 -0.14146049267050786 2.4774437193335155 124 94 60
-0.15589587307787373 -0.234600483031113 2.397642220157567 171 172 161
-0.43262500752158095 0.013580974113148823 2.642901977294131 91 87 71
-0.46669599088210134 -0.033157709630479426 2.5474812454967735 38 35 22
0.046125394571880286 -0.29410397090393664 2.470194065223062 31 38 66
-0.38993326068487666 -0.02016343964693972 2.109988710125265 161 160 150
-0.3044368212892252 -0.20725287418703225 2.609419246243629 127 100 75
-0.4369156350609049 -0.05526067919942443 2.5799594524930822 144 103 87
-0.40488905819694915 0.04335159926714433 2.0288334568366624 68 73 82
-0.0015267276475602308 -0.08631731936815148 2.188777457470531 30 28 23
-0.4020689916633338 -0.01115526835772307 2.661625447555897 111 109 96
-0.4643700887087795 0.024694884282423533 2.592183280758083 128 125 109
-0.19547940283977633 -0.0944525919210845 2.2062823619679475 177 178 167
-0.301745548413376 -0.06874351097010965 2.7110703543558947 47 39 28
-0.533341034804769 0.021248192392359797 2.4146930816306607 110 83 64
-0.42347460288685446 -0.06990884602713841 2.590825616437261 92 67 49
-0.28235447866241664 -0.22143685449879974 2.6121979973468306 92 81 62
0.09410682414515881 -0.292705904833455 2.4625556050375264 155 163 183
-0.04010959284621775 0.10399671179881854 1.928489052260286 190 141 112
-0.4446306360735195 0.005066911507526906 2.6142290663608225 125 122 107
-0.03199331940402581 -0.2817007539078978 2.456492497683026 116 118 106
-0.15657650340719512 -0.24435955161489303 2.412476393503636 161 163 151
-0.2794007969344201 -0.26105644148336643 2.441098756911257 210 216 234
-0.4448040250500186 -0.007618549373504254 2.0941366177753338 59 62 70
-0.307621309479711 -0.24493680652860822 2.420307759862278 84 90 107
-0.4722524485030516 -0.15586382349388495 2.4628127220795353 117 73 49
0.011822974601767114 -0.2980077386900342 2.4815849217256525 111 111 128
-0.3411980758577055 -0.08384179025569335 2.669921646611321 106 73 57
-0.45889793697398884 0.0011804773080783307 2.5891115044382453 79 76 61
-0.30057352227807016 -0.16382032780218536 2.6444059690364723 93 58 33
-0.3167124673285025 -0.09820587938743995 2.6727722455211254 54 60 51
-0.40306321116708244 -0.06381306671609284 2.1762579850418082 139 146 161
-0.19503276597942812 -0.30499834909419726 2.5035726281743687 99 96 115
-0.30272989773684716 -0.19011470891212218 2.621806116464014 77 70 58
-0.42271022926757434 -0.0670018229809096 2.1778184886804985 33 40 54
0.279577502260121 -0.08419292196285709 2.176460703570183 177 114 113
-0.24088235689895168 -0.07042728062547571 2.7431591643344517 74 59 43
-0.504157178695222 -0.016007071784208658 2.491138453260678 131 126 111
-0.39424777849516546 0.05171414622055306 2.008925489631229 87 81 77
-0.3193844091847957 -0.1404699057945516 2.6509295366521255 54 43 25
-0.3823152359019666 -0.004738851531845617 2.0901618758136498 125 122 111
-0.47692139929314287 -0.002401236288976445 2.5446697621541645 51 46 31
0.4023069652430045 -0.11845016485987686 2.2169713144554795 136 130 107
0.14277881067475096 -0.09071819762251819 2.19260374206079 169 168 158
-0.1484601104975063 -0.313190113483854 2.5064890646127793 182 171 151
-0.1635651190006663 -0.2760043038998372 2.453408408983418 98 96 103
-0.017542536078341976 -0.1818845702474612 2.3175348844007067 172 149 142
-0.17207881413602052 -0.1009254020532536 2.2186362535822317 118 117 108
-0.22496709952647723 -0.19718212936882026 2.350375138913689 47 49 45
-0.2790137575286859 -0.17221579179231017 2.315964189342329 50 50 44
-0.4278114610471721 -0.1324883657693758 2.5415351082061393 113 73 60
0.26657051223062356 0.046855004921609794 1.9973302901202326 80 86 94
-0.41815484796758756 -0.06218484427682137 2.6026868024075673 28 24 11
-0.3384491461503447 -0.1398098306501833 2.2745498975564384 137 105 56
-0.08552534696805994 -0.0772158999704467 2.1809411745792957 58 62 53
-0.3733225868828662 0.02822019820416866 2.710498909201451 69 67 65
-0.2346383866398989 -0.2754899926267647 2.4619398862938118 180 190 210
-0.44618858814876694 -0.0880312444944007 2.542883842964533 118 60 49
-0.4698583506140912 -0.04020812157960942 2.5342419188233345 107 99 81
-0.37943678101633804 -0.1727290491530359 2.569966816719492 110 102 81
-0.24043965802778466 0.013513921276801398 2.070829259659326 209 195 179
0.27434880177316195 -0.05648234738979138 2.1358278868566876 179 168 151
-0.3669726428941471 -0.04815816330166797 2.1523332413172187 182 152 136
-0.3266149343587275 -0.20507768406971305 2.591200685048079 91 92 89
-0.2949051272382947 -0.23768379637034676 2.600524348509211 87 77 60
-0.037689633081102146 -0.19220900284229964 2.332271677901614 193 183 165
-0.35353688589986504 -0.291366315479784 2.5129403875634835 79 73 68
-0.39583903096894424 -0.14134069977628505 2.565602800802343 148 123 113
0.2958201598168821 -0.06146796438808708 2.1480576070856685 209 163 157
0.17635986792502784 -0.26351915164199746 2.4267965722959906 161 151 118
0.2764164357115132 -0.254073232903888 2.4001661669204335 139 130 99
0.3949400982419085 0.022605991290343436 2.006753222368426 109 115 123
-0.39584353397924743 -0.10413407141905365 2.224904771310236 192 132 106
0.05097250509796355 -0.22278887379979193 2.374402249322185 183 183 171
-0.33105341824510726 -0.22500430168014218 2.388691678369479 183 188 199
-0.3807215963700094 -0.18316823569874296 2.335347554894233 153 153 137
-0.26976138562316115 -0.15780045472250964 2.2982682807417323 174 141 109
-0.2536287008194491 -0.14361346540432585 2.278299449054405 201 178 151
-0.36222710761531796 -0.13878204149803886 2.609680977836685 96 86 65
0.27357411949791 -0.21459229571466018 2.3538140109333425 180 186 188
-0.06369753176860775 -0.040595964786251985 2.129719248251667 162 161 152
-0.43869743368405595 0.06241443573882072 2.6560072598112727 89 82 66
0.24867967607559846 -0.2523069749063985 2.404845874100765 171 161 122
-0.38755360653979937 -0.13509702961074221 2.5878825920524635 103 53 45
-0.48811615012954057 -0.19365708496133177 2.3988236633927995 78 74 67
-0.09951528920304988 -0.2462625941655691 2.416140939878392 182 124 115
-0.23450440455128627 -0.14980063039967373 2.6910548478529854 99 76 51
-0.24481974112943228 -0.1311281905426625 2.26240918766887 188 162 135
0.049561937007734265 -0.3057605251826745 2.482996490553108 139 146 161
0.19470444995805308 -0.2499182799426815 2.4020268731080905 184 136 110
-0.325844211249633 -0.04922616282817044 2.706753531894639 55 49 39
-0.2272512047254165 -0.2815367373494602 2.468345606153617 163 167 184
-0.4393809021405207 -0.012456942986272092 2.6060042678959325 81 78 64
-0.34775417745668924 -0.14718879546091967 2.6168063831192585 81 81 73
-0.23143211206685116 -0.21083158873150093 2.3704320585505583 189 173 160
0.020547588091889078 0.021976760101406194 2.0356602449537546 192 179 163
-0.11769239110804115 -0.1789786178376859 2.332431011634652 216 99 107
-0.2686109489146304 -0.25547604895057774 2.43263967635491 46 52 81
-0.3679751885814967 -0.2088789571517356 2.550395048823314 112 110 105
0.4235958288469882 -0.09280536246736779 2.162734468689232 124 130 140
-0.39920270487274834 0.03214160116429306 2.691213048461565 67 65 64
-0.26245929583199334 -0.2657991488162523 2.437258057228635 57 65 98
0.039459604733152465 -0.026765734995956452 2.113995660106376 107 108 105
0.08862055163000514 -0.2819972954075974 2.4644230532997073 71 79 101
-0.5455676017183679 -0.10228404983432385 2.2801729357528586 70 64 58
-0.2614664932176008 -0.21023544662524418 2.6296611095872997 94 78 65
0.2950908578632431 -0.13752198703357021 2.2441718494125604 173 175 165
0.04025985638776451 -0.0895439439122967 2.190856920887751 137 135 127
-0.28136925539955326 -0.04700457184602088 2.7326630314813287 37 35 30
-0.006755079343269978 -0.022057360103073013 2.105856720554541 161 161 153
-0.4344209364735119 -0.18298432720563224 2.489905721056817 103 92 70
-0.09146221792202333 -0.30101432095671865 2.4840269707794307 140 143 146
-0.35041492892409687 -0.22100444364367156 2.5575486346524023 110 109 104
-0.2998956453887339 -0.043815549004095386 2.140518912361552 157 130 86
0.08151369553660262 -0.11339052965489807 2.222272159733715 184 184 173
-0.16607860839989536 -0.29848862264450804 2.61005128673213 82 73 57
-0.1830358038437826 -0.19560035853317825 2.679449534216821 119 92 74
-0.29111732565341153 -0.08239446907919915 2.7096283159465346 78 73 64
-0.13088371918641226 -0.25464773221978265 2.6518840515605566 48 46 38
-0.21966363879844258 -0.26627131271140664 2.611334201094914 89 87 81
-0.1821589909127882 -0.24602488793370264 2.6397391299355863 83 74 54
-0.2755491613892186 -0.14166255843862852 2.6742352619634078 47 32 11
0.0415982132425575 -0.2766829611743776 2.4438077469679227 158 156 140
-0.11307039846325899 -0.22461995117140063 2.6756212896194596 81 77 65
0.20197939029271006 0.0845261530328709 1.9464620963612316 130 119 101
-0.11409991919961286 -0.16202662378728888 2.718891333858245 88 83 62
0.031830273793827635 -0.13948059299663065 2.731526589777214 100 60 29
-0.20621759824983302 -0.24057778928027754 2.6363555520423763 130 123 102
0.01080681436877306 -0.14422172507342487 2.733202149038062 68 40 17
-0.23799752169273578 -0.22748707433083828 2.6304851256343627 101 59 40
-0.16813369294946862 -0.14871860122659725 2.716846376093349 61 60 47
-0.004662241072429735 -0.1622200362969269 2.7218382393771963 116 82 48
-0.21861091806342367 -0.23766724798247355 2.6314726261435393 89 82 64
-0.14344912545002467 -0.326238666435897 2.6042710358338037 69 67 59
-0.15781514421515339 -0.22519223439406205 2.66680706341372 97 77 52
-0.17917668105919393 -0.15403882655815448 2.711498055806431 57 55 47
-0.16109611386584624 -0.2518757186818494 2.643802942890903 103 90 73
0.10526231167949968 0.12565245230832087 1.8953341163175716 122 78 48
-0.1531024894657131 -0.2936836967322335 2.6126955328912618 53 42 23
-0.13927254818559728 -0.09348846138022952 2.765270764441203 46 50 46
0.04097742732729835 -0.15206734817578346 2.2741901565931895 106 48 41
-0.17915740468516797 -0.30135719228698615 2.60268240358654 70 66 55
-0.08175986379411174 -0.19266134474558402 2.7026099779292734 136 138 131
-0.28911522673287693 -0.21083970817826905 2.6104441499213196 137 119 88
-0.023110199311857055 -0.15803989002687768 2.7276765031175287 108 69 38
-0.016721281330230056 0.15655812009201775 1.8579254035893977 166 173 182
0.07225857017841915 -0.11520968881697059 2.7400991945964743 63 37 28
-0.1646599181717743 -0.27576750284126783 2.6274100820728243 102 83 54
-0.005158240499169807 -0.14820524751393138 2.7322194932950223 81 51 20
-0.054852290734985217 -0.2990620395471658 2.626524944038828 97 95 89
-0.11207188460927561 -0.13841101168964468 2.7369559321078976 72 72 64
-0.07979071392633552 -0.26314597421299113 2.6513454866385735 44 48 52
-0.0812923458646727 -0.21172859369685107 2.6887255160729793 108 110 106
-0.10200520091935857 -0.16492709158754917 2.720847701478829 80 75 57
-0.19609973460034957 -0.20271580007795847 2.6668207224762415 80 70 58
-0.14756596987250026 0.15398200116162467 1.871697572095049 97 100 101
-0.1296715411500136 -0.27808618675171914 2.6368865305396207 27 28 17
-0.16703649208675528 -0.2101259144829918 2.672048269072227 107 92 77
-0.10237309452210454 0.11554883048772539 1.9195667193997592 186 169 151
0.04185922115226533 0.17312253665817615 1.8327593251192082 108 115 113
0.11683017424169909 -0.005402942165602687 2.0778619188191003 86 84 76
-0.2550729804554817 -0.0974216063323556 2.7201521426704667 55 30 14
-0.058489236516120376 -0.052690965511938366 2.803603804540981 77 79 80
-0.25985706737827813 -0.27547405539936454 2.578457015660274 90 88 81
0.014194579313351073 -0.23446524815343145 2.6709383131647138 69 56 46
-0.29564295840546306 -0.10039783149317848 2.6974513950944674 28 35 28
-0.18720699496442247 -0.03890139092326066 2.7933449470399667 51 42 33
0.0799613723731791 -0.26719302440786935 2.4195238827130146 206 209 205
-0.10864461734799716 -0.26144033963816915 2.6519097299169077 62 67 65
-0.18935693196939113 -0.13742941021787322 2.7195170351718594 88 83 74
-0.2509471987951973 -0.1988393969408081 2.6496630681760824 88 90 88
0.14566024717816733 -0.20516658815165384 2.648574020732193 120 110 102
-0.2138009823636612 -0.12653484794138617 2.7057370875097257 94 85 71
0.2985634507826266 -0.11043719344942815 2.2101437805507618 179 123 113
-0.08249386978386397 -0.06784002027143446 2.793119047918999 61 68 72
-0.29399276450169626 -0.13272298472808444 2.667178026837666 101 97 86
0.15935801443105932 -0.22158403208715238 2.6288726691734694 158 127 106
0.08807943095491247 -0.08361798970764986 2.7601992059279534 52 37 32
-0.08223264468364673 -0.13184054408870055 2.7458151560813095 82 87 85
0.2528912842913753 -0.28269690530416297 2.430166125868471 138 132 126
-0.006475984192622771 0.013136985152402548 2.052427214058249 183 158 126
0.07843665448072469 -0.15453886114006748 2.7129001720747463 124 80 50
-0.1794355825805488 -0.05675792314542293 2.780751695032514 109 99 79
-0.24687230893023368 -0.18918208253550942 2.6599757821591967 60 58 44
0.18983277484026181 -0.2119068080954847 3.080790796550344 162 164 158
-0.19680588784575156 -0.17428645643477003 2.689339872937495 64 49 38
-0.21858299852207794 -0.09157045245346361 2.7380383853248276 48 30 10
-0.1838869074627015 -0.26673108694398345 2.6266756937732914 71 66 55
-0.18459588339910873 -0.09373050628290286 2.7505285304517053 84 80 71
0.2550923859981791 -0.08498345981894605 2.1745361649190773 186 159 130
0.08455301732586144 -0.10527025131738958 2.934756295311541 153 156 151
-0.3107479779436783 -0.1542010169733753 2.6431519478946814 79 42 18
0.08945064506598586 -0.12524356824393554 2.7301741290691024 115 72 47
0.1666072541266673 -0.11694713997489188 2.699125246271855 102 66 42
-0.036267511261172405 -0.07225862592647933 2.791737229019139 41 45 50
-0.10235600165895342 -0.330251397049234 2.6092091040908887 46 44 38
-0.07647251953852474 -0.29558528365777387 2.46967427170981 213 218 232
-0.08035492156911495 -0.29762356605748896 2.6260206426268784 49 51 46
0.007820960012662564 -0.1115852772713707 2.7565499260421475 52 39 36
-0.038842196273139416 0.08235273974729274 1.9575036765037193 209 171 136
-0.1257316039500763 -0.26036739960856176 2.43583504109399 126 83 53
-0.17718899796917592 -0.048671171263831366 2.792175339003563 96 81 69
-0.1489661745642973 0.11118802685314506 1.9239867876730574 149 150 138
-0.08172041204106181 -0.02914507867632115 2.8178724799547665 40 40 42
0.07431707937450716 -0.33332845552507245 2.5846371880442307 33 29 23
-0.19245982314986593 -0.15948634817293997 2.6999525552421555 79 76 70
0.3076719219014499 -0.16299642505571302 2.283150071462068 64 64 75
0.4060656851296206 -0.05187110265843467 2.118304792659189 138 130 93
0.6514780463878821 0.07553900166815733 2.6727565820103085 156 160 155
-0.2753720584623231 -0.046074865339082734 2.861654613584601 106 106 95
0.06911329895029553 -0.2320294093765748 2.663592231156873 44 40 34
-0.04589128041644011 -0.024419827410445953 2.83171072134957 70 68 60
-0.005920858532324338 -0.3416443242593302 2.597914318197176 36 33 29
-0.0419382876011862 -0.1579472177225895 2.7275728239761707 72 57 50
-0.08629796828545445 0.0854106828123837 1.95795993690028 197 143 91
0.26699549310624265 -0.19011473303089843 3.0439858987250723 159 158 150
-0.00857826269734919 -0.2962662782426678 2.4672960248565596 126 129 139
-0.3328766044061862 -0.30083554825734576 2.519598004419432 28 32 34
-0.12661751486811396 -0.36646784380526887 2.577453963148584 48 45 39
-0.16559669579827663 -0.06493763754352501 2.778622447725829 95 89 71
0.4612988780769268 -0.12455697953109823 2.1466987975477556 77 83 119
-0.11477008235602192 -0.29265404022217933 2.469359132540458 127 130 141
0.26933341104290603 -0.20274267137560636 2.337780910350782 39 43 61
0.11903978742367934 -0.2983659981681623 2.471965076479682 43 47 63
-0.2055911057914108 -0.19024408300518558 2.6744381157945085 84 86 82
0.06779122252677271 -0.3062556970697269 2.486507103529931 67 73 92
-0.28178289489429714 -0.33472137662327156 2.5392268300356844 28 27 28
-0.23432931777670107 -0.21228614103129642 2.649073432274152 74 80 81
0.02126755843125678 -0.18589231769943182 2.7092908570367418 52 34 23
-0.1449402089018916 -0.21319318210051463 2.6767313606640313 95 93 84
-0.25692781848459173 -0.1708189386977618 2.652828100043233 121 120 115
0.19860275017997608 -0.2027847865454774 3.0590808632704753 158 160 155
-0.23796380656152077 -0.2853486559421944 2.5860681772274816 105 101 93
-0.20782421987953192 -0.35332109247158927 2.562859557717823 26 27 27
0.22717510552577466 -0.2057469748189322 2.6019132174450217 114 76 59
0.12231859446399904 0.13245468410411057 1.887003959301517 116 73 32
-0.05730818732942543 -0.28896597003946145 2.4680543000355937 196 201 211
0.11697114110537142 -0.12346368073648728 2.7236208076019444 114 82 52
-0.3626239514749445 -0.19390833843559768 2.352441862008028 41 50 63
-0.31615751305898726 -0.2925481197924776 2.5422461872356066 44 41 39
0.11327661249883691 -0.033672247941602625 2.8412866934216576 130 131 125
0.13892605964435142 -0.22606929411988075 2.6393365452904 134 131 124
-0.1271604569756298 -0.18856541671140184 2.7025860724985 129 113 95
0.09479572238025194 0.036787549730363765 2.016512776456194 200 181 159
-0.08159402712250692 -0.11301554354004906 2.9435159349030258 152 154 145
-0.2195556872621375 -0.2036680487203289 2.649504162385737 99 89 73
0.08548133668921562 -0.3436788420409127 2.582393165630889 51 45 38
0.31809337569134366 -0.17405291917608684 2.2966273360710305 27 34 51
0.15282765819272268 0.16100173506208854 1.8345572078214343 140 137 110
0.0031178259612732653 -0.1678054580197796 2.3057266098034765 184 170 145
-0.019097821719518345 -0.22153257388199696 2.6851884721052617 57 49 47
-0.29087668792437704 -0.18738218807384438 2.3415323301810087 149 148 132
0.40064903675582025 -0.027290972117844727 2.0829192738239493 135 128 93
-0.369011767422286 -0.3243481693412873 2.4713987970962368 41 54 81
-0.19268745605270232 -0.2876812552451171 2.490438404448608 147 133 113
0.20813496527411546 -0.1426319396190158 2.23951401707721 126 50 48
-0.33302816003685853 -0.1662352224324746 2.6092563789842624 83 87 84
0.04264296411648531 -0.20781495291434127 2.6898433717735357 53 37 26
0.23756245861319575 -0.1650734476047706 2.289589610454673 162 149 130
-0.3135396812812699 -0.2567156630912005 2.5823985469868296 82 91 87
0.6022101485637933 0.014419433417655586 2.7561216285454755 155 152 139
0.0459323765884817 -0.1896864970343287 2.694759793765696 117 82 48
0.7933226965611243 0.04298506655721027 2.7147919721527973 163 167 163
0.14085866767821534 -0.20930522938909607 3.073311627916558 164 165 157
0.550797352155148 -0.03093400894409518 2.8201449614404392 162 160 150
0.05439954176012057 -0.06529885513048948 2.7807454369813205 50 54 57
0.06271140809254207 -0.3109870050672631 2.4794293839007584 44 51 76
-0.15578336891100325 -0.2961863297856128 2.596724636104828 60 58 51
-0.1308020201227618 -0.11460624839224859 2.749843861893841 93 94 89
0.46942632858960165 0.09495785124236013 2.6496570211408894 148 145 133
0.4174301806205976 0.10870906530109176 2.6064019298383356 123 119 105
-0.054426388811573564 -0.07476323971043115 2.892059960068476 132 133 120
-0.01953101699452269 -0.3024882100661381 2.626324133657237 96 95 90
-0.2495856549358008 -0.2115339689676962 2.6417076294787614 90 88 86
0.7191362090990401 0.05058509873131736 2.7073035786459827 167 167 157
-0.2393277455705266 -0.2675454108884941 2.460171219515705 177 184 197
-0.2550187307068426 -0.22330099515812687 2.6154970701441105 74 62 49
-0.17838272315302153 -0.22291704692437084 2.3821418723444814 103 38 30
-0.3141957681262928 -0.2796829797564414 2.5466823637590648 32 30 25
-0.2209888257163119 -0.2546810876371786 2.62270594636913 113 107 90
0.03258349841642236 -0.1972207880512217 2.6877771470901446 112 71 34
0.17879869838880658 -0.06608144173285364 2.8527920160813083 158 162 157
-0.1832637253048162 -0.2789536788134545 2.4491281003853005 22 24 38
0.17152184150962196 -0.057282301874431465 2.742341411946301 74 53 45
-0.16608987438277165 -0.17640468456383226 2.702902319292506 77 66 41
0.6639573438462657 0.04279047198015745 2.7183897895060234 165 166 159
0.37225061735757825 -0.1352609530780606 2.240916503647073 24 34 52
-0.20968903243989676 -0.2883880606265679 2.5988990314655664 33 33 23
-0.20532118879507927 -0.22651883589295627 2.3909242301107607 125 54 51
0.21654109245096095 -0.09249072439371978 2.910414603686497 147 149 140
-0.2549878833902733 -0.31299660652608297 2.5642204836981946 76 70 55
-0.09779138054143538 -0.08196064410131697 2.776384785089223 73 68 53
-0.24405003744245235 -0.30476934745399814 2.5683906382273736 40 39 36
-0.5128793439985083 0.0433851804585607 2.760751579328266 129 129 120
-0.10936375572418575 -0.26427829964102295 2.441392034033724 211 165 148
0.7036069850858099 0.09838654394744623 2.639966412460642 152 151 143
-0.3106129336559539 -0.2802801323716734 2.5546685493461303 89 92 87
0.004090483129081279 -0.28653730535710814 2.4642707246440443 122 117 120
0.41990937047461335 -0.03608002337980052 2.836135736871345 164 166 159
-0.2499635511870081 -0.09584465378747434 2.9143131043663937 139 141 127
0.3110260824252563 -0.07991558016898004 2.1490253381817666 133 126 110
-0.13678066789554078 -0.06890710897247444 2.7894431334007628 65 67 65
0.17522706845235436 -0.21131851036116722 2.353875631848057 160 151 122
-0.059964630448044766 -0.04892050450711087 2.819030472179053 22 23 28
0.05777302129146967 -0.2139346909482635 2.3642184847936596 217 169 163
0.4613892595297006 -0.20328518923521377 2.3093878636631096 172 169 159
-0.2793097959242892 -0.07891183845425426 2.9079840884061197 145 148 135
0.23466703269831365 -0.23509973367556108 2.5760849587799144 100 91 76
0.22417653617648703 -0.2623299806311992 2.5650773194060164 45 45 46
0.37163846320302485 -0.025620391937029766 2.56740981913709 115 91 59
0.1418354645956936 -0.17683530998126146 2.668641714929001 91 75 61
0.2519532650111383 -0.26735162861752176 2.539218304505293 71 70 63
-0.3466395487100328 -0.05877928511431252 2.6878980962110304 90 86 74
0.2698479675357773 -0.22260981982986708 2.5568756897873364 111 101 83
-0.2266453630576593 -0.04092232580361474 2.7720145172955157 91 86 72
0.280979826704334 -0.239428400021738 2.532752724682791 53 53 54
-0.20953942575452772 -0.18104772680048498 2.3286144740279435 126 131 121
0.25704834659841264 -0.18771433395829304 2.5913933315193143 115 62 47
0.2999072711964696 -0.1544215130113232 2.5773009431785483 151 121 105
0.19979202637358429 -0.16790725564103928 2.2931730103565373 137 70 72
-0.20323852361281822 -0.10143527963815568 2.2180518220196017 186 189 178
0.3455248477710336 -0.08537258682172623 2.1672882753069156 203 211 219
-0.006628039832645706 0.08468471270804603 1.9543209783697262 196 146 96
-0.0029276946213040514 -0.2010766742750815 2.6950367046560135 86 47 11
-0.4901065228173495 0.008269413524441774 2.033204937723059 63 81 130
0.1723288301586976 -0.17225415431449773 2.6571133579081887 96 87 73
-0.26735838745011187 -0.1505831157043482 2.667298967252562 99 95 75
0.13621047983965093 -0.10937734686332853 2.7228072525021285 142 108 77
-0.10996192899251062 -0.06880721967338989 2.784665822409614 100 96 88
0.2151921703787303 -0.2500469087792188 2.5821001357329334 70 67 62
0.10705839184476978 -0.27884843178804336 2.451746105994347 62 69 98
-0.4485397316558861 -0.1679607696008167 3.0389743868737225 156 157 139
0.07524975622695124 -0.061375815060384975 2.7764086417523974 60 67 69
-0.8893056723172106 0.2408311481610506 2.4936097499012173 160 159 142
0.19596314394882497 -0.335996721118477 2.5310538125899824 57 54 47
0.3455801113995369 -0.10991858075477859 2.55003257742027 75 64 50
-0.01568512907189356 -0.2309258791727859 2.3923989466923814 147 38 48
0.22895252214426995 -0.30710807606175455 2.5378612920693877 66 58 47
-0.17101836018090152 -0.03294979781824177 2.802018857461705 102 103 98
0.24779485607069904 -0.25987134080964214 2.42507182982778 216 211 191
-0.7532941879750734 0.0514156722788375 2.730326124454256 172 170 155
-0.8104370638727497 0.16317094546483576 2.598598012787763 181 179 163
-0.3615555909217315 0.09546081712137905 1.953804295035497 150 153 153
-0.016196625430905335 -0.09275203704636291 2.189847934582328 138 140 135
-0.3723569289912336 -0.014741139085974417 2.109540733469683 151 119 99
-0.33297018657996097 0.03976075306363735 2.030378802215233 142 138 122
-0.3690220225372588 -0.04330691107880157 2.147783680901016 141 113 91
-0.1463575357610082 -0.23867180182639977 2.658008653509755 149 140 127
-0.12079472005268514 -0.11980865655307174 2.256023381054066 14 22 15
-0.8234342604721421 0.2634760852617483 2.476010853619431 178 175 158
0.20368790913937448 -0.062376242940174485 2.14555268111481 187 189 176
0.2159288207322557 0.012374522456709924 2.052141772257429 91 95 87
-0.3739754988113492 -0.19477189630514563 3.0851643213956135 178 183 171
-0.1089041542775633 -0.2097188273424961 2.6846548349053068 88 85 75
-0.040022323455697346 -0.18585772343505688 2.708427625244759 47 37 33
0.15227815869523847 -0.32522427156687206 2.5670069814180225 52 44 36
0.23842084115011292 -0.27136054237148705 2.552730059018533 104 94 79
0.3046210817608093 -0.20964669300148628 2.350337957374656 25 35 57
0.15834794207324637 -0.10811838843146761 2.7119786601302587 128 104 81
0.1049903527677831 -0.19579239912169644 2.675653556922118 47 42 33
-0.2084226054622408 -0.07624322811576148 2.8938887858147755 156 158 144
0.052159910602045334 -0.04664063738646744 2.1383088438039577 160 163 156
0.25171196655594447 -0.20636623521856354 2.576708320170469 144 129 107
0.03412462291659362 -0.05918702612173491 2.7840722868979775 37 43 49
0.031069934745305547 -0.17221322380084883 2.7113737304780092 73 43 11
-0.3158869833065657 0.0643489258196588 2.0011501488184327 158 158 144
0.005600031483856979 -0.3038949701084107 2.6257763999093333 124 121 115
0.4582989409892389 -0.09359883983066536 2.114620762736193 64 81 134
0.17049921364766255 -0.24293888292272608 2.6092390673688217 90 88 83
0.23729243339556616 -0.1961991705640897 2.600964989005709 135 99 80
0.31529824969124 -0.012349182104614406 2.650124518386624 50 39 39
-0.6969119369905208 0.07476780946102807 2.7097932729793284 170 171 156
0.20731703628239614 -0.24443409447382095 2.583106245287563 87 86 80
-0.7451243889031949 0.08619753337631467 2.720992920074254 171 171 155
0.45186371903434797 0.05554561786811849 2.7047673152068787 175 171 156
0.13765780570168995 -0.29909437099502234 2.4820050929679383 211 206 194
-0.0663332951786681 -0.0750884693508507 2.1846521888349932 98 104 100
0.30542533578978304 -0.055848458083749705 2.1385660765185106 173 154 140
-0.008132407963473006 -0.07808258420656042 2.789845228102519 50 54 57
0.24470125908804857 -0.2204726716977176 2.3627181790199967 158 110 92
0.23810127598987574 -0.22828036725358852 2.374738120060597 226 188 156
-0.2838796958060655 -0.22316452555051086 2.3976698221404553 114 133 157
-0.014618071390785607 -0.12222797841541967 2.752536126665586 59 44 39
-0.8312353160372256 0.19155085333791105 2.551167926750261 179 182 170
0.19607373489121946 -0.03675347706851592 2.738714580923904 58 50 50
0.05468838083034865 -0.29323689776563716 2.618063175871926 130 128 119
0.04990888857796626 -0.21290788044090644 2.3638208511966265 252 211 206
-0.5104127975099187 -0.010567972306310233 2.8193498045002863 163 165 153
-0.007869278729490973 -0.302079736524035 2.6267800277773397 115 111 104
-0.14238735566581076 -0.04975607514553342 2.8654932600485856 129 129 115
-0.1588902145156899 -0.09443870934281996 2.7624023875320614 99 106 102
-0.4610918101628121 -0.16664915811864836 2.3288261555264276 99 107 138
-0.2722405877685053 -0.05249168833173974 2.7421701588333085 67 68 59
-0.12483577336472892 -0.08502982855711487 2.77005078182014 97 92 79
0.3640740451301484 -0.06989371595642903 2.1439350728145787 26 37 57
-0.04220332204619365 -0.1786821079714626 2.715208043149372 47 40 40
0.1272372124255964 0.020826519722670682 2.034220119812913 73 75 66
0.3070642289275826 -0.1911844801146541 2.5407430717857706 110 105 99
-0.001546537383442886 -0.11277777943296348 2.755424308811504 59 42 36
0.09957235496906591 -0.13634002614292978 2.7183664155380947 109 60 31
0.005913164678200637 -0.06630078132702208 2.7879884823084207 34 42 45
0.19904019168376427 -0.23905606460761886 2.5965677889727012 128 115 98
-0.23109264806632807 -0.194458736091236 2.352414204642918 67 70 62
0.20480458948588226 -0.3182758314524409 2.553934015424498 142 132 122
-0.3004578105784504 -0.07050466791357166 2.883691884657469 162 165 156
-0.49763962062937533 0.0454248448509693 2.7492729784125043 131 131 121
-0.18194314474594114 0.16453699505935393 1.8476639573745415 104 110 108
0.4192157935108769 -0.05052065017851617 2.0921771288394226 31 42 68
-0.29390529508571533 -0.08474182715850585 2.738821471607667 76 77 74
0.003527586845217017 0.0855293148985496 1.9708088641116002 200 144 90
-0.12151950583480822 -0.23496634996899143 2.6693152568859344 134 134 123
0.26854172050614894 -0.011229548366435553 2.8090218744607234 172 173 158
-0.4709452696139066 0.026881041216637116 2.0011345442322868 57 73 119
-0.2658689015031323 -0.13314396265943632 2.2632291817706824 174 135 73
-0.4030535386107104 -0.18011406139323732 3.0478173609710644 162 165 150
0.17013767091087625 -0.08006454771607655 2.7231664555184443 123 80 42
-0.05780904169204256 -0.09760369001177091 2.769212444481016 70 73 64
-0.745675398166211 0.05559903384390235 2.728479593945248 178 179 165
-0.4270555811646685 -0.12326582386716049 2.261714229528536 179 175 158
0.1354020362628452 -0.28012152777289234 2.5994507561361173 123 118 108
-0.3274020953164442 -0.17577286748659338 2.3235102309969866 173 147 118
-0.003118930312060215 -0.044232423969477117 2.8008357403343944 82 84 87
0.2763931071081979 -0.2505100879201076 2.402322720800036 144 137 107
0.18188111764568587 -0.33060201824522245 2.536904540266611 107 101 85
0.21160176975172415 -0.24186776670312587 2.3804516737335666 118 82 40
-0.022936490118127675 -0.29748726826441535 2.469276199957504 68 80 99
-0.32508629535360406 0.12557098135415043 1.899282220362492 170 172 159
-0.3347844265851691 -0.10404158394665174 2.2294033375951705 204 170 107
0.07962373018447194 -0.02378204843289827 2.0965218854147483 80 81 73
0.15703725575787156 -0.2649679454891793 2.5897441174381903 79 77 70
-0.45283868601300303 -0.1045020597293313 2.2282083968631485 172 175 161
-0.7750021916954393 0.025991523484077655 2.7543139630013314 174 172 156
-0.1491661297765434 -0.10513042438869152 2.2243632917808616 63 70 63
0.26262709706151827 -0.2184489526520429 2.3580129208675413 189 184 156
-0.19951877274344437 -0.25262207219544897 2.42749607900845 132 137 125
0.19755709927255505 -0.13595539920231964 2.6684603254640367 80 57 35
-0.1552456871689621 -0.21194290072660393 2.368089324388217 150 59 66
0.1615632818725194 -0.272329889035836 2.4360408732384067 186 185 161
0.027920564543583277 -0.24522927325052984 2.407362414090204 193 194 185
0.20833388975810951 -0.12833377018207162 2.667728911727069 122 109 94
0.2683132728052831 0.07243229862359371 1.9585432867424644 149 159 168
0.04365858430176768 -0.26799430225703585 2.4422101456975422 87 85 68
0.11835878034680171 -0.23406883406394224 2.386338354117903 170 172 161
0.10356372956003938 -0.2248185523287457 2.3791581083132134 138 141 132
0.11401368070636704 0.06395565979846106 1.975434719399347 181 116 57
0.2290101308028568 0.005505886613163301 2.049768951236655 142 145 136
-0.15147781862379495 -0.0823460130576103 2.1892512949071703 181 183 174
-0.1328952269052751 -0.1712147528172685 2.304305751726197 162 163 153
0.21238789195615762 0.13286391352351057 1.8818812602667803 161 163 148
-0.20702318311624937 0.14048760543809657 1.8909067863340283 119 128 134
0.34454583169049174 -0.027611681347714592 2.0939673581941993 31 35 47
0.37366870895214793 0.011027302219186708 2.5857627854145644 125 86 52
-0.24795394177752 -0.16720514661913194 2.3129078761609807 50 57 51
0.1404840617253572 -0.18902318498845477 2.3270176112500254 185 141 134
-0.33382058216680555 -0.20832783138283678 2.371659457027217 101 114 131
0.1957870001708338 -0.13311486393532726 2.245822686770847 255 206 200
0.12205559261000541 0.15252772794875533 1.8555022628526676 190 170 147
0.46155053895884857 -0.1665237602004535 2.278291572927713 45 47 48
0.07151349983249614 -0.002848251489003219 2.0705624751243876 107 110 100
0.3049945517410416 -0.14595681161973856 2.5756633170735963 148 133 113
0.370699416794536 -0.10884557529468084 2.202490191266536 34 41 67
0.28715020974790445 0.07564358274991898 1.956319687629162 76 85 105
0.1106579119971331 -0.21271355503383657 2.3642237140527143 142 138 122
0.3958433150723346 0.019188230688719773 2.553994585001373 81 45 31
-0.07270094770216924 -0.08856717712341326 2.1957997125248303 39 44 38
0.3576786993607529 0.008096940260287528 2.044421382315698 104 116 138
0.0647667124256739 -0.09464203245246573 2.1982279842570147 62 65 59
0.2797175770728805 -0.1390914571016524 2.2468656832516634 159 162 152
-0.05033498327463729 -0.21428654630478533 2.3684829156678515 198 199 186
0.28540615892020094 0.009020842246152445 2.7016001263479574 88 66 55
0.18298888027803628 -0.24202016161478979 2.393820214374226 144 91 53
0.16306927590516426 0.01822282297630256 2.0383892674295434 51 55 55
0.17815891783294818 -0.25480369113855605 2.4112856627773946 173 124 89
-0.14609682958052658 -0.13896638022173027 2.2679674208167735 211 215 206
0.11243642601209065 -0.17746073599334794 2.3073163537022423 238 181 173
0.36073523865116736 -0.04881232405979458 2.566329935746176 116 66 36
0.3016188926967552 -0.10353799671602534 2.609594148889746 104 83 62
0.33659857034255786 -0.17172200853470287 2.2919118023809575 103 112 133
0.39195393439489634 -0.016913880883708803 2.536524570265721 129 82 44
0.09022703752549537 -0.2228302901561177 2.371786438123985 127 129 118
0.36920287996526063 -0.12035542741693313 2.2175595120524734 54 61 81
0.17338787088311547 -0.05524298622351815 2.740711541806104 81 65 63
0.2838158655798488 -0.17080317063667533 2.5834263397878625 132 110 90
0.2713714859000548 -0.28902074242564335 2.511884377456871 82 71 60
0.08236590696303989 -0.2846503561691663 2.463979034155367 141 150 175
0.26660260745374487 0.10861002641762865 1.9121522602405678 61 65 70
0.06446737448945833 -0.25325924598294547 2.4190777085646213 96 104 113
0.033122072485982326 -0.26599115358288317 2.434741167354068 124 124 111
-0.347475014350943 0.07470414514073793 1.9871434024626846 150 153 154
-0.17677558257231035 -0.15869871254467194 2.3015563732231885 58 64 54
-0.00772281857337902 -0.042618206768077725 2.132081002394483 223 224 214
0.4787897636317677 0.14704183817759206 2.583053268611139 161 156 142
0.053014100324574376 -0.2596172120454535 2.429310325888561 105 116 127
-0.05278551651390944 0.1938445856200427 1.8045146115265749 161 156 134
0.12514161181616396 -0.26722138085758756 2.6192323875534664 56 63 68
0.19020176570556854 -0.05165110457129864 2.7293585946184806 69 52 47
-0.17711447075732734 -0.2598867692753371 2.4342486352966155 180 183 171
-0.30904873521264065 -0.019871898440907962 2.1139487575562756 167 136 106
-0.37956994531007116 0.037999650228372595 2.0368407467644287 174 176 176
-0.2076013071509038 -0.2668782389298975 2.4477896298700546 65 79 99
0.2817302922750738 -0.17289950835056087 2.2947774010886057 57 63 95
-0.22376962552849514 -0.11352341011261469 2.237383098988515 199 200 192
0.30310986283155283 -0.08656245740791975 2.174261040287411 129 123 104
0.017022458582249586 -0.042497961080560656 2.1327560274994863 159 160 146
0.1996394656624162 0.04826916599330315 1.9981922176024705 85 89 83
0.38493892696183657 -0.2608410973890707 2.401231930547199 39 41 45
-0.18758032233297461 -0.09435369213221101 2.213168510207604 172 175 165
0.01923101246747524 -0.1163205546023722 2.2293756295407565 42 44 36
0.06667823087980645 0.1762459890332542 1.8265750838482486 138 141 128
0.1234423912407783 0.17515429275449923 1.8206857718754779 144 140 111
0.25350594948113175 -0.08754049334924792 2.178980065310244 204 184 156
0.24151764983517404 -0.2627650135360625 2.4298203256822415 210 202 184
-0.10392533035786494 -0.3036475682229157 2.4944386841603152 132 145 160
0.21774004701210498 -0.2691178434096055 2.4275544502887696 183 170 123
-0.41193047687740303 0.044803832512025736 2.0236885516584744 170 171 173
0.09128817076883276 -0.20655860525495173 2.350039039263832 191 131 128
-0.37668901791953363 0.1315933883565374 1.8992145725636946 183 192 196
0.09846215172158759 -0.28987431657332496 2.4641524945520006 200 212 236
0.3226060125078066 -0.0012039890821616168 2.0566740491618782 58 57 64
0.31517046466610354 -0.0437177387951328 2.6324689842019153 86 44 22
-0.4291227316664912 0.008503550485325561 2.070141550428962 153 162 173
0.14229139847407515 -0.26341606911563514 2.4263873550926616 145 141 122
0.18207236709635263 -0.20112220547359838 2.3387140326013895 195 194 179
-0.0758192275851534 -0.29974706182946664 2.483705834407508 50 63 91
-0.24934201433218398 0.09295469828592037 1.9490847199875923 148 147 136
0.18594671473489127 -0.12001048407788374 2.228236338605505 185 161 150
0.17925433689244372 -0.03288739381991949 2.114110201062802 44 43 36
0.1520147482523432 -0.0537010564173843 2.7518623630242294 72 57 57
-0.03650590343988117 0.0997569705820505 1.928055272940218 189 125 81
0.06990103878648375 -0.2611953722905581 2.4286044891506773 40 49 69
0.39734366618091105 0.06123547295690351 2.580243763369652 78 79 79
-0.03515252372453548 -0.04729205789213892 2.1411611449920778 82 88 82
0.014131479784794107 0.14882332400279052 1.8632985784060443 109 121 144
0.26490066200400175 -0.32381119374147194 2.4975331706226043 70 68 59
0.24197456942026288 -0.1556807193692569 2.272345749517836 171 136 127
-0.3362535118056874 0.018522370998267094 2.0538011368275506 163 162 150
-0.023624196026455973 -0.06753344353718348 2.166198277860825 109 110 103
-0.2400393820251092 0.14767234168890078 1.872344552571367 186 192 196
0.051044404240099296 -0.28851158059017273 2.4610710794576254 210 220 232
0.1436771071483322 -0.09427943509235742 2.1943913009598357 161 162 150
-0.07221138625385427 -0.11707830750748544 2.2331370754586044 26 31 22
0.3245563003898736 -0.10651986862138436 2.201327392494352 145 95 88
-0.3904568341619401 0.02737620543640516 2.0494485642236784 181 187 193
0.27010452426436315 -0.15743940789890692 2.2782637712136644 102 105 113
0.40776353906738 0.07220046323916798 2.5655188750643734 93 93 95
0.34012268145164054 -0.10704997162984603 2.561902950185305 155 122 95
-0.4353520497563163 -0.008219077848886596 2.090248347238497 99 102 100
0.35532435438727156 -0.114256671753772 2.2135201527299486 84 77 88
-0.15737183973106383 -0.24312796582239482 2.411882083447996 194 198 189
0.36189094685665285 -0.07725990961869136 2.157691840848889 68 71 82
-0.1403308548061031 -0.027269203695068765 2.1132495921058854 194 181 152
-0.07509137610306038 0.05683047115681274 1.999438085410238 195 125 72
0.0475191094435868 -0.2039777610003215 2.3498121469711792 226 171 155
0.0319708151052969 -0.29359307068461626 2.46952689595001 146 151 166
0.37544988992416195 0.05345336226327805 2.6101223628302046 59 45 41
0.2463538503073252 -0.2549824126706116 2.550874948716335 93 71 48
0.17396553188578393 -0.2744121481350515 2.4385711714659566 177 172 139
0.22709510933748447 -0.09694609302813506 2.1965370772410644 186 175 153
0.32040857083736674 -0.17186244919391294 2.2989654673977866 108 114 132
0.21786308857046666 -0.15329558124122847 2.2764823975771753 167 159 132
0.060162377279651506 -0.1655042911541543 2.2930562442658884 121 105 77
0.36096591470787975 -0.08711784359036755 2.537040458555082 38 33 28
0.30141170885164875 -0.19274436780578086 2.5438728123426486 67 61 61
-0.025348944688917956 -0.2201385893451044 2.3743035565948842 164 36 47
0.20891609402303646 0.009282212064485892 2.055970061705226 72 76 66
-0.0990058515961175 -0.2876168879919493 2.4730441300257526 53 67 94
0.20152469757938893 0.09402155727616922 1.9282662589201025 176 147 123
0.052479067606928574 -0.2211165049167463 2.3737512542913937 180 182 171
0.342323827324445 0.07003397931678189 2.672293779754568 79 80 80
0.3812819026860338 -0.23766901203899546 2.4165424346591893 110 102 95
-0.1385526573102134 0.06833634908681023 1.9847624533843207 184 110 66
0.3071345799939408 0.018770716896307434 2.687232521972918 88 93 94
0.3500567311525984 -0.12316044401382051 2.2250766139611873 157 165 190
-0.10331551762852464 0.12617044820462994 1.900256065817573 161 158 146
-0.03813394528178817 -0.3045267102967608 2.4861068532018358 125 139 159
0.3324910616640909 -0.022282951321872607 2.0821034303558608 77 76 81
-0.1138821526567243 -0.2077804416881341 2.36030343117353 202 194 167
-0.1384038155354567 -0.1357560290600383 2.2740953966353707 188 193 182
0.2619265322886411 0.03573061702642996 2.732375160508245 79 77 75
-0.149276297762522 -0.22213940578445762 2.3831136280584757 182 184 174
0.4503533910306892 0.007774238568353446 2.4224839550505073 60 46 42
-0.07671507758680406 -0.2583226634951833 2.4304694207389943 243 177 170
0.12318606653929141 -0.09280733582746972 2.1959857108692646 195 197 186
0.29624062493275377 -0.19478751394120708 2.5491499200124155 147 141 132
-0.03195845013087433 -0.27994846007736607 2.458379073674449 130 133 122
0.13338909218051398 -0.03449189194418157 2.1132775223010865 198 200 189
0.07549028790473156 -0.27043557549266545 2.4370484743861796 36 52 97
0.13468115732935199 0.024525136310008862 2.029484297752171 69 71 60
0.2729403806935174 -0.21218177524791432 2.3487427951659283 48 57 86
0.31665126349217365 -0.19213677742551122 2.536203404615076 126 120 113
0.2361793248404476 -0.2379330755297027 2.3867475198397767 201 161 141
0.03514301747339054 -0.10292448128513124 2.2169635142374537 142 143 134
-0.27926254867427847 0.015202302781364927 2.0643732694316284 189 141 116
0.3036687409028333 -0.002975829338907967 2.0636749092367705 151 149 134
-0.3515405754524981 -0.017616879701744914 2.0968149899470294 164 133 112
0.0818666960191422 -0.11325371373080104 2.222626257015258 199 199 188
0.007903583219442182 -0.09419882540139334 2.200957850655377 42 45 38
-0.33895551089314774 -0.138419584158823 2.27354846879285 168 139 94
0.346809250488753 0.03696374701331277 2.644014065742921 57 41 36
0.2971557382686413 -0.12260012489802728 2.2257474868882463 118 59 55
0.01546656863401962 -0.25597793050095535 2.42377280885801 171 174 165
0.3728409219497818 -0.15333876441656305 2.27198492075236 170 163 137
0.20150042987871603 -0.24461747524068878 2.5867161706402246 55 55 55
0.24227134409953735 -0.2681773521324221 2.423554860621944 178 158 100
0.35212863666160293 0.01012459428377607 2.6166369483568324 80 63 49
0.1541392099872606 -0.274934056782243 2.59346680578117 111 106 96
0.00982176141365831 0.04169785321597517 2.0178531103678594 203 153 108
0.4343537793434519 -0.1809007438390526 2.3549126158188596 115 106 100
-0.0317489858995568 -0.252322530485772 2.4229023469877577 230 212 200
0.4565082392027294 -0.027280537351896526 2.3801197143031216 136 127 111
0.2548595467125722 -0.24203782369389945 2.3976925661753192 172 158 107
0.08864879754019855 -0.08029739665462814 2.180915117300525 100 105 95
0.3271154832944568 -0.07300482188265259 2.1547741855945093 149 148 131
0.43793421092783535 0.04502441842195461 2.496232712074448 74 55 52
0.22505235789393763 0.019058960611939815 2.032216535040998 205 208 196
-0.4615618597620634 -0.16858904090824187 2.3023418100084614 179 183 195
0.22537032416891836 -0.16973680835735666 2.294810091285468 124 97 77
0.042045224624224255 -0.03428549774264378 2.113645830676731 213 216 205
0.3346088309819911 0.02050428288860961 2.6520209101254015 61 44 39
-0.29455302442317866 0.036737529835253795 2.033006720082356 177 177 168
-0.10054408550457102 0.13126621594039364 1.9071327935650122 192 189 174
0.35657979814891366 -0.09995351172867276 2.54130656012046 104 88 73
0.3688367232678839 0.07786580002812288 2.6489770361166256 103 105 104
0.26443145306120575 -0.22818487521786035 2.3751494718254613 163 153 108
0.3925284731898061 -0.09428453911369122 2.487519595696793 46 37 35
0.22410055840166518 -0.20803437641004083 2.346320295411837 201 184 148
0.3434698752571107 -0.23623258249777324 2.4773648996339075 61 65 77
-0.07996753132923112 0.16049287594395142 1.8589938434457847 172 179 184
-0.16858418602745687 -0.27684092255415654 2.460771832776675 41 55 75
0.32463195676677703 -0.1867482119297991 2.3105078127955436 62 69 88
-0.3270171660617021 0.09962247011972956 1.946819605694362 178 183 188
0.29999412963757116 -0.23159963731700592 2.5204963388464816 124 121 114
0.4524718292074622 0.22492311526177217 2.1378193026283516 104 93 75
0.46254401417973645 -0.08853911137925996 2.3088986617187515 124 123 121
0.47162424886057375 0.05513596125383693 2.3535432394525038 89 81 43
0.46399058377288926 -0.07247225095872917 2.3205831986198633 79 82 76
0.4541665550640642 0.15136968926629854 2.5046504082558574 105 102 98
0.1400330616834409 -0.29301058835559973 2.467230373702243 80 78 79
0.4759126356142583 0.08819742683875527 2.1452265543102222 97 90 81
0.48098022626898995 0.25463244410612473 2.346872855432733 94 87 49
0.4619782501223448 -0.04716492812116581 2.337807301020218 106 107 103
0.4737725915100457 0.0789076915983912 2.3684446210024612 54 45 18
0.4810266509553943 0.008899469434499882 2.2777003701742147 107 88 66
0.2248616199823025 0.035849007830090825 2.0132328553663386 121 121 112
0.4714772867292363 0.04970819864271903 2.374162174267952 109 92 61
0.47412995327460633 0.14990342805379106 2.4008873256187058 60 33 8
0.44906335753669446 0.10831374771899668 2.488975169393115 68 68 74
0.47076987794577 -0.06753965846177236 2.2868082307600677 99 93 82
0.4198867185318102 0.19336618191583307 2.0168489471750544 148 91 80
0.48288182330645096 0.2233734567309505 2.3301857211729753 51 52 47
0.3004198893841447 0.031213841177290213 2.003281960603579 45 44 56
0.4803656274770657 -0.01204559465086003 2.261773941588902 74 69 49
0.4644521884090488 0.2721990083797414 2.2195280855597916 138 121 77
0.45968033212819226 0.03465235923869099 2.3945793960102733 78 73 68
0.48360579106465285 -0.007917078568970419 2.2014332665131477 109 102 95
0.47797516147144165 -0.0478392267915613 2.267599518111431 59 57 45
0.45755251570625516 -0.08357488520862918 2.291456247169095 135 133 127
0.47490563244239914 0.19038735622210143 2.213432074828432 117 86 51
0.4700771633093596 0.220733745730616 2.2044682648186216 99 53 21
0.47402835027829027 0.22210789541634735 2.2312586188569865 64 38 7
0.23486015199159868 0.0013441936210459972 2.0638394333068 116 116 103
-0.15272215242798098 0.10178577905745481 1.9385904916862384 141 142 133
0.4834212147768895 0.08438754530724457 2.262920066177635 111 96 77
-0.19867129160256072 -0.3086213704329061 2.4945528282941987 131 116 85
0.4735630418842535 0.18367972935704033 2.4272765637690714 97 91 51
0.45698004062477576 -0.09723793952495059 2.331131860067531 111 105 98
0.4813312711127432 -0.027332592173902777 2.249268981989123 62 55 45
0.46155381947612156 0.16751757582466148 2.1366626427945494 79 62 50
0.4746315374630391 0.12707096100668228 2.3875074311822644 106 64 36
0.48164013802354877 0.12243868806101645 2.2976977574455115 72 47 10
0.47714871532353653 0.1197370517502864 2.178034962623527 122 107 81
0.4650979341832633 -0.020924957541853712 2.3372518371635467 110 103 81
0.4805191431059609 -0.03784592073483382 2.2603843471146634 81 76 58
0.48018066448234065 0.24679133031224854 2.365790497678528 53 52 22
0.47160467315576043 0.1086263597095863 2.387874998596633 78 31 8
0.4803571988721246 -0.02608935961389055 2.2790678901063774 61 54 37
0.48110487278318753 0.2270838493193258 2.395669252782111 48 48 29
0.471785247983176 0.01813843370301044 2.321819963312297 87 58 28
0.4781423357737055 -0.005971182018780878 2.2852359144443097 146 138 121
0.48497523870741965 0.07422516356965082 2.189667235536787 131 113 85
0.33921199025137355 -0.16005256470768522 2.281585366926998 74 81 108
0.4674360066418623 0.18725630622477343 2.1764008925663894 67 40 37
0.2197497052637609 0.11791476318236126 1.8993676547899656 95 97 82
0.4732387559531517 0.16464777391355248 2.4152036027133534 54 46 11
0.45686528964350287 0.10140226700946618 2.0609834910547256 121 97 80
0.4623646849487227 0.2205669188952264 2.167719522674385 174 147 123
0.4790041948533262 0.0534992959221496 2.281358892469908 111 95 69
0.4771191782203094 0.16524079319690044 2.3889735118947155 119 86 45
0.47680273630550923 0.10864622256810044 2.3589608406289653 161 136 121
0.48448258676871014 0.10455948458263957 2.3047735820432806 88 79 63
0.46448535770293264 0.03468359765979904 2.3761454556878814 119 104 68
0.45581459195795976 0.23617876729295167 2.146854369594711 118 104 89
0.16221600946155085 -0.247034613741626 2.402649360300392 146 79 59
0.4738081623401937 -0.021031515215644187 2.3036495805556947 82 81 66
0.48011732551073416 0.20447276160808925 2.3834192984723117 76 60 45
0.33117716306178 -0.11774401500776747 2.2205043372210143 113 119 133
0.4059507416557511 0.20600061705333572 1.9995364852877937 141 121 96
0.4754432703105754 0.21019461686548183 2.4417028162144243 82 82 45
0.43569280772105595 0.06427952891118333 1.9547859277576893 68 68 76
0.07526290189218138 -0.1606877701702131 2.292458517239087 217 188 171
0.4642254542035604 -0.027355296867180967 2.3522686107132267 116 115 108
0.4652379989372967 0.018899627727917603 2.0169782376364864 43 45 53
0.4771862003159808 0.1539085669653045 2.2004708301039098 102 92 68
0.4797947234038864 0.08990019572908946 2.2967046754437312 74 49 37
0.48247919793151267 0.20419970746247332 2.3290914357228387 111 109 103
-0.28631040374340216 -0.014276449283829845 2.1022664437959273 184 145 110
0.4733890290970622 0.0043095584912048335 2.3055668745949123 83 60 42
0.48017752470512926 0.024528301255660464 2.2660169306823 80 66 43
-0.03962197748975207 -0.05125277439597469 2.1461056008708392 101 109 106
0.09059744788560481 0.1643029918211896 1.8434937863001453 145 146 133
0.4842858124331984 0.1544842144916284 2.2664436649050232 90 76 57
0.48414612810743274 0.1908916007059504 2.299494654711064 115 110 102
0.4781912383171191 0.07498063068135499 2.324452405549347 142 127 101
0.47527756007382327 0.16656455225250114 2.3721019685192024 91 45 20
0.47587332940128335 0.07439991637382232 2.347590239414037 48 46 29
0.4794849439165144 -0.045924846074856474 2.232013708487625 107 102 94
0.48457906417590824 0.01827924395306188 2.240355216891289 144 147 120
0.488580550353697 -0.01564216383742152 2.1742277263712997 128 121 116
0.12137112806306345 0.12892543049225494 1.8858819728667782 172 132 97
0.4771740825006012 0.017686781519640805 2.2959176566002655 65 45 18
0.3146046785125642 -0.02773403668957736 2.0975155519986584 188 181 161
0.48537571724510725 0.06495216084336478 2.239165179303653 70 72 33
0.16844738579181867 -0.2590748515351884 2.417448037110345 129 97 79
0.25671507634945817 0.02003490611554817 2.0312786996200547 127 127 114
0.45762518839074207 0.1915072304840033 2.503846898559901 74 70 60
0.450812914880499 0.07077117191413551 2.0072567532540377 121 103 79
0.4068688008963488 0.2481129500436458 2.0277948406443556 139 83 66
0.4490332940854788 0.32790756140637306 2.197058717560723 146 136 99
0.2438414649235911 0.1292723155418659 1.873162632508354 141 131 97
0.4831136762921858 0.20648166730844783 2.281900955277764 45 36 23
0.47876746172313867 0.08875760761201627 2.3425409952461056 54 45 25
0.2508449847248867 -0.1745557715299901 2.299383279518209 105 78 63
0.2871992113728818 -0.03716871456993909 2.1102803618008577 112 112 99
0.47104744082784544 0.06363033224185188 2.3815704301386904 117 102 69
0.4611313239061702 0.24118181014031415 2.1806472595245703 182 153 122
0.48075551928449195 0.1934477651829719 2.2514316927669604 62 48 24
0.48308166226422133 0.21399838882575115 2.3484205021405535 134 128 114
0.43753058164086833 0.05376604095529624 2.47356852848704 67 36 35
0.4796043576100611 0.13557809395549358 2.3522677219209087 119 66 49
0.47180027271513614 -0.0020185446946074247 2.3205279267046386 69 51 27
0.4379723085379441 0.05289730090238183 2.4839775407558515 37 26 34
0.46450520214480306 0.3345978788172544 2.2549909201825393 77 75 32
0.37848348056160724 -0.10885942026982247 2.2034671341280054 109 112 126
0.48470760817876274 0.016532521912176478 2.2161302511958008 110 109 97
0.47061325254447445 -0.11933618502924258 2.270647762209938 107 90 69
0.4145230892282606 0.23775492351822503 2.041854064507648 140 74 63
0.48152176509512434 0.09652900254900074 2.2373579606180654 125 79 53
0.20613670221504657 0.00319773680697072 2.0599263394402296 84 86 75
0.4864435391019255 0.15218958780302994 2.3145383153619314 128 109 97
0.3505334520115975 -0.09362453587704271 2.173192344316168 206 214 227
0.12216553851537629 0.05340648254246936 1.9969953928619921 191 132 80
0.4694155091015965 -0.009535212334936415 2.3315223698018994 75 51 23
0.4767547167558033 0.0016255509799279135 2.332869318493576 105 98 57
-0.11488781891970574 -0.32279687624477493 2.512504753636871 144 134 105
0.06988845690711695 0.15940488511585302 1.8581823330754195 184 177 160
0.3970710631498306 -0.06558751524048728 2.152800944771644 115 113 97
0.4865111181521746 -0.07279325039465155 2.204423230316719 115 100 83
0.4799884365547162 0.14793339755326243 2.3102367875335914 67 51 32
0.4835566701613422 0.1803893770269409 2.3242928019499893 97 67 53
0.43023187050162526 -0.22025994734465604 2.3427230018236 34 35 37
0.45618584626619135 0.157568431917034 2.0947249221480795 133 121 104
0.3171725593330493 -0.17899961847546317 2.300735080404259 106 114 131
0.47327538196608554 0.11698925281830316 2.152862088786811 181 163 142
0.4518969868826376 0.14128060497405473 2.0733995844043847 92 74 57
0.46168689950391373 0.08202948854874469 2.4059516200084463 78 59 22
0.4326678773351596 -0.03797818777361552 2.4199032471723165 30 23 23
0.4865429589517593 0.09680452962870255 2.2235557554302594 116 67 45
0.0803591714910219 0.060745279597926735 1.9843901668922823 209 142 94
0.2028931179987684 0.054620238229394415 1.988766076334744 87 96 96
0.4713102405318628 0.15095081151715214 2.42560111326171 76 76 27
0.4868629307318757 -0.023784520511648997 2.137500929904296 112 97 76
0.4731058768724894 -0.056387773458284954 2.244512078053311 70 72 65
0.3513935916853832 -0.0005017005895135786 2.078862168143372 105 109 122
0.45496385610224305 0.007655061539597625 2.403214446059215 104 96 82
0.48006768477482475 0.03277315108603158 2.2984632065743695 123 86 49
0.46634039804208216 0.116476537695778 2.42940728317416 102 99 50
0.479595757093004 0.05337765561115132 2.3194218634001675 98 67 32
0.47311623202051767 0.30900479810844467 2.287853660926431 95 96 47
0.4542901076245832 0.11108916779444622 2.4772450599522577 111 101 86
0.48484016324217033 0.15505418672120433 2.3313510534118964 105 78 56
-0.01721060630678205 0.17194031177167435 1.8345389418562772 85 93 116
0.43320883595005694 -0.12607239782360893 2.375146602149936 113 109 101
-0.4162756342129989 -0.018562348683269 2.120953636531632 154 163 174
-0.2706197701860484 -0.26934697975836924 2.4543362089625678 148 156 167
-0.020061900145013814 -0.26506323943411253 2.4356401743180696 121 74 77
-0.37002977426319916 -0.04992559446386585 2.1484878923190327 198 199 197
0.41286452960960796 -0.08880539146014559 2.453084256320477 34 26 28
0.34890832060383176 -0.2071491599115842 2.364703474034619 66 81 120
0.3876799307793923 -0.17783868459962762 2.4429605667978342 123 118 112
0.1764124971118869 0.024949649341339496 2.0305654475735815 31 34 30
-0.007928896560617344 -0.025677388496451268 2.1057566102270857 167 169 159
0.4215684755569632 -0.06939777898264483 2.434285571875517 35 25 29
0.48306393507699297 0.16831979359862076 2.2518630509429234 107 93 83
0.42373351973117235 -0.14676331329259645 2.3962183446157272 112 105 100
0.16954518409105934 0.0735771134698036 1.9782273154113752 187 155 126
0.4812725133856255 0.15848102063382474 2.2360695982615155 78 64 45
0.4442978303743972 0.25307361335802303 2.128433051355758 108 97 80
0.41502416760452243 -0.15262259447492313 2.407358486502027 95 91 88
0.4840771985597381 0.10579164424700173 2.2422031724461475 91 66 47
0.408373040032399 -0.15662619711609363 2.4160053885971 111 106 99
0.47794036474279034 -0.08238140620448962 2.2651038845616944 66 71 64
0.4501192096834449 -0.11582981671727476 2.3518869460145995 124 116 107
0.4846950707500477 0.19947424360677155 2.2881505354528695 131 121 109
0.4791497490003203 0.18506221847879922 2.245794730139586 74 59 32
0.4788175350514702 0.05367520968078458 2.3088231749171215 131 91 59
0.4693685194596329 -0.05512858532590876 2.272438704339804 74 71 64
0.6230043795257426 0.26054723353270326 2.4190428984681187 161 154 137
0.3904928161953338 -0.2329139623549791 2.4210191768284863 92 82 73
0.23316334305163802 0.12147368102376889 1.8955613854532511 146 145 129
0.34833220220737937 -0.06370628346496394 2.1304498262687432 49 46 47
0.21869736454491148 -0.1291793163790048 2.240184494590938 231 180 177
-0.11523838115819872 -0.17458086941838924 2.318687172449949 167 155 122
0.2505333115313276 0.09392721265433847 1.92694752197155 38 44 52
0.40736830969928406 -0.17688938631803058 2.426056709152699 99 93 89
0.45829894212232186 -0.07705679435742986 2.345417873610962 128 116 98
0.5847417921092569 0.16625631634477256 2.5519400828583603 166 161 149
0.43210236934200735 -0.11113789578939828 2.367258627545561 121 115 108
0.42849400073913596 -0.13031967647602305 2.382843576527875 116 109 102
0.46351511440145915 0.19567565144726815 2.5062325478845513 54 48 38
0.3817582282925471 0.2286019682848661 1.9723790744334881 160 139 110
0.48161074428877254 0.1500224657691655 2.214765878964438 112 102 75
0.4327651771926226 0.1347549490477362 2.0146794035651876 104 93 73
0.44620407304889703 0.11816932809911371 2.0407822733721104 131 122 110
0.4163157972810949 0.30114104100126343 2.089759299899652 95 82 66
0.4689046535139315 -0.03739820851062684 2.319603053914894 59 57 42
0.3788412974254792 0.25512209136224034 1.9816191470405942 122 73 58
0.39279098201241114 0.15582958548368067 1.920733822950815 75 61 54
0.369327351424275 0.40650725109637975 2.0723450946146578 113 99 81
0.47670609697682176 0.29538067136751756 2.3234844253763103 59 54 29
0.3313876726238182 0.049088381977615385 1.988225169055794 206 214 221
0.26153832426164125 0.10671373344727027 1.911417691455842 59 64 75
0.4062412040928186 0.28426289993970555 2.0564277002163207 125 113 96
-0.11347507690949589 -0.2330515213421214 2.395415003235977 227 151 158
0.3192775570440793 0.24910145935592445 1.9078314627613653 130 122 108
0.4120228757361898 0.2780901489405978 2.068302279091707 150 138 119
0.28238507390399864 0.2645169976319361 1.8873975670888274 145 138 130
0.22017321268176923 0.009527253811259125 2.048789878703633 99 102 92
0.2934669046956457 0.043467803521302424 1.9937161038493474 159 166 178
0.46509038792626484 0.14022058779743238 2.125863495790834 109 95 66
0.41442172099673 0.36917581250258863 2.1461975744412625 81 70 52
0.35548908133085133 0.33809122881667053 1.9975611467056416 115 85 68
0.14102239744780817 -0.030196659389507625 2.104521442893818 174 177 168
0.44091494378989127 0.3095962365748388 2.16215413659544 161 150 133
0.3540802827676745 0.024724177974967343 2.0207648251932784 65 67 82
0.4376767085398791 0.2824586532356512 2.1343273890054424 110 101 85
0.19251285642281682 -0.21225213110103872 3.075447364243306 179 181 175
0.43241783815662016 0.2159877777620557 2.0646291813757833 189 139 121
0.3162995613759872 0.3015533039600253 1.9414085195805812 179 137 125
0.47852510707878343 0.07507700010875772 2.130816129488729 99 88 79
0.3414662645466794 0.14488458205802296 1.850441140166059 98 89 78
0.40129862538983546 0.31604163574031374 2.0747045896835354 121 107 91
0.2552159421418241 0.07333482865075559 1.9803913320819426 175 184 200
0.2858271592872171 0.008245929990704573 2.0415385435533606 142 131 117
-0.18097085194056534 -0.3630314071539164 3.3226824646120576 178 177 167
0.3778600803450161 0.336768948202613 2.0406450423897593 107 96 79
0.4600330449501846 0.28205455893797055 2.2035344539111064 125 101 64
0.11592371447211855 0.07576679452937096 1.9604273716266567 198 145 103
0.4853743251150934 -0.005875936039815739 2.2113343026986128 117 109 98
-0.16735733077382034 -0.3771945319773581 3.3423494763683563 181 180 175
0.31388471283025304 0.46406687573091376 2.0534932855667583 95 75 44
0.45784851497380674 0.20261683087606597 2.1188383593496445 155 132 115
-0.061979610815723195 -0.2612034404841447 2.4301096703536365 218 161 159
0.2914937695417018 -0.09571733118264986 2.185036124403487 217 167 157
0.39667452932937236 0.41170930154142055 2.1307889602228536 39 26 10
0.4865219587335306 0.06609653609006393 2.204750798451452 117 98 66
0.5034249392512704 0.20772361580829818 2.4941900114153825 175 173 163
0.31138564859973983 0.1903796314131581 1.8501289064568125 116 93 64
0.4838185537049741 0.13650242687835076 2.2329357435942394 80 61 43
0.27202131745653957 -0.18823621237966473 3.03630787833847 180 178 170
0.3722676442544515 -0.022660644526099644 2.091157211349598 151 154 159
0.4598449558965485 0.09187616324363883 2.0686330139085958 123 105 95
0.3693712100750177 0.1542029448750502 1.8936668720562497 120 93 69
0.412854996198612 0.37121315134816124 2.129669544939611 56 45 30
0.4138695775140685 0.40100381206667945 2.1432517364110564 156 140 116
0.20843095458860347 0.39333676166143083 1.9126702922678414 63 52 35
0.48392291168763624 0.2176607177088471 2.293739635165585 59 60 59
0.36770254305945943 -0.2123730409994203 3.067307746119834 178 179 173
0.05173209332560271 -0.2086237095770281 2.3696787752008435 236 164 169
0.48406721514374335 -0.028940711880820362 2.082163852701341 109 96 78
0.2764390225504544 -0.0012435677111330688 2.055385616736233 73 63 49
0.3734784185425336 0.20998167816752078 1.9507229581068715 139 116 89
0.4685294823451999 0.2114086223589138 2.1840377821044163 142 95 63
0.3893558829025485 0.29992191829941117 2.0348038364914736 126 109 87
0.33789984322358524 -0.013284050748917602 2.072995477107428 68 69 80
0.22830922849159913 -0.23150761847274026 3.1063726548110653 179 178 172
0.3468763412763012 0.42126043100629684 2.060766757197158 164 153 137
-0.02354674417413336 -0.22549535102499332 3.0990893535302697 162 161 149
0.21409678441384555 -0.058173159537027286 2.139344311956339 188 190 179
0.4812690031748558 0.12586211318304766 2.2156513263367996 155 130 117
0.4862084612257482 0.17736843728323293 2.30803716614646 82 48 33
0.4268600300047497 0.2625070274861896 2.085315204278022 125 112 98
0.34453162090577405 -0.07623963204425874 2.155562015127409 127 132 145
0.44237964355865117 0.15767279548542987 2.048160097319574 112 78 59
-0.10315415749055938 -0.36834416727325714 3.337744470841286 188 189 185
0.3005997028990966 0.28533561975632693 1.9085367311433445 105 98 72
0.398302337022213 -0.23248575488226986 3.088048007953346 180 181 176
0.39545788458977216 0.17053327749117736 1.9532313686669276 132 109 87
-0.13734767268775513 0.08287169036939776 1.9676886840996088 186 133 116
-0.3102893349514132 -0.20678001182807568 2.35693444993567 125 137 154
0.4790220362024221 0.26139229570927675 2.285804296889856 111 105 54
0.4216966179448044 0.3304717401999061 2.131002707888796 173 159 143
0.4807824534932971 0.18916326491067537 2.2682252670122516 68 56 42
0.10255164568688416 -0.2728200164389193 2.4478789126737768 191 203 218
-0.28736763847825353 -0.19047440879464497 2.338030714545123 170 171 162
-0.17155851825949323 -0.30603488453969657 3.2173434507199836 186 184 177
0.4590710510868853 0.32639104500211835 2.233273671653577 44 36 9
0.375400666000629 -0.07145667915892051 2.870519735455284 176 176 167
-0.05952045010877971 0.024052118805411603 2.0403976402535857 224 198 176
0.4600672728616084 0.21811532057743352 2.15511501054825 137 122 103
0.3416127619228157 0.2301566422049992 1.9183109240916936 155 138 117
0.27693770859964595 -0.1400579985856415 2.9892629030374844 181 181 176
0.47280242119132154 0.09246996720086588 2.1124767749378304 98 94 78
0.47318002548781435 0.20124558681863453 2.1928813864670804 111 64 39
0.32006198792241924 0.3468234084595141 1.9732052916110365 161 73 62
0.043807859048321976 -0.20444339639419126 2.349014396912128 182 103 109
0.30514177966745276 0.33636634910260926 1.957778160905663 170 122 108
0.030432496516583075 -0.08778454438293223 2.1830434706536748 117 123 117
0.3546645445830528 0.38010532272192277 2.0481165441291975 134 123 106
0.3279947862829421 0.34844165678616257 1.9818387753244284 146 80 65
-0.11233937986139453 -0.019767295166642586 2.1018793315509305 198 186 166
0.08015868135667592 0.258380467496345 1.8343622926378191 47 60 96
0.03417360801571054 0.035764400860815115 2.0179502032804244 147 126 108
-0.4579829806233708 -0.04256655918078214 2.1499937769527118 102 104 110
0.4312269008664794 0.27112055205972263 2.1015796716720985 33 21 7
0.48035743137297415 0.24396672822046422 2.3006837618208866 78 70 47
0.3074404767629301 0.40660603987154054 1.99254939906184 167 136 116
0.37030918577073185 0.3423676732443577 2.0282632563646805 50 35 19
-0.0009494457509255163 -0.2727504318579272 2.446776268582 150 147 134
0.1749282191314129 -0.26468878570784576 3.1468610088261815 181 182 174
0.2547262463038067 0.05615738322469351 1.9800330298676143 64 67 75
0.43160360272176124 0.25348102521076077 2.103796066816045 161 145 129
0.44180026338512807 -0.0848173439038496 2.9032239357165084 178 182 175
0.15528832717192517 -0.3044008927016903 2.4739010414128404 114 99 73
-0.36399223772543227 0.11880138161345712 1.9015242688537934 56 63 81
0.46368093473733807 0.2967817755821562 2.2304071726798815 112 102 67
0.46395002442310274 0.05249329335831087 2.0275267232457796 124 112 105
0.42360268290796566 0.308795114866522 2.109602701040911 33 20 7
0.42922518189758985 0.28781358268151536 2.106877678385353 58 44 28
0.39103482431760384 0.2689345561948806 2.020617710590094 171 128 107
0.452329286850907 0.3400585613189674 2.219272252722959 108 105 50
0.30645124567274906 0.2939711286460856 1.9163097408106087 158 133 111
0.1179945457430353 -0.23216124952824996 2.387247768524005 160 161 151
-0.3903011052457652 -0.16018850444105054 2.3031683714322226 184 158 141
-0.028610375417042127 -0.2227930949028425 3.088442178453759 143 139 126
-0.0860402194788878 -0.04546520066245709 2.156287405414351 176 178 170
0.40419046014283705 -0.18369390828615545 3.0192256893810114 174 178 175
0.020229591865734822 -0.13875615743445338 2.2613129362012976 211 201 185
0.038421208802934356 -0.34770059847470697 3.2904321802711483 182 181 176
0.32230778597805343 -0.1914213638952062 3.0431916731112496 180 179 170
-0.0760694399226186 -0.2613325056123615 3.1607238567803635 184 184 177
-0.42168261009264385 -0.04417538667004022 2.1486189947046097 100 105 120
0.30976470270719914 -0.042499241142237534 2.108297580708444 164 160 147
0.3833801220847373 0.29420278526207067 2.004224146190676 147 106 89
0.38608908862026703 -0.14907738623361017 2.9715060929343884 181 185 182
0.4778315541272407 0.10171685184396947 2.188359149848434 137 116 81
0.42805185985944627 0.22668606865585245 2.058114390436607 196 141 123
0.3294468968490025 -0.16692471674721698 2.289591351563387 115 127 147
-0.02066276145440259 -0.2530514960394102 2.419214462017191 161 105 107
0.2950004305743995 -0.07369871653978488 2.1589952555757885 136 78 75
0.4827868554688351 0.1079222897372174 2.262203011353337 74 65 45
0.35678386417972313 0.019832372182944442 2.0309756132606904 26 35 57
0.3833096965989742 -0.19884588555718066 3.043984786544896 179 183 181
0.3237890759332154 0.40712906354326733 2.015844189592421 145 115 96
0.01098834314132319 -0.010275065146279303 2.0786071437780627 184 187 176
0.29636346784143863 -0.011857707965905274 2.067959146329409 84 73 56
0.42073314726737565 0.3264031947793923 2.1194563280191825 113 99 82
0.10042537049463593 -0.29825230277247466 3.22449393356728 177 178 171
0.48073952161345496 -0.10193707254335574 2.248546538569202 60 51 44
0.33784859343002116 0.10305703414063631 1.9321378505272524 99 110 137
0.4519196626557283 0.18170674530369615 2.1335777575137906 128 112 90
-0.3618175783312346 -0.024014225262429304 2.105576981481702 152 131 123
0.42233264273026133 0.2254846903461538 2.0461462576552623 126 44 35
0.4054917239242762 0.1813640670821124 1.9736154403590602 167 135 105
0.3284970419373326 0.4250957611172907 2.0351647136294857 133 121 104
-0.008688243019615455 -0.10428495062714115 2.211329923023494 69 73 67
-0.10541864307837641 0.17658000270023744 1.8346141648250205 67 77 104
0.22353608944536338 0.29636538329344664 1.853822056556593 142 120 104
0.25897944736805517 0.4124166397288457 1.9626853312035235 141 121 94
-0.2360065688401945 0.1340777098245502 1.896669560200836 44 57 76
-0.2474902512179654 -0.10489814231454 2.227447166482254 187 155 132
0.1184745217732214 0.3454905125075513 1.8277677086070092 142 106 85
0.25463515822693417 0.4888358797532022 2.0081103273521914 76 63 34
0.40646343045080624 0.24532264263216938 2.027312416293465 147 83 67
0.20206868307605869 -0.010283061532244916 2.0772270611974726 47 53 52
0.237278835267472 0.4975902567433171 2.0016869822078354 112 105 78
0.189238726267454 -0.017575613561405787 2.0853710717302576 92 93 83
0.3358768993473565 0.36096614919194153 2.0022265027464243 140 126 108
-0.12158722039380628 -0.1527011745892558 2.287876588788137 164 164 151
0.10536646269955556 0.3214374170765827 1.8129557185367673 127 117 102
0.35145299472230895 0.20561895819217757 1.913884511792361 123 112 102
-0.17014442254699266 -0.2014192129731005 2.3567708510594687 243 186 184
0.21127141303618396 0.28571027070239374 1.84091780698802 110 100 95
-0.16943346495399295 -0.03272369721579091 2.123874254713196 190 159 121
0.4588924845850061 0.13857511309405804 2.0928969119022414 149 144 123
-0.30875984884457613 -0.022555984031238763 2.1145401588735617 209 183 163
-0.15119915944811593 0.15578229066021382 1.8670703527406987 77 87 105
0.2130299372367663 0.13018309988203117 1.8812795289086846 159 160 148
0.20569567049897855 -0.08353832536587993 2.1743979953729986 149 134 100
-0.12362270793914142 0.15836810355341996 1.860208757588089 91 97 110
0.2782542902558969 0.4456449228885546 1.999757256599144 81 44 18
-0.06617083594177432 -0.11321892740709168 2.228888432086919 201 203 197
0.34478187788993064 0.37189740783537556 2.019072118474832 70 62 47
0.06581584867139524 -0.2123026994197036 2.367558597590146 163 104 105
-0.006551875693809683 -0.04420358560514623 2.1309608317173003 220 224 215
0.06831836761733874 -0.20248732846312725 2.3486507797019742 232 167 167
-0.06955365506078003 -0.07133288391638279 2.1668942502524833 109 112 107
0.19821975381862755 0.42735122815215515 1.92481744134514 111 100 72
0.3962518180730116 0.328845121778399 2.0714248517428238 140 129 110
-0.07432598711823477 0.12432702578843768 1.9024781685283894 225 195 176
0.3424818356096193 -0.1644292166679995 2.2799536505275557 32 44 66
-0.45378664987596706 -0.15829691857216419 2.3060130687953624 139 123 90
-0.49773099418775674 -0.1522822839560824 2.3022666411590182 100 104 121
0.2783710838233951 0.4048585576084244 1.9700990812364212 72 52 41
0.30625899385455596 0.24416610815879555 1.8892652063621656 143 136 124
0.24331386546813724 0.02590981468234245 2.021909993114317 120 121 109
-0.04940904682335322 0.19424557661788497 1.8024865406415813 157 152 126
0.25506491729013836 -0.265626245698499 2.4183284670225187 164 160 140
-0.4683202726326292 -0.10870748025317278 2.22623789022901 121 109 78
-0.15908718492814983 -0.11465862953213471 2.2323888622591004 35 44 43
-0.23713141912638036 -0.2801929104060956 2.461418693514454 194 201 213
0.19912658530683594 0.3552167431218512 1.876847606393198 130 110 79
0.16204049306898305 -0.2832781273345492 2.455584374483051 133 141 146
-0.41165397434854006 -0.05252748132969253 2.161315943013081 47 61 83
0.2654501426598186 0.33810517841302296 1.9121830843560637 163 137 123
0.44193935885349794 0.12348960770722696 2.0205221866526926 126 121 103
0.10392677218959523 0.39945005102200926 1.8668950114533576 168 134 93
0.17258438400704124 -0.015652108649809243 2.0826810500576003 102 105 99
0.4660133232977811 0.1893422480403215 2.1570761812022563 81 64 58
0.41557654543177525 0.2314265935492831 2.037510775451725 196 122 110
0.3568359612910243 0.4217876861244919 2.070955803818015 135 124 105
-0.04653726194227059 0.16091392284399872 1.8501710356450076 91 101 114
0.35190374348402464 -0.1512895364799826 2.260853400282705 58 69 87
-0.2011391303465038 -0.29211061596473054 2.4828240041618486 162 166 169
-0.3467352112415665 -0.18545173441319796 2.3425958814313064 109 112 120
0.05436031660426566 -0.08216310195419399 2.1814096582513978 47 53 55
0.40053769412153745 0.3820584543660481 2.0985326882975412 56 48 32
0.2666932961980112 0.43398536074266614 1.9803518077661562 135 123 102
-0.08470125713465156 -0.030788903384016117 2.114957670238386 183 185 178
0.24469842560136884 -0.25283234460349907 2.4081238176225415 156 145 105
0.10725568855025035 -0.2840241386644609 2.4596751676107607 91 100 121
-0.20283848994860768 -0.103068583411031 2.218249793829716 178 180 173
-0.3362925546679962 -0.2353407989536734 2.403953949538336 214 221 227
0.24516528158021358 0.04761557065422767 1.9918376483604396 150 140 119
-0.15945081970803932 -0.29969133429994643 2.4851008305034936 214 222 228
0.16878717826426584 0.44407642890580906 1.9245404928661698 139 119 81
0.1925610855884186 0.14051959366474656 1.871962627724648 170 174 163
0.004623968340366514 0.19436198315192585 1.8039066392315675 149 141 112
0.3356401799329569 0.43400993658263176 2.0532468817482044 47 37 22
-0.1185277961788636 -0.19044521441388104 2.3371374654550237 223 130 136
-0.4262657958851353 -0.18192403868056012 2.3317550796922517 170 160 133
-0.0019244559874479611 0.18269854229477392 1.819422676004421 49 58 73
-0.17558825417127857 0.1426999630178694 1.8805438476338643 74 79 94
0.22256841662295151 -0.21696295811198404 2.3598948847408336 161 121 88
0.3515167992273316 0.368908381185285 2.030072983881049 43 39 30
0.008856136284871835 0.018493009583546244 2.044277711637824 171 164 151
-0.34196762926853236 -0.07398653318481631 2.1975234345483914 185 125 92
0.3794798460054011 0.40371601281597996 2.092902629955515 84 73 57
0.2642175184880652 -0.1000427405024659 2.2027888764464714 147 42 50
0.25293100298654386 -0.19599766397130866 2.3296035830589763 203 205 201
-0.29221946067639687 0.035995864209642174 2.0290750447288812 157 159 152
0.45253280994912387 0.15543687635117065 2.078561325188947 115 93 73
0.4230499030790752 0.36064104125614266 2.1510490558319297 90 83 67
0.39512664931831043 0.2037433686467543 1.9647921217845878 136 98 60
-0.10016093053008507 0.04329650032277308 2.015652254698018 202 150 113
0.3467721795933102 -0.08879501248919755 2.1768016953848934 25 35 57
-0.10231197722368292 0.16099780985946338 1.8566765383573676 52 62 79
-0.030484955592913147 -0.24053735664646492 2.4064719502587844 115 96 88
-0.06283747457213781 -0.08323900425875215 2.18205450110996 108 114 113
0.2833354904672552 0.10969504429000414 1.9101726752042487 152 146 117
0.3790987990780695 -0.10869856521959798 2.205129329923232 46 55 82
-0.22139644031600222 -0.2867103282915372 2.4720264770166107 135 144 150
-0.22743678938843845 -0.25942758437861557 2.4462063295525036 158 164 171
-0.16965667958179553 0.09467570666041199 1.949906748021535 168 130 109
-0.17025184224754408 0.1500247439896613 1.8698497614744471 82 88 99
0.24566564643513925 0.2976135646720639 1.8693578524674976 80 79 56
0.39925358822467055 0.23794076574164402 2.015755673684517 127 49 39
0.16828955879697538 0.41516560171074146 1.9058927027283035 145 105 70
0.04175195407111247 -0.10494191146418545 2.2147857886017515 81 85 79
0.2522197518737163 0.3266428889823587 1.8993092938896583 157 140 123
0.18059139307081923 -0.0717978415108885 2.157721169581865 186 188 177
-0.07001032968551091 0.052882658401272924 1.998799914976777 192 120 86
-0.08139008983626282 0.02573080841038489 2.0471128792288367 182 163 140
-0.14433048541547602 -0.13978488435119749 2.2654544572565576 198 198 191
0.39817372668941114 0.2593132149904632 2.02846133730207 128 72 58
-0.09281958222800667 0.08347554752184698 1.9643669185748232 195 149 104
0.13463747908744333 -0.1567281990381617 2.276634880797927 198 118 126
0.3461105130278459 0.3899106029191639 2.031374574681774 114 102 85
0.4345737699082938 0.343006030089449 2.1590331630299677 116 105 87
0.1575676321311596 0.14281315567640215 1.8700047783732552 161 127 107
0.23344812011252442 0.33749334921454804 1.8920043721005355 101 71 58
0.2538927946452565 -0.08503755648597743 2.1753995627274962 181 160 133
0.27773549124018115 0.17935157024312787 1.8105537362203155 65 56 54
-0.18758348619009066 -0.1695640302176339 2.313088586159574 42 49 44
0.2095220494577991 0.02834334088457457 2.0210551960283056 177 186 182
0.28670207225684835 0.058241288222092895 1.9738636477119194 103 112 129
-0.3849829854357643 0.08631034213504689 1.970950753952322 59 65 76
0.16438678823155922 0.361339629751487 1.86649791097578 125 93 67
0.2260780709120331 0.3349973632519781 1.8849458981288756 116 89 74
0.44996362382094257 0.06974846299758702 2.0071937334638377 111 93 67
-0.03597143258862443 -0.2890167347001132 2.476889959393954 175 183 192
0.3240976447711733 -0.10580891463418436 2.2010676832395495 179 153 144
0.063899464928925 0.16276192807873266 1.8480347892574436 173 176 165
-0.05305940206027818 -0.030174823776366305 2.11172381580257 166 167 158
0.3129683490598554 -0.1770180771729809 2.2928477247761596 139 150 166
-0.2641976209349865 0.1322502151256109 1.8912705290005132 101 112 135
0.41080038391636603 0.3379469872955896 2.0951689283733224 129 118 102
0.3954668058589187 0.1893991491114691 1.975250730004012 151 116 82
0.375881178215709 -0.06431249149898273 2.144132361140347 116 128 145
0.24305107483347962 0.28211883493951373 1.8587578473263708 87 77 59
0.3065027065971317 0.3841463983928964 1.9852189036219239 117 90 60
0.20755703695888386 -0.2534297500132593 2.4080443376042564 195 144 124
0.3970899278631411 0.39816305405842817 2.12165960840612 161 151 133
-0.11979090063798896 -0.30684805134457105 2.4912311792077 181 187 191
0.24621069595446216 0.12265328374931452 1.8911427782887242 142 142 126
-0.004184950120310204 -0.3126278134370397 2.501948319215987 102 108 112
0.23340674120773688 0.3805056978078334 1.9200349856972312 104 86 64
0.2671836036923035 0.07410938650685468 1.9573680768810464 112 121 133
0.3314442285188304 0.41130391631623414 2.025652570939295 111 104 92
0.36917543576166134 0.3908612973630263 2.0716604801831693 165 155 137
-0.026582625390803877 -0.3130547317087288 2.499679842064904 137 146 152
0.10432435057814303 0.12169862704708947 1.9015258569211886 141 96 63
0.304380274534494 0.04697109745385955 2.001470485835568 48 54 76
-0.09983458631655609 0.0712435877879931 1.9773468228795879 202 144 100
-0.00798832415715539 0.01447241145647514 2.052181451362863 178 156 129
0.36446975555426253 0.29923845283728356 1.9903446634133797 169 138 117
0.07581828315596238 0.01526573311624306 2.0451027080553024 189 191 180
0.33691847375578327 0.21892214070173213 1.9072357032875513 117 108 102
0.18390605587160877 0.019509430851021022 2.038025443676744 137 139 130
-0.035488205936884815 0.1448494709676152 1.87050631827673 155 163 174
-0.24502521737942295 -0.20707838520634433 2.3667486776733164 101 102 95
0.13042553854098748 0.005792160799429664 2.0613168328964577 201 204 197
0.008876396892754334 -0.09529045206271376 2.19746498716007 150 152 144
0.26243428067961133 -0.14003476947765905 2.2546102160439783 182 180 167
0.15440955141542861 0.168639326295841 1.833969739066447 150 141 112
0.11046717705798711 -0.33272595218902423 2.496485874652527 90 101 130
0.37906833398140066 0.4746684208196313 2.1346348396368606 84 72 55
0.4325959961793574 0.30196836989889686 2.1389773988328415 77 75 65
0.3113919629834745 0.31441105883845155 1.9424425834058772 205 153 140
0.3431155180749724 -0.019984639282086162 2.0820867838945127 53 51 64
0.2519104445147962 -0.09576746785309019 2.1915507346479832 255 199 197
0.28859089755753875 -0.11976927135142176 2.2376283204279095 217 173 165
0.2644407861986687 0.450987831146456 1.9874281890733279 76 65 46
-0.24181981903093444 0.1505954162992186 1.8753777197022798 27 43 69
-0.031197190599178203 0.17581260009283167 1.8276707226129156 98 108 121
0.2957086126390728 0.04942641354545095 1.9881602421383042 61 70 84
-0.422615083154088 0.02463280230068461 2.0568410908132577 99 107 117
0.3112250229648982 0.03870126133853639 2.0061698776057417 103 110 120
-0.1540122642105481 0.12635942751801096 1.9014374348925822 117 117 109
0.24447356652316013 0.34411348112226015 1.9030232961162963 70 47 26
0.27806665193899976 -0.19407440624003228 2.320884791767699 115 122 143
0.40741713510809136 0.3110095427446563 2.077153895000968 93 82 64
0.3129941572696006 0.4197006317890411 2.015061965505203 105 77 65
0.17280246904888188 0.13741203709568536 1.876069915538849 158 156 142
0.09089738462140487 0.17355584667530788 1.8302986489231883 178 182 171
-0.2545716218766584 0.12527698686523173 1.9051704282221524 141 145 153
0.18140706710944426 0.48120604810683876 1.9570541041624978 66 57 37
-0.06005488882364332 0.1727681628620076 1.8363525903957016 156 167 185
0.010432113264202717 0.17492336108494833 1.8314507899892756 73 85 99
0.35852612837508885 0.35219047434137973 2.023806023320968 176 162 142
0.07944186160344277 -0.2546197681069745 2.427163865664304 163 171 176
0.2822993959181241 0.06289474780471872 1.967243050547782 63 69 83
0.3741988754944432 0.368222122276632 2.0565394865763027 67 61 48
0.4016027240035339 -0.07328460767380895 2.146751541020904 120 113 81
0.20936381182116232 -0.2312214585033057 2.381507019813838 206 171 138
0.4391559443985799 0.2011092648294647 2.052281913226357 165 108 91
-0.05024296500535666 0.06708923794233883 1.976007708613803 207 196 179
0.3026555679998245 0.06534760336126404 1.9655556373029373 146 158 177
0.3398272398421782 0.1986403137398279 1.8810239815854657 135 126 122
0.29324181676029165 -0.18924710557810467 2.3304425896366876 50 64 89
0.07482953394248394 0.1510439594871298 1.860947728116358 196 185 168
0.2824391428571211 0.48558853959985393 2.03002854407182 124 117 62
0.30202209142055003 0.46509742969853707 2.0406927626610463 100 70 19
0.2534063579789752 0.07855445173070953 1.9460146018400357 184 190 201
0.24256176411300773 -0.06056256115445304 2.147662824753571 165 167 154
0.034689166722836506 0.36216067455004025 1.820632065656802 116 85 61
0.26718891911710435 -0.15981123467106154 2.27919388268405 133 137 149
-0.2492214095837519 -0.26711164055742015 2.4475738159224023 46 58 76
0.29692297602586865 0.4624381084052851 2.0251628262089607 114 85 38
-0.21022179500301932 0.16013365333802546 1.8616588496067668 107 117 132
-0.3992668937501439 0.16680062087668543 1.8600497288428284 93 112 143
0.44209063780036256 0.32423194434206315 2.176286530423648 128 122 103
0.26384275237789895 -0.14921278015819767 2.268175730135068 188 158 151
0.29841406387577624 0.05981906913049131 1.9813061782282742 56 70 100
-0.26801892631944646 0.07919851736986586 1.9706259285075385 182 184 177
-0.006748223422309714 0.12478915970079883 1.891927234217608 200 158 141
-0.1394017651568294 -0.05175878479405123 2.147155221235895 194 197 187
-0.1413221941482124 0.08886677982525981 1.953401006093421 117 91 77
0.08680628919520388 0.07150283225438833 1.9671298051882822 193 128 84
0.19524097767753615 0.3116964085622094 1.8470481296604206 113 111 100
-0.2954949639391887 0.09984580322256882 1.9436925031679642 76 82 98
0.47368418229447096 0.11751302481824463 2.1450935795188877 141 124 111
0.3309125636383986 0.20071076823657089 1.871700683840057 113 103 99
0.22715104593649416 0.524221830259196 2.0109583435187446 145 137 98
0.4334912157820887 0.09597634851004672 1.97554254332811 109 94 84
0.3529293561691852 -0.10605575771726856 2.210279942067389 55 62 90
-0.3907517418778441 -0.19202691319190762 2.34900880936935 196 197 183
-0.1388871952605754 -0.1643500904482478 2.300372292357977 159 161 152
0.18291762896288133 0.3117271856961137 1.8383387773660143 138 121 107
-0.29923139863179876 0.11166657311051356 1.941354873425328 164 169 178
0.07138514962288661 -0.1092703094690369 2.2053309957305705 181 183 173
0.13015316935113594 0.041039664537240124 2.0157409856507993 171 163 148
0.26371967275273694 -0.20391142123036834 2.341325290533927 75 85 101
0.06685963486412491 0.35371808572777463 1.8167518700662282 124 108 84
0.03663413264253622 -0.28349635113938626 2.4638246574683023 51 61 74
0.10195013193222045 -0.009124644619304336 2.076606984018722 179 188 193
0.3692841308251522 -0.0959118105609474 2.1883938284647324 69 75 87
0.328797953669269 0.21337106184706228 1.8846934624871943 130 122 117
0.3394403668006568 -0.1781662471149758 2.3049537722699616 61 73 95
0.2763590980865163 -0.14732449215729296 2.263730642557137 125 121 107
0.08613219187589359 0.4043718501498037 1.8464284523196923 146 121 88
0.3521952588152487 -0.11596955713121014 2.219072179558963 80 75 82
0.3672344679853217 -0.019137518103766696 2.0802194684908386 69 73 78
-0.1028423749085181 -0.30670558478963966 2.49376867903199 203 211 220
0.13678730913402543 -0.015032552683956157 2.0834974523277805 39 39 37
0.25629149913705723 -0.31599228502132165 2.465602615506961 116 137 176
0.39954305801895507 -0.0815774636922297 2.166138037078801 119 107 80
0.3078942588085094 0.07860609864862557 1.9459173401261742 81 75 77
-0.22007172369634057 -0.06505138627010608 2.1670839253137517 231 190 139
0.1496671942180226 0.07328947375767582 1.9604416717372113 222 176 143
-0.14906366194721254 0.11199414687983601 1.9235896371215027 135 137 128
-0.22469409349378883 0.09617131409642478 1.949183822679387 141 140 133
0.33142480576405187 -0.16021261286869096 2.26627279244888 33 45 71
0.10867279868750593 0.10357035570598934 1.9254823020544678 174 132 91
0.03567845604869677 -0.12049542352626445 2.2345233695285636 192 194 184
-0.25214585885860863 0.14642016689699866 1.8797443482553404 60 73 99
-0.027791130313879375 -0.16140110349030468 2.296220835189369 170 90 98
0.264151985859855 0.025650819839752436 2.023519656121116 74 79 92
0.2757612143075256 -0.13669614341133235 2.24872944024197 161 164 154
-0.269590669408941 0.1404537660449147 1.8879181904686866 151 164 182
0.31898378071765104 -0.17995918089606935 2.2959598052930406 182 190 203
-0.008975372667945939 0.10556471744933872 1.9191225353878358 182 140 105
-0.21858683922970484 0.14902457199823335 1.878470169204895 54 67 96
0.019503201673283316 -0.31177256341134263 2.5002172427460088 83 94 105
0.33430518587493724 0.28239631259204845 1.9392941469875224 148 108 91
-0.13475538024072078 0.06504830476629572 1.983551731108736 200 132 103
0.2073310069693673 0.3178073575300174 1.8686815266446062 110 112 97
0.07039329514834348 -0.012381879664660235 2.087273200927478 25 28 28
0.13753806107617875 -0.2355793428496231 2.389941093740589 173 166 141
0.14312408178949798 -0.27330535810691625 2.432688695981783 55 65 83
0.022756898555691487 0.027300865766404846 2.0353526027251836 194 184 169
-0.2683001346130277 0.06654423482493219 1.989976448673558 199 201 194
0.14717070087362227 -0.09106422260482042 2.204148059570647 159 159 147
0.14357090644566955 0.32532482432210574 1.826483303930302 108 94 71
-0.4126084476548948 0.06705085594393918 2.0052548765991407 61 62 71
0.2836316624996657 -0.16570501575991248 2.2875234030961797 45 51 72
-0.48097198689590953 -0.0490708988948522 2.1523721623019307 152 142 111
0.20389064920220168 -0.06102691253104365 2.1401556755289084 190 192 182
0.5163977028384577 0.3161715564278364 2.344161875901032 176 177 168
0.24521325125196883 0.35517980624513434 1.9089364252507224 127 98 64
-0.3305803960903414 0.047639389708916215 2.0170100921184484 107 102 89
-0.0067879403110548305 0.0027574802350727404 2.0620326260673423 198 200 190
0.43154968224973245 0.32026799169877557 2.142955962085521 155 147 129
-0.03548395628014613 -0.03474231895982314 2.1186091853801186 193 195 186
-0.3024049601034097 0.09027702117148884 1.9671975885152313 131 130 118
0.25794344602300867 -0.024851710020595646 2.0957808072440263 173 171 157
0.21207787918592505 0.048719041923992845 1.9892561645342925 53 62 65
0.37423504481604875 0.3398258347962128 2.0334577287797515 101 89 74
0.018613953283777834 -0.04513773546566274 2.131055132353996 128 128 117
-0.37259860116803883 -0.01207365276780828 2.103974235412789 183 166 151
0.19620208250482055 0.5042578126023601 1.9783722423459416 137 103 61
-0.06307939995846533 0.13953832631455854 1.8856340784143295 174 176 166
0.4190126856141759 0.19391756317455952 2.0266022400112202 166 134 117
-0.2734049573437684 0.11298748725728654 1.92610062909949 148 155 169
0.30866353921450534 -0.16119677217518139 2.278725405836409 118 122 128
-0.3977947613448602 0.05778831321811631 2.0055650125857376 92 85 85
